candidate_id,python,sql,machine_learning,deep_learning,statistics,data_preprocessing,model_evaluation,dsa,java,spring_boot,javascript,react,nodejs,docker,linux,kubernetes,cloud,aws,nlp,pytorch,tensorflow,projects,internships,experience_years,learning_hours_per_week,certifications,github_projects,ml_engineer_ready,data_scientist_ready,data_analyst_ready,backend_developer_ready,ai_engineer_ready,devops_engineer_ready
100001,0,3,5,5,4,5,1,0,3,5,2,2,3,4,4,0,4,5,2,1,5,10,2,3,15,6,4,1,1,1,1,1,1
100002,4,4,3,3,3,4,4,4,0,4,1,0,4,1,0,4,5,1,3,0,3,2,3,4,5,6,5,1,1,1,1,1,1
100003,3,1,0,3,5,1,1,3,1,1,0,2,1,1,0,0,3,2,3,2,0,6,0,3,20,6,5,1,1,0,0,1,0
100004,2,2,5,2,2,5,3,5,2,1,0,5,3,4,5,4,3,0,1,1,0,2,3,4,9,6,6,1,1,1,0,0,1
100005,2,5,5,5,4,5,5,3,3,2,1,1,2,4,0,0,3,2,0,5,4,9,0,2,23,6,5,1,1,1,0,1,1
100006,5,5,1,0,1,0,1,4,1,2,0,4,2,1,3,5,3,4,4,1,3,8,2,0,26,3,2,0,0,1,0,1,1
100007,0,2,2,1,5,0,2,2,4,1,5,0,0,0,5,1,1,4,4,3,2,7,2,2,11,4,5,0,0,1,1,0,0
100008,4,1,0,5,0,1,1,2,5,0,0,1,4,2,3,5,0,4,1,5,3,3,0,0,19,1,1,0,0,0,1,0,0
100009,1,1,4,2,4,4,2,2,2,2,2,3,2,0,0,2,0,2,1,0,2,6,3,0,28,4,6,0,1,1,0,1,0
100010,0,3,4,1,0,3,1,5,3,2,5,5,5,3,1,3,2,1,0,5,2,8,1,1,17,5,3,0,0,0,1,0,1
100011,3,3,0,2,5,3,5,2,1,1,0,3,3,4,0,2,4,3,1,3,1,6,3,0,7,3,8,0,0,0,0,0,0
100012,5,1,4,1,5,2,1,5,1,4,3,4,1,4,0,4,5,4,2,0,5,6,2,4,4,4,9,0,1,1,1,1,1
100013,4,0,2,3,4,2,3,1,0,1,1,4,4,2,2,1,1,5,4,0,3,5,1,2,9,2,6,0,0,0,0,1,0
100014,4,2,3,1,4,3,0,4,5,5,1,0,0,2,2,2,1,4,5,5,1,5,0,4,6,6,5,0,0,1,1,0,1
100015,4,4,1,2,2,0,2,1,1,0,2,5,4,2,3,1,0,2,5,2,4,6,3,2,15,1,4,0,0,1,0,1,0
100016,4,0,4,5,1,3,5,2,4,3,3,2,2,4,4,4,5,0,2,4,3,9,1,2,5,5,3,1,1,1,1,1,1
100017,3,2,2,0,5,1,4,5,3,5,4,1,0,5,3,5,0,4,0,1,1,2,2,0,3,5,7,0,0,0,0,0,1
100018,0,0,5,4,3,4,1,4,0,1,3,5,3,5,3,3,3,2,5,1,0,6,0,3,7,1,9,0,1,1,0,1,0
100019,5,1,0,0,4,1,5,2,0,3,0,2,2,2,4,3,0,0,0,5,4,8,1,2,5,1,1,1,0,1,0,0,0
100020,2,3,3,2,4,0,4,2,4,4,1,4,1,0,1,4,5,1,0,2,2,2,2,2,8,4,9,1,1,0,1,0,1
100021,3,1,1,4,4,2,2,4,4,2,3,2,0,0,2,2,5,5,4,0,1,1,3,4,22,6,5,1,1,1,1,0,1
100022,2,1,5,5,2,2,5,0,3,3,1,3,3,5,3,1,4,1,0,2,1,10,3,4,14,3,6,1,1,1,1,0,1
100023,1,5,3,1,2,3,1,5,2,3,0,0,2,5,4,5,1,2,3,1,0,8,3,2,8,1,1,1,0,1,1,1,1
100024,5,1,4,0,2,5,1,3,2,2,3,2,1,3,2,4,2,2,5,1,4,3,3,0,11,6,1,0,0,1,1,0,0
100025,4,1,0,4,3,4,5,1,4,2,1,2,3,0,3,0,5,2,5,4,5,0,1,3,13,4,0,1,1,0,0,0,0
100026,3,5,4,5,4,2,5,4,1,2,5,1,5,2,1,3,5,0,1,2,4,5,0,4,2,2,5,1,1,1,1,1,1
100027,2,3,0,3,1,4,4,5,0,0,5,5,5,4,1,2,0,2,1,1,1,7,1,0,24,2,1,0,0,0,0,0,0
100028,4,0,2,0,1,3,1,2,1,2,0,3,1,4,4,1,5,4,1,0,5,4,0,2,25,0,3,1,0,0,1,0,1
100029,3,2,1,3,0,1,1,2,1,1,4,5,2,4,5,4,2,0,2,4,2,7,2,1,25,5,5,0,0,0,0,0,1
100030,2,3,0,2,3,0,3,5,1,2,5,0,4,4,1,4,5,2,4,3,1,8,2,2,25,3,0,1,0,0,0,1,1
100031,2,1,3,2,4,0,0,2,2,1,3,2,0,0,5,2,2,4,1,5,2,3,2,4,27,5,8,1,0,1,0,1,0
100032,1,3,1,0,1,1,5,5,4,3,3,4,5,4,3,2,0,5,1,2,3,5,0,2,12,1,10,0,1,0,1,1,1
100033,0,3,3,1,4,4,5,5,4,0,2,0,2,5,5,1,2,5,2,0,3,8,0,0,24,0,8,1,1,1,0,1,1
100034,3,1,4,5,0,2,4,3,1,0,2,1,2,2,4,3,4,3,3,2,3,3,1,2,28,0,0,1,0,1,0,0,0
100035,5,4,1,0,5,2,5,0,2,1,0,5,5,3,0,5,4,0,1,2,2,3,1,3,16,4,5,1,1,1,0,1,1
100036,0,2,4,5,4,2,1,0,2,3,0,0,1,1,0,3,3,3,0,2,3,7,2,4,30,6,3,1,0,1,0,1,0
100037,5,5,1,3,4,1,5,1,2,1,4,2,0,4,5,0,5,5,5,2,4,4,2,0,29,5,3,1,1,1,1,1,1
100038,4,0,1,3,4,4,1,0,5,2,3,0,5,2,4,4,4,3,5,3,1,5,1,1,13,4,3,0,0,0,1,0,0
100039,1,1,3,5,2,0,0,4,5,0,1,2,4,5,5,2,3,4,2,4,1,6,3,1,2,3,8,0,1,1,0,0,1
100040,3,4,3,1,5,3,1,3,5,2,2,4,2,3,0,4,5,1,3,1,4,0,1,0,21,0,3,0,0,1,1,0,1
100041,0,5,3,5,4,5,4,2,2,2,3,2,0,2,0,2,1,4,2,5,4,7,2,1,23,3,5,1,1,1,1,1,0
100042,4,1,1,1,1,5,5,4,4,1,1,2,3,3,4,2,0,0,2,0,3,7,1,3,26,2,2,0,1,0,0,1,1
100043,4,5,3,2,5,2,3,0,4,0,1,5,4,0,5,2,5,2,4,3,4,8,0,3,13,0,3,1,1,1,0,1,1
100044,2,1,1,2,4,5,1,3,4,3,5,2,0,5,1,3,4,1,2,3,5,1,1,3,24,1,6,1,0,1,1,1,0
100045,0,2,1,3,1,1,3,2,0,1,2,3,1,2,5,5,4,0,4,4,2,0,3,1,5,4,3,0,0,0,0,0,0
100046,5,1,5,1,5,1,3,0,5,2,2,3,2,2,0,5,2,4,1,1,3,10,1,2,8,5,8,1,1,1,1,0,0
100047,2,2,0,4,1,2,3,2,5,4,0,4,1,2,1,1,3,0,1,4,5,0,2,4,26,2,3,1,0,0,0,1,0
100048,5,5,2,0,3,0,2,0,4,0,0,3,3,3,0,0,3,5,1,0,4,8,3,3,18,4,2,1,0,0,1,1,0
100049,4,4,2,3,4,1,0,0,3,4,3,4,5,4,3,4,3,5,2,2,1,8,2,2,6,6,7,1,0,1,1,0,1
100050,4,4,1,3,5,5,2,1,2,2,1,5,4,3,2,4,1,0,5,2,2,4,3,2,14,0,8,1,1,1,1,0,1
100051,4,1,4,3,3,4,5,1,1,3,1,5,3,0,3,1,2,2,3,5,3,3,0,1,8,2,2,1,1,0,0,1,0
100052,1,5,2,3,5,1,2,3,0,0,1,2,5,4,1,0,1,0,1,5,1,0,2,4,10,0,6,0,0,1,0,0,0
100053,2,2,4,4,1,1,0,4,5,2,4,1,4,3,3,0,2,1,0,5,4,9,1,1,9,1,8,1,0,0,1,1,0
100054,2,3,2,5,4,2,2,2,1,2,5,1,3,5,2,2,3,5,1,3,5,3,1,3,20,5,10,1,0,1,1,1,1
100055,2,4,5,1,1,0,2,3,2,1,1,4,0,1,1,1,1,2,2,0,3,10,1,2,22,5,8,0,0,1,0,0,1
100056,0,3,4,2,5,0,3,0,2,3,1,5,1,4,5,0,2,2,2,4,3,7,1,4,2,6,5,1,1,1,0,0,0
100057,3,3,1,3,4,5,3,4,4,3,4,1,5,5,5,4,2,5,1,1,4,0,1,1,7,4,8,1,1,1,1,0,1
100058,0,2,5,2,3,4,2,3,1,2,3,2,3,0,0,4,1,1,1,5,2,9,2,3,6,6,9,1,0,1,1,0,0
100059,4,3,5,5,0,4,0,2,1,3,4,0,5,5,1,3,4,1,1,2,4,9,3,3,5,5,8,1,1,1,1,1,1
100060,4,5,3,3,2,1,2,5,1,2,4,3,0,4,1,0,0,0,1,4,5,8,1,3,4,0,3,1,1,0,1,1,0
100061,5,2,0,3,0,5,0,1,1,4,4,4,1,4,1,0,3,4,5,3,1,10,2,4,20,3,5,1,1,1,1,1,0
100062,4,3,3,1,5,1,3,2,0,1,0,0,0,5,0,4,0,1,1,2,1,8,0,2,30,2,7,1,1,1,0,0,1
100063,2,1,4,2,2,5,2,5,2,4,3,5,0,1,2,2,2,2,1,3,2,6,1,2,16,0,6,1,1,0,1,1,0
100064,5,2,2,3,4,3,2,0,3,2,2,5,2,0,3,2,3,0,0,5,4,1,2,2,6,0,2,0,0,0,0,0,1
100065,2,4,0,2,5,1,3,3,2,3,5,5,5,3,2,4,2,3,0,4,4,5,3,1,26,6,4,1,0,1,1,0,1
100066,1,3,3,4,0,4,4,3,2,0,3,5,0,3,3,1,2,4,5,1,1,2,0,0,26,6,0,0,1,1,0,0,0
100067,5,1,4,0,4,2,1,4,5,0,4,0,5,5,0,5,3,1,4,1,5,4,2,4,29,6,2,0,1,1,1,1,1
100068,2,3,1,0,1,1,3,5,1,5,5,2,0,3,5,5,0,0,1,1,2,8,3,2,27,3,7,0,1,1,1,0,1
100069,0,4,2,2,0,4,3,2,5,0,4,2,0,0,3,3,5,1,1,3,2,9,1,3,10,2,1,1,0,1,1,1,0
100070,2,0,0,1,1,4,3,0,3,3,3,0,0,3,4,1,2,4,0,1,2,4,1,1,16,6,7,0,0,0,0,0,0
100071,4,0,4,4,3,3,2,2,3,2,3,5,4,2,2,5,0,5,0,4,0,2,2,0,27,1,0,0,1,0,0,0,0
100072,1,2,5,5,5,2,1,0,1,3,0,0,1,5,4,1,2,4,4,2,4,9,0,4,3,3,6,1,1,1,0,1,1
100073,2,3,4,2,4,1,1,4,5,0,4,4,0,4,3,5,2,5,2,1,2,7,2,0,14,5,0,0,1,0,1,0,1
100074,0,1,2,3,1,2,0,3,2,1,1,1,4,4,0,2,1,0,2,4,2,0,2,4,24,0,9,0,0,0,1,0,0
100075,4,4,0,1,1,5,0,4,3,2,0,3,3,4,1,5,3,4,4,4,3,4,1,3,22,1,7,1,0,1,1,1,1
100076,2,5,2,3,1,2,4,2,1,5,2,2,2,1,4,1,0,5,2,0,2,6,3,2,19,2,7,1,1,0,0,1,0
100077,1,3,5,4,4,5,0,5,2,2,2,1,4,5,2,4,2,5,5,3,0,1,1,1,24,6,2,0,1,0,1,0,1
100078,1,2,0,4,3,0,5,5,4,3,2,2,5,0,0,4,0,5,3,3,1,5,2,0,20,6,5,0,1,0,1,0,0
100079,3,0,1,5,0,0,5,5,5,3,1,4,3,1,3,2,1,3,1,2,3,5,2,1,20,1,7,0,0,0,1,1,0
100080,4,4,5,3,0,1,1,4,5,2,5,3,5,0,4,0,3,5,3,3,5,8,1,1,18,6,6,1,1,0,1,1,1
100081,5,5,3,2,0,0,2,1,0,4,5,1,2,0,5,1,1,2,1,3,2,4,3,0,22,4,9,1,0,1,0,1,0
100082,2,2,1,0,5,5,2,0,0,4,0,1,5,5,4,4,4,1,2,5,1,1,2,4,11,3,8,0,0,0,0,0,1
100083,0,3,0,4,3,2,2,5,5,2,2,4,3,0,5,4,3,5,4,0,1,4,2,4,9,1,6,0,1,1,0,0,1
100084,4,4,2,4,2,0,2,5,4,1,1,1,1,0,1,2,1,4,5,2,2,2,2,0,30,2,2,0,1,0,0,0,1
100085,3,4,3,3,4,3,2,5,0,1,5,3,3,0,4,5,1,4,3,2,5,8,3,2,12,3,3,1,1,1,1,0,1
100086,4,0,5,5,1,5,4,3,5,5,2,5,2,3,1,4,1,2,5,2,2,5,3,4,22,1,2,1,1,1,1,1,1
100087,0,4,5,1,0,5,2,5,4,0,3,3,0,1,5,0,3,5,2,4,1,5,0,0,13,3,2,1,0,0,0,0,1
100088,1,5,2,0,1,0,1,2,5,1,0,1,2,4,1,2,5,2,2,4,2,6,1,0,22,0,3,0,0,0,0,1,0
100089,4,4,2,3,1,4,2,0,0,1,4,4,0,1,4,3,1,3,5,5,5,9,2,1,9,0,5,0,0,1,1,1,0
100090,4,2,5,0,4,2,5,1,4,4,2,5,2,1,4,0,5,2,1,0,4,1,0,2,17,1,7,1,0,1,1,0,1
100091,2,3,4,0,4,5,5,5,2,4,5,3,5,0,3,1,3,2,0,1,4,0,1,2,14,5,5,1,1,0,1,0,1
100092,4,1,1,4,3,3,0,3,3,5,0,3,0,1,2,4,3,4,2,2,5,9,1,4,3,3,10,1,0,1,1,1,0
100093,5,3,4,2,5,4,3,5,1,4,1,3,4,1,2,5,1,0,0,4,0,10,0,4,14,5,7,1,1,1,1,1,1
100094,2,1,4,3,2,5,5,5,0,2,5,0,1,5,2,0,2,0,0,0,0,9,2,3,19,4,0,1,1,1,0,1,1
100095,5,2,1,4,1,5,1,4,4,0,1,0,3,3,0,3,4,3,3,1,1,2,1,0,13,0,4,0,1,1,0,0,0
100096,1,1,5,2,1,0,0,0,0,5,1,3,3,2,3,2,5,2,1,0,4,1,0,0,15,2,2,0,0,0,0,0,0
100097,1,2,1,3,0,4,1,1,2,4,1,2,4,5,3,5,3,0,0,0,1,3,1,3,16,2,7,0,0,0,0,0,1
100098,4,2,3,3,5,0,1,2,1,0,3,5,4,2,4,4,0,5,2,2,0,9,3,4,14,6,2,1,1,1,0,0,1
100099,3,0,2,3,3,5,5,0,5,5,0,2,1,5,0,5,3,5,5,1,2,9,0,0,13,4,8,1,1,1,1,1,0
100100,0,4,4,4,4,3,1,5,2,3,3,5,2,2,3,5,1,3,2,4,0,10,0,4,15,3,0,0,1,1,1,1,1
100101,4,2,5,2,1,1,1,1,1,3,4,3,3,5,1,4,4,2,1,0,5,3,0,2,6,6,4,0,0,0,0,1,1
100102,1,5,2,3,4,1,1,2,5,2,1,1,1,1,4,1,3,5,1,2,0,2,0,0,26,4,8,0,0,1,0,0,0
100103,4,1,2,3,1,5,2,4,4,1,1,5,5,3,2,1,0,1,1,0,0,3,1,3,18,5,5,0,0,0,0,0,1
100104,0,4,4,0,2,3,5,0,1,2,2,0,3,2,5,5,1,0,3,3,5,9,0,2,27,3,10,1,1,0,0,1,1
100105,4,1,5,1,3,1,0,3,2,0,3,4,4,5,0,4,5,3,2,3,5,0,0,1,7,2,2,0,0,0,0,0,1
100106,4,3,5,0,5,4,2,0,3,2,3,2,3,1,1,4,5,3,3,2,5,6,0,3,27,5,7,1,1,1,1,1,1
100107,4,2,4,1,3,4,3,5,4,0,3,4,2,2,4,1,2,1,2,0,2,1,0,0,30,2,6,0,0,1,0,0,0
100108,3,2,4,2,4,0,0,4,5,3,4,0,4,1,1,5,3,4,3,2,1,8,3,2,18,6,5,0,1,1,1,0,1
100109,2,3,4,5,3,1,0,2,5,1,5,1,3,3,1,1,2,1,5,5,5,3,1,3,21,2,0,0,1,0,1,1,1
100110,4,4,5,5,2,5,5,4,0,3,2,1,4,1,3,4,5,2,4,3,3,6,2,1,23,5,9,1,1,1,1,1,1
100111,1,1,0,4,5,2,1,1,2,2,4,3,2,2,3,2,5,0,5,3,0,4,2,0,11,0,8,0,0,1,0,1,1
100112,4,5,3,3,5,0,1,0,0,1,2,5,3,3,0,0,1,0,0,5,0,3,0,4,9,3,9,1,0,1,0,0,0
100113,3,1,0,1,1,3,2,0,1,0,0,5,5,1,1,4,1,0,1,1,5,8,0,0,13,3,10,0,0,0,0,0,0
100114,2,1,3,2,5,5,0,1,1,2,3,3,2,1,3,5,0,0,0,3,4,7,3,1,6,6,3,0,0,1,0,0,0
100115,3,1,2,4,2,3,0,4,1,0,5,0,5,0,0,5,4,1,4,1,0,8,1,0,8,2,4,0,1,0,1,0,0
100116,3,5,1,5,4,5,0,3,1,1,2,4,2,0,5,0,5,3,2,5,5,7,2,1,20,2,1,1,1,1,1,0,1
100117,0,0,5,5,3,0,3,1,2,2,3,5,0,5,2,2,3,2,0,4,3,8,2,0,17,0,7,0,0,0,0,1,0
100118,0,2,4,2,4,4,2,4,2,3,4,3,0,4,2,2,2,1,2,2,5,7,2,2,28,0,2,1,1,1,0,1,0
100119,1,2,3,2,5,3,1,2,5,2,4,0,2,1,3,2,2,0,3,5,5,1,2,0,11,3,3,0,0,0,0,0,0
100120,0,4,5,3,2,5,5,0,2,0,0,1,2,3,1,2,4,0,1,1,3,8,0,0,21,0,8,1,1,1,0,1,0
100121,2,2,0,0,4,3,1,4,0,4,0,4,1,0,3,0,0,3,1,2,0,4,3,4,12,2,3,0,0,1,0,0,0
100122,4,5,3,0,3,4,0,2,3,2,2,0,5,5,5,2,1,4,1,0,2,7,3,0,28,6,8,1,1,0,1,1,1
100123,3,4,0,0,4,0,0,3,1,3,0,2,5,4,5,0,3,1,3,2,5,0,3,1,24,2,9,0,0,0,1,0,1
100124,2,4,1,4,1,0,4,3,0,5,5,4,3,4,2,1,0,4,0,3,2,4,2,4,14,6,5,0,1,0,0,0,0
100125,5,4,1,1,4,4,3,0,4,0,4,0,4,1,5,4,2,4,2,3,1,3,1,2,23,2,6,0,1,1,1,0,1
100126,3,0,3,4,3,0,1,0,4,5,3,2,3,2,0,0,3,4,3,4,1,3,0,2,14,6,1,1,0,0,1,0,0
100127,0,2,3,2,2,5,1,0,2,5,3,4,3,5,5,4,2,1,3,4,4,4,1,3,29,2,5,1,0,1,1,1,1
100128,4,3,4,4,2,0,1,1,1,3,2,2,1,3,2,5,1,3,2,3,0,10,1,2,27,5,8,1,1,0,0,1,1
100129,3,1,2,0,4,4,2,1,2,0,0,5,0,3,1,5,4,3,4,2,2,7,3,4,11,1,0,0,0,0,0,0,1
100130,3,0,5,1,2,2,4,5,2,1,4,1,3,5,0,3,5,3,4,5,1,8,0,4,18,4,6,1,0,1,1,1,1
100131,3,0,2,1,0,3,3,4,5,1,2,3,0,4,3,5,1,4,2,1,5,6,1,2,5,2,7,0,0,0,1,1,1
100132,3,4,0,2,5,3,4,5,0,3,2,2,1,2,0,2,1,3,3,1,3,9,0,4,8,5,4,1,0,1,1,1,0
100133,0,3,0,3,2,2,0,2,1,4,2,3,3,0,4,5,1,3,0,1,1,8,2,0,20,3,6,0,0,0,0,0,1
100134,3,1,0,1,0,2,3,1,4,2,2,0,2,1,0,4,1,4,1,3,1,1,0,3,3,3,10,1,0,0,0,0,0
100135,4,4,2,4,1,3,4,2,5,2,5,4,2,4,3,5,5,1,1,3,4,7,2,2,9,4,9,1,1,1,1,1,1
100136,1,4,2,5,4,4,1,5,3,0,1,1,3,0,2,5,4,3,4,2,4,4,1,2,9,3,1,1,0,1,0,0,0
100137,3,4,5,0,1,4,3,2,1,5,1,4,5,1,5,4,4,4,2,5,5,5,2,4,26,3,7,1,1,0,1,1,1
100138,0,5,0,0,1,2,0,3,1,5,0,5,0,5,2,1,2,0,0,1,4,3,3,1,2,6,3,0,0,0,0,0,0
100139,2,5,1,5,2,2,5,0,5,0,3,2,1,2,1,0,0,4,3,0,0,0,0,2,26,5,6,0,0,1,0,0,0
100140,2,1,5,3,0,0,4,5,3,1,0,4,1,1,4,1,0,2,3,2,2,9,2,0,30,0,3,0,0,1,0,1,0
100141,5,4,0,5,3,4,3,3,2,5,4,3,1,3,5,1,5,4,5,1,0,2,1,4,22,6,3,1,1,1,1,0,1
100142,1,2,2,4,0,1,3,5,2,2,4,5,0,5,3,5,1,4,3,4,5,3,2,0,6,3,10,1,0,0,0,0,1
100143,1,2,1,4,5,2,4,1,0,3,4,5,1,1,4,0,0,1,5,3,4,6,1,0,8,0,3,0,1,0,0,0,0
100144,2,3,3,0,2,5,2,3,4,3,2,5,0,3,5,3,3,3,1,5,4,10,0,1,6,2,9,1,0,1,1,0,1
100145,5,3,5,3,1,4,5,1,0,3,2,1,5,4,2,5,1,3,2,4,4,2,1,2,26,0,2,0,1,0,0,1,0
100146,5,2,1,2,2,2,1,2,5,5,5,3,2,3,5,1,0,5,1,3,0,8,0,1,22,3,7,0,0,0,1,0,1
100147,0,5,2,5,1,2,4,1,1,2,4,0,2,5,4,3,2,1,2,2,4,1,2,2,5,4,10,0,0,0,0,1,1
100148,1,1,2,0,1,1,4,0,0,4,1,1,4,2,1,0,4,1,0,3,4,9,1,4,29,6,4,0,0,1,0,0,0
100149,4,0,4,0,0,3,5,2,0,2,1,2,3,4,2,2,2,2,2,2,3,2,3,0,3,4,0,1,0,0,0,0,0
100150,0,0,5,3,4,0,0,3,2,1,1,2,1,2,0,5,5,4,3,5,4,1,3,4,6,5,1,0,0,0,0,0,0
100151,5,4,0,5,5,5,2,0,0,0,2,4,1,0,4,4,2,1,1,3,3,6,0,3,30,5,10,1,1,1,0,1,1
100152,1,2,2,5,2,5,3,2,1,4,3,0,0,1,4,3,0,4,2,4,2,10,2,3,8,3,9,1,1,1,0,1,1
100153,5,2,4,3,0,1,3,0,4,3,1,2,1,0,0,5,5,0,3,1,2,10,0,2,23,2,7,1,1,0,0,1,0
100154,1,3,0,2,0,1,4,3,4,5,0,4,2,4,0,5,1,4,5,1,2,4,0,3,12,4,0,0,0,0,0,0,1
100155,2,2,4,1,4,3,3,1,2,1,2,1,2,2,3,1,2,4,1,2,1,0,0,1,14,0,5,0,0,0,0,0,0
100156,3,3,1,5,2,3,1,0,0,4,3,4,1,4,2,3,2,3,3,4,0,0,0,2,16,3,0,0,0,1,0,0,0
100157,0,0,3,1,1,3,4,3,0,0,4,0,5,4,0,3,2,5,5,5,2,2,1,0,15,1,2,0,1,1,0,1,1
100158,3,0,5,0,0,0,2,5,3,0,0,3,4,3,0,2,3,5,0,0,1,6,0,0,4,1,4,0,0,0,0,0,0
100159,3,5,3,3,3,4,5,5,2,3,4,5,2,5,5,1,3,4,2,0,3,4,1,2,6,6,9,1,1,1,1,1,1
100160,4,2,5,2,0,0,3,5,5,3,0,2,4,2,2,5,3,4,2,0,5,9,0,4,3,3,6,1,0,0,1,0,1
100161,5,1,3,2,5,2,3,1,2,3,1,3,1,4,4,0,1,3,5,0,4,1,3,0,26,3,8,1,0,1,0,1,0
100162,3,2,1,5,1,4,3,1,2,5,3,1,4,3,2,2,5,4,0,5,5,8,2,0,2,0,6,1,1,1,1,1,1
100163,2,2,4,1,0,5,5,5,3,5,0,2,4,4,5,1,2,4,5,0,4,10,0,2,25,1,0,1,1,1,1,1,1
100164,2,1,3,5,4,3,5,3,5,1,3,0,3,2,5,4,5,2,3,0,4,7,0,3,30,3,6,1,1,1,1,1,1
100165,2,1,1,1,2,0,3,3,4,1,0,0,1,2,5,0,0,0,0,1,0,10,3,4,10,6,3,0,0,1,1,0,0
100166,4,4,0,1,4,4,3,4,0,3,1,1,4,4,3,2,1,0,5,4,0,10,0,0,20,3,5,0,1,1,0,1,1
100167,1,0,3,0,0,0,0,0,2,5,3,5,0,5,0,5,4,1,4,5,0,3,2,4,20,4,9,0,0,0,0,0,1
100168,1,1,3,4,5,1,0,3,5,4,1,5,2,0,2,5,1,3,4,4,0,10,2,3,28,4,5,0,0,1,1,1,1
100169,2,2,4,5,1,0,4,3,4,0,2,0,5,5,0,1,3,1,1,3,2,1,2,3,2,1,7,1,0,0,1,1,1
100170,0,3,0,5,4,5,2,5,4,3,1,0,3,5,3,3,1,2,1,4,3,9,0,3,24,1,2,1,1,1,1,0,1
100171,0,5,3,1,5,2,2,2,0,2,3,4,2,3,2,2,4,1,4,0,3,10,3,4,27,3,6,0,1,1,1,1,0
100172,0,5,4,4,3,3,3,3,2,0,0,5,2,3,3,1,3,5,1,3,1,8,0,1,28,2,2,1,1,1,0,1,1
100173,4,1,5,0,2,4,1,4,4,4,0,3,2,2,5,4,2,2,2,0,2,8,0,4,3,5,8,1,1,0,1,1,0
100174,4,3,5,3,1,5,1,1,0,1,5,3,2,3,1,4,1,4,5,4,3,3,3,3,13,2,2,1,1,1,0,1,0
100175,4,0,1,4,4,5,0,0,4,4,1,3,1,1,5,0,5,3,5,2,1,7,3,3,24,3,3,0,1,1,1,1,0
100176,2,3,1,0,0,0,4,2,3,3,4,2,4,2,4,5,4,4,0,5,0,5,3,3,25,1,0,1,0,0,1,0,1
100177,4,0,3,0,0,2,3,3,4,2,0,4,0,5,2,2,2,3,4,3,0,1,3,0,11,4,8,0,0,0,0,0,0
100178,0,0,2,0,3,2,1,2,4,1,0,0,4,3,2,5,2,4,4,4,5,5,3,2,30,5,2,1,0,0,1,0,1
100179,5,4,1,4,0,4,3,4,0,1,4,0,3,2,2,4,4,5,5,0,1,9,3,3,15,3,3,0,1,1,1,1,1
100180,3,1,0,3,1,2,0,1,0,2,2,0,2,1,3,2,0,3,1,1,0,5,0,2,16,4,1,1,0,0,0,0,0
100181,5,2,0,0,3,1,4,0,2,4,1,1,4,4,4,4,4,3,4,2,5,5,1,4,19,6,9,1,0,1,0,1,1
100182,0,0,2,3,1,4,1,4,5,2,1,3,5,2,0,2,4,5,1,5,2,8,3,0,25,2,9,0,0,0,1,0,1
100183,2,4,4,4,5,2,1,5,5,0,1,1,2,3,5,4,4,4,2,4,5,10,1,4,11,0,5,1,1,1,1,1,1
100184,4,4,0,1,5,4,5,3,4,0,1,3,3,2,0,0,2,0,0,2,0,10,1,2,29,1,7,1,1,1,1,0,0
100185,2,3,0,3,0,2,4,1,1,1,4,0,2,0,0,3,2,4,4,3,0,9,1,2,17,4,9,1,0,1,1,1,0
100186,2,5,1,1,1,2,4,2,5,3,5,2,2,1,3,0,5,5,1,0,2,2,0,3,23,5,2,0,0,0,1,0,1
100187,0,2,5,1,5,0,3,2,4,1,0,0,2,3,0,4,4,3,2,4,5,2,2,4,21,3,9,1,1,1,1,1,0
100188,2,1,5,2,0,0,3,2,1,5,0,1,3,1,4,5,4,4,0,5,2,8,1,0,2,4,6,0,1,1,0,0,1
100189,1,0,2,2,2,0,1,1,4,1,3,3,0,3,1,4,2,0,3,2,4,8,1,3,26,0,4,0,0,1,0,0,0
100190,1,1,0,2,5,1,1,2,2,2,5,0,4,5,1,4,3,5,3,2,3,6,0,1,25,4,9,0,0,0,0,0,1
100191,4,1,0,1,3,2,5,1,2,2,1,4,0,1,3,4,2,5,4,5,0,7,3,3,27,4,3,1,0,1,0,0,1
100192,3,1,5,2,1,0,5,2,1,1,5,1,5,5,5,3,0,0,2,1,5,7,1,2,5,6,9,0,1,0,1,0,1
100193,3,1,2,3,0,0,4,2,3,5,0,5,2,0,1,3,4,3,4,4,0,1,2,0,7,2,8,0,0,0,0,0,0
100194,2,3,0,2,2,5,5,3,1,1,4,4,4,2,5,3,3,5,3,3,4,5,0,3,29,5,8,0,1,0,1,1,1
100195,5,0,5,3,3,5,4,4,5,0,5,5,0,3,3,2,3,4,0,1,0,6,0,3,26,1,7,1,1,1,1,1,1
100196,0,3,3,0,0,1,2,1,0,3,2,3,2,1,3,0,3,1,0,5,4,7,1,1,27,6,4,0,0,0,0,0,0
100197,2,2,2,0,3,5,4,0,1,3,3,2,5,1,5,0,4,1,1,5,5,2,0,0,15,3,0,0,0,0,0,0,0
100198,0,4,2,5,2,0,4,4,0,2,1,0,3,2,3,2,5,0,4,5,5,6,0,4,11,5,2,1,1,0,0,1,0
100199,2,3,1,2,1,0,0,1,1,2,4,0,2,0,4,1,4,3,2,3,4,4,2,1,8,3,5,0,0,0,0,0,0
100200,5,5,5,3,5,2,5,5,4,5,4,4,1,5,3,5,4,1,0,1,0,7,1,4,20,5,10,1,1,1,1,1,1
100201,2,2,4,4,5,1,2,3,5,2,4,3,4,1,2,5,4,3,2,0,0,2,2,1,9,5,3,0,1,0,1,0,1
100202,5,1,1,0,4,0,1,3,0,3,5,0,3,4,1,2,5,0,4,4,4,10,1,2,30,5,1,1,1,0,1,1,1
100203,2,3,4,5,3,5,2,2,1,5,0,0,3,1,1,4,0,2,4,4,2,4,3,4,30,6,9,1,1,1,1,1,1
100204,4,3,1,2,2,5,1,4,0,2,3,4,5,4,0,3,4,1,1,1,0,0,3,3,11,6,10,0,0,1,1,1,1
100205,2,2,2,5,0,1,1,3,4,3,3,0,3,1,1,1,0,0,1,0,1,3,3,3,3,5,0,0,0,0,0,0,0
100206,1,3,4,2,1,1,3,5,3,2,0,3,5,4,4,2,2,5,2,3,3,3,0,1,23,3,10,0,0,0,1,0,0
100207,4,2,0,2,0,4,5,0,2,3,4,1,2,4,1,2,0,0,1,5,0,3,2,0,23,0,7,0,1,1,0,0,0
100208,5,1,4,3,2,5,2,1,4,3,1,4,2,4,2,0,2,3,3,0,4,7,3,2,11,2,5,1,1,1,1,1,0
100209,1,1,1,1,2,1,1,1,0,5,2,0,3,0,2,0,2,2,4,1,4,0,2,1,3,4,10,0,0,0,0,0,0
100210,4,5,4,3,3,4,4,1,4,1,0,0,2,0,5,1,2,3,3,1,3,4,3,2,16,6,5,1,1,1,1,1,0
100211,1,4,2,5,2,0,1,5,0,0,4,0,4,5,3,5,5,1,5,1,3,1,0,2,29,2,8,0,0,1,1,0,1
100212,4,0,0,3,1,3,3,0,3,2,1,4,2,2,2,0,1,5,3,5,0,4,2,1,29,6,1,0,0,0,0,0,0
100213,4,5,4,0,4,5,1,0,0,3,3,4,1,4,5,3,0,2,4,5,2,3,0,0,10,4,1,0,0,0,0,0,0
100214,2,4,1,4,0,2,1,2,1,1,3,4,1,4,0,3,0,5,2,2,1,4,1,4,15,6,10,0,1,1,0,1,0
100215,4,0,5,0,0,3,1,1,3,5,0,3,1,4,0,3,4,2,1,2,3,4,0,0,12,4,3,0,0,0,0,0,1
100216,1,4,5,0,4,4,2,1,3,3,5,1,5,1,0,5,1,5,2,4,5,8,1,2,2,4,5,1,0,0,1,1,1
100217,0,3,1,1,3,3,5,3,2,4,0,1,1,2,0,2,2,4,3,5,5,9,2,2,20,5,0,1,1,0,1,0,0
100218,0,5,3,1,5,4,4,3,3,3,3,0,1,0,0,2,4,5,0,2,5,0,3,2,16,4,0,1,0,0,1,0,0
100219,2,2,2,0,4,5,4,5,5,2,1,0,4,0,4,3,5,0,2,5,2,4,0,0,9,5,6,0,1,0,1,1,1
100220,5,3,3,0,5,0,0,2,1,5,3,4,4,5,4,5,0,4,0,0,4,4,3,1,11,3,3,0,0,0,1,0,1
100221,0,1,3,4,3,5,0,5,5,0,1,2,2,2,0,3,4,4,1,3,2,4,0,2,9,0,5,0,0,0,1,1,1
100222,2,1,1,2,5,5,2,1,0,1,4,2,2,4,0,0,2,0,4,3,1,7,2,4,26,1,6,1,1,1,1,1,0
100223,4,3,3,1,1,5,5,1,5,4,3,0,3,0,5,2,3,0,2,2,4,7,3,4,16,3,3,0,1,1,1,0,1
100224,1,4,1,2,3,2,0,2,5,5,3,3,3,0,4,3,1,3,4,2,1,4,3,1,25,0,5,0,1,1,1,0,1
100225,4,5,5,4,5,3,4,0,2,1,5,4,0,3,4,5,0,3,3,0,3,6,1,3,8,3,1,1,1,0,0,0,1
100226,1,4,5,4,4,2,4,0,0,3,2,0,5,3,4,3,4,2,2,1,0,0,3,0,24,0,3,1,1,0,1,0,1
100227,4,3,0,1,2,5,1,2,2,2,4,5,2,2,2,4,3,5,2,3,3,1,2,2,23,3,1,0,0,1,0,0,1
100228,3,3,4,1,5,2,0,3,1,4,4,1,3,0,1,1,2,0,4,1,2,10,2,0,22,1,5,0,1,0,1,0,0
100229,3,2,5,5,1,1,0,1,3,2,1,5,0,1,1,4,2,2,3,1,0,6,3,2,23,5,5,1,1,1,0,0,0
100230,1,4,0,3,0,4,0,1,1,3,1,4,3,0,3,0,3,0,4,2,2,4,0,4,30,3,3,0,0,0,1,0,0
100231,2,1,4,5,4,0,5,0,0,4,4,5,0,0,0,1,2,5,1,0,5,10,1,0,24,6,8,0,1,1,0,1,0
100232,5,1,5,1,2,2,4,0,5,4,5,1,0,1,5,1,5,2,3,5,1,10,1,1,10,6,10,0,1,0,1,1,0
100233,0,5,1,0,0,1,4,5,5,0,0,3,5,3,5,2,1,0,1,5,2,0,2,2,11,2,7,0,0,0,0,0,1
100234,4,3,3,2,1,2,0,0,3,3,0,0,0,4,0,0,3,5,5,2,3,10,0,3,4,2,2,0,1,1,1,0,1
100235,2,2,4,1,0,2,5,4,5,1,1,2,4,4,3,3,3,4,5,1,0,1,0,3,22,3,2,1,0,0,1,0,1
100236,4,5,2,4,5,0,4,4,5,0,3,1,3,1,2,5,1,2,1,3,1,1,3,4,22,4,4,0,1,0,1,0,1
100237,3,5,1,4,5,5,4,1,5,4,2,0,1,3,2,2,1,3,1,5,1,1,1,3,9,4,10,1,1,1,1,1,0
100238,2,1,2,0,5,2,2,1,4,2,3,4,2,4,2,0,3,4,1,0,0,7,1,1,20,3,9,0,0,0,1,0,0
100239,1,3,2,3,1,2,1,2,0,4,1,4,0,2,3,1,2,1,0,0,2,6,3,3,30,3,0,0,0,0,0,0,1
100240,3,2,4,2,4,0,4,3,4,5,2,2,3,0,5,0,5,1,0,4,2,3,2,3,12,0,4,1,1,0,1,0,0
100241,0,4,2,3,3,5,0,0,5,0,4,2,4,2,4,3,1,5,0,4,1,9,2,2,30,0,5,0,0,0,1,1,1
100242,3,5,2,2,1,5,1,4,1,2,2,3,2,0,5,4,3,1,0,4,4,2,1,2,2,2,5,0,0,1,0,0,1
100243,0,3,5,3,4,2,0,2,0,0,2,3,5,2,1,1,2,3,4,3,3,4,0,2,4,6,0,0,0,0,0,0,0
100244,3,4,3,4,5,2,0,2,2,4,0,3,1,1,5,1,2,5,4,2,1,6,0,0,12,2,5,0,1,1,0,0,0
100245,3,3,5,1,2,2,3,5,4,5,2,1,5,5,2,1,3,0,0,0,1,9,3,0,23,6,9,0,1,1,1,0,1
100246,0,5,4,1,0,5,1,0,4,5,4,2,4,4,2,2,4,1,3,2,3,5,3,1,6,2,8,0,0,0,1,0,1
100247,4,2,5,4,5,1,5,5,3,5,0,5,0,3,0,4,1,0,3,0,1,9,3,3,9,0,4,1,1,1,1,1,0
100248,2,2,1,5,1,4,5,3,5,1,2,0,5,5,5,1,3,3,1,0,0,9,1,0,6,2,4,0,0,0,1,0,1
100249,4,2,5,2,1,5,1,2,0,1,1,2,0,5,0,2,5,1,3,3,4,6,1,2,5,2,1,1,0,0,0,1,1
100250,0,5,5,5,3,4,4,0,5,5,2,1,5,1,2,5,5,0,4,5,1,7,0,1,27,1,1,1,0,1,1,1,0
100251,1,3,0,1,4,5,0,0,5,3,4,1,4,3,5,4,3,4,5,4,3,4,3,3,7,2,9,1,0,0,1,0,1
100252,2,0,2,4,4,5,1,4,5,2,5,0,1,3,3,5,0,0,0,3,5,8,2,4,16,4,9,1,1,0,0,0,1
100253,1,0,2,5,5,0,3,2,1,1,2,0,5,0,0,2,5,3,0,1,0,3,0,4,23,1,3,0,1,1,0,0,0
100254,1,3,2,1,5,1,1,4,3,0,3,5,1,0,5,5,5,2,2,0,0,8,0,1,16,5,7,0,1,0,0,0,0
100255,3,4,4,0,0,0,0,4,1,0,4,5,0,2,3,1,5,1,4,0,1,1,0,3,12,1,4,0,0,0,0,0,0
100256,0,2,4,3,1,3,0,2,2,4,5,4,1,0,1,1,4,3,5,4,3,0,0,0,6,5,9,0,1,0,1,1,0
100257,4,3,1,5,4,2,3,1,5,1,3,5,5,4,1,5,0,3,3,4,0,0,2,1,28,0,9,1,1,0,1,0,1
100258,0,4,3,0,2,0,1,1,3,4,0,4,5,0,5,1,3,0,1,4,0,3,0,4,29,1,3,0,0,0,0,1,0
100259,1,3,5,3,4,3,1,3,4,5,2,0,5,1,3,4,1,0,1,0,4,1,2,2,15,2,1,0,1,1,1,1,0
100260,3,5,2,5,2,0,1,4,2,2,1,4,3,0,2,4,4,4,4,1,3,6,3,4,12,2,3,1,1,1,1,0,1
100261,4,3,5,0,2,2,5,2,0,1,4,4,1,2,1,5,0,0,4,2,0,6,3,3,20,4,8,1,1,1,0,0,0
100262,1,4,3,3,0,2,5,3,0,1,1,0,5,5,5,5,0,0,0,2,1,8,3,2,19,1,0,1,0,1,0,0,1
100263,1,4,5,0,3,5,4,3,4,1,0,5,3,0,2,4,4,1,5,0,3,3,3,1,3,0,1,0,0,1,0,1,1
100264,5,3,5,1,5,4,0,0,1,3,5,4,5,3,3,2,1,3,1,2,1,8,3,1,4,1,0,0,1,1,1,1,1
100265,5,0,0,2,4,3,1,3,1,4,0,5,0,3,0,3,0,1,3,3,0,9,0,0,5,6,1,0,0,1,0,0,0
100266,3,2,4,1,2,4,5,4,0,4,4,2,1,5,1,3,0,4,1,2,3,9,1,4,17,4,4,0,1,1,1,1,1
100267,2,0,1,0,4,1,3,5,4,5,5,4,1,3,4,1,1,5,1,3,0,8,1,1,24,6,7,0,0,0,1,0,1
100268,2,3,4,4,1,1,0,2,0,3,5,4,2,5,4,2,2,2,5,5,5,7,2,0,4,1,8,1,1,1,1,1,1
100269,3,0,4,1,3,4,1,1,3,3,2,3,5,4,5,5,4,5,3,0,4,0,1,3,19,4,8,0,0,0,1,1,0
100270,3,3,1,5,2,4,4,5,1,2,3,5,2,4,0,0,3,2,1,4,1,1,0,3,14,2,0,1,1,1,0,0,0
100271,1,2,0,1,5,0,5,5,5,2,4,0,3,2,3,0,2,5,2,4,5,10,2,4,7,6,8,0,1,0,1,1,0
100272,0,0,2,3,4,1,2,4,3,2,1,2,2,2,0,2,5,0,1,5,3,3,1,0,27,3,1,0,0,0,0,1,0
100273,0,0,1,4,0,1,0,2,0,5,2,0,5,3,4,4,4,4,4,1,1,10,0,3,10,1,8,0,0,0,0,0,1
100274,5,3,3,2,5,0,0,1,3,3,2,3,5,0,0,5,2,3,0,3,2,6,2,4,3,4,4,0,0,0,1,0,1
100275,2,0,0,2,4,3,1,3,0,1,1,0,5,4,0,4,5,5,2,2,4,6,0,0,12,4,3,0,0,0,1,0,0
100276,2,5,0,4,1,0,4,1,3,1,3,1,1,0,5,5,4,1,2,4,4,6,3,3,13,6,8,1,1,0,0,0,1
100277,2,4,2,0,1,5,4,4,1,0,2,4,5,5,0,0,2,5,0,1,2,3,2,2,3,5,10,1,0,1,0,0,0
100278,4,4,4,4,1,3,1,2,4,5,0,5,4,0,5,0,2,1,1,1,5,0,3,4,9,5,1,0,1,0,1,0,0
100279,0,1,1,4,1,4,5,1,2,1,0,1,2,0,4,3,0,2,3,1,0,2,1,0,7,2,1,0,0,0,0,0,0
100280,0,4,1,4,5,2,5,4,2,0,3,1,1,1,3,1,4,0,1,1,2,5,3,4,7,2,6,1,1,1,0,0,1
100281,1,3,0,2,5,5,5,2,5,1,3,0,5,1,0,5,3,1,3,5,1,2,0,2,29,4,5,0,0,1,1,0,0
100282,2,2,1,2,3,1,4,0,2,2,5,2,4,0,1,0,0,3,2,2,5,10,3,3,13,5,3,1,1,0,0,1,0
100283,4,0,1,3,2,3,3,4,1,5,0,4,1,5,1,2,0,2,5,4,1,5,3,2,16,1,2,0,1,0,0,1,0
100284,2,3,1,3,2,0,5,1,3,5,1,5,1,4,2,1,0,5,2,2,5,0,3,1,28,1,2,0,0,0,0,0,0
100285,2,4,2,5,5,4,4,3,4,1,2,2,3,1,1,3,0,5,2,4,4,4,2,3,6,6,9,0,1,1,0,1,0
100286,5,0,1,5,1,3,4,3,0,3,4,0,3,2,1,1,1,0,1,0,5,4,1,3,15,4,10,1,1,0,0,0,0
100287,0,0,4,0,4,1,2,0,1,4,2,1,4,1,1,5,4,4,0,1,2,7,2,4,8,3,1,0,0,0,0,0,0
100288,3,2,2,0,5,4,1,0,3,4,2,2,4,3,0,0,5,4,5,3,1,6,0,4,19,1,9,0,1,1,1,1,1
100289,3,3,4,5,5,5,3,4,1,2,5,3,4,2,5,0,2,3,1,1,1,4,1,2,2,2,0,1,1,1,1,1,0
100290,2,2,3,2,4,0,2,0,4,1,0,3,2,2,5,5,3,2,0,0,4,10,1,0,26,3,2,0,1,0,0,0,1
100291,4,2,3,3,5,5,2,1,0,4,5,4,5,2,1,3,3,3,0,4,0,6,0,4,19,5,6,1,1,1,0,1,0
100292,1,1,3,0,1,4,4,4,1,2,1,3,5,1,1,5,3,0,4,1,2,0,0,0,5,4,4,0,0,0,0,0,0
100293,5,0,5,0,5,2,3,1,3,1,0,2,5,3,5,2,4,1,2,5,2,3,0,4,3,2,4,1,1,0,0,0,0
100294,1,0,1,2,0,3,1,3,5,4,3,0,4,0,0,5,0,2,3,1,1,9,3,3,11,5,2,0,1,0,1,0,0
100295,3,0,5,4,0,4,1,0,2,5,1,5,2,3,4,2,3,5,0,3,2,7,2,4,18,4,3,1,1,0,1,1,1
100296,3,4,1,4,1,2,3,3,1,5,4,0,0,3,0,4,2,5,2,5,2,3,1,3,3,6,5,1,0,0,1,1,0
100297,5,4,0,5,3,3,1,4,5,5,4,1,3,0,0,5,4,3,1,2,0,3,3,1,25,3,1,1,0,1,1,0,1
100298,2,2,4,1,1,0,1,1,3,3,2,2,2,5,5,4,5,5,4,1,2,3,0,2,4,6,2,0,0,0,0,0,1
100299,1,0,5,1,3,5,1,1,1,4,4,5,1,5,3,1,2,5,4,2,3,6,0,3,5,5,2,0,1,0,0,0,0
100300,0,2,0,3,0,5,3,3,5,1,1,2,1,4,2,4,3,2,0,2,3,2,1,0,9,5,0,0,0,0,0,0,0
100301,2,5,3,3,4,1,2,4,0,1,2,2,4,5,0,2,1,0,5,3,1,4,2,0,17,3,0,1,0,0,0,1,0
100302,4,1,3,0,1,2,2,3,4,0,0,5,1,5,3,4,0,2,5,3,1,9,2,3,19,1,5,0,0,1,0,0,0
100303,0,2,1,2,3,1,0,4,5,0,3,2,0,4,3,3,0,4,0,5,5,6,3,3,2,3,10,1,0,0,1,1,0
100304,5,3,3,5,0,2,0,2,3,5,4,4,1,2,0,1,5,2,4,0,0,1,1,1,14,5,7,0,0,0,0,1,0
100305,3,1,4,0,5,1,4,0,5,2,4,0,1,1,4,1,1,5,4,1,1,6,2,3,28,5,6,1,1,1,1,0,1
100306,0,2,3,4,2,5,5,5,3,3,2,3,1,5,3,1,0,2,4,0,1,0,1,4,7,4,4,0,1,1,0,1,0
100307,1,2,3,2,3,4,1,4,3,0,5,4,2,2,5,0,1,4,5,0,1,5,1,2,29,0,0,0,1,1,1,1,0
100308,3,2,5,3,2,5,5,0,0,1,3,1,5,4,4,3,3,2,5,0,4,8,1,2,3,2,2,0,1,0,0,1,1
100309,1,4,1,3,3,4,3,1,1,0,3,4,2,5,3,1,2,2,2,2,5,4,2,4,20,0,8,1,1,0,1,1,0
100310,0,3,3,4,2,4,1,2,4,2,1,5,5,5,0,4,0,0,5,5,5,9,1,3,16,2,6,1,1,1,1,1,1
100311,3,0,1,3,0,0,3,0,4,3,5,0,5,4,1,1,2,1,1,0,1,9,3,1,16,6,9,0,0,0,1,0,1
100312,4,0,5,0,4,4,0,5,3,0,4,1,0,1,1,0,5,3,1,0,0,2,1,0,3,5,8,0,0,0,0,0,0
100313,0,2,1,1,3,4,2,1,1,4,5,0,3,0,5,0,2,2,4,1,5,3,1,0,16,0,9,0,1,0,0,0,0
100314,1,5,5,5,1,0,4,1,0,0,2,5,4,4,1,3,5,2,5,3,1,10,2,3,7,3,3,1,1,1,1,1,1
100315,1,0,3,0,0,0,5,1,0,5,3,1,4,0,3,0,2,0,1,3,4,2,1,4,8,4,8,0,0,0,0,0,0
100316,3,0,1,4,5,4,1,5,0,5,0,5,1,3,5,5,1,3,4,0,0,10,3,4,3,6,9,1,1,1,1,1,1
100317,4,4,4,3,1,2,5,1,1,3,3,2,4,1,0,4,3,3,4,0,3,4,3,1,7,2,0,0,1,0,0,0,0
100318,4,2,1,0,5,1,3,2,5,3,3,5,3,2,3,0,5,3,2,4,2,1,0,1,18,6,1,0,0,0,0,0,1
100319,5,1,1,0,4,2,1,4,4,4,4,3,1,5,5,5,4,0,5,4,5,10,1,4,4,6,2,1,1,1,1,1,1
100320,4,1,2,5,5,5,4,0,1,1,4,1,1,2,5,1,5,5,3,4,1,1,3,3,6,6,4,0,0,0,1,1,0
100321,1,3,4,0,3,2,5,0,1,5,5,3,2,0,3,5,0,1,3,0,0,6,3,1,4,2,2,0,0,0,0,0,0
100322,0,3,2,0,1,2,1,0,5,5,5,0,1,2,2,5,4,1,3,5,4,4,1,2,12,3,0,0,0,1,0,0,0
100323,3,3,3,0,0,2,0,1,2,4,1,1,3,0,1,1,0,1,3,4,2,10,3,0,16,2,6,0,0,0,0,0,0
100324,5,1,3,3,1,0,1,1,1,5,5,3,2,5,3,1,4,5,3,5,4,7,3,0,8,6,7,0,0,0,1,1,1
100325,5,3,1,5,2,0,4,5,1,1,0,4,0,0,5,0,1,2,5,3,1,8,2,1,18,0,3,0,1,1,0,1,0
100326,1,5,1,1,3,2,0,5,2,5,2,2,4,5,3,0,4,3,2,5,2,0,2,4,28,4,10,0,0,1,1,0,1
100327,1,1,1,4,5,0,1,3,3,0,5,5,0,1,3,3,2,4,1,0,3,3,2,2,21,0,8,0,1,0,0,0,1
100328,0,2,1,4,0,4,1,5,3,4,3,2,2,3,1,4,0,3,3,0,2,6,3,2,20,1,6,0,0,0,1,0,0
100329,0,0,5,1,3,2,0,0,3,1,5,2,0,5,4,3,4,4,2,5,3,4,0,3,9,0,0,1,0,0,0,0,1
100330,3,3,2,0,0,3,3,3,3,5,3,3,4,1,2,5,2,3,4,3,3,9,0,1,14,0,4,0,0,0,1,0,1
100331,3,0,2,2,2,2,4,2,1,3,4,2,1,5,2,0,0,3,5,3,2,8,1,1,18,6,8,1,1,1,0,1,1
100332,2,1,4,0,0,4,0,0,2,1,3,4,0,2,1,1,1,1,5,4,1,5,0,3,25,0,6,0,1,0,0,1,0
100333,1,4,4,0,2,2,5,3,4,1,5,5,1,3,3,5,1,2,5,5,1,4,0,1,9,6,9,1,0,1,0,0,1
100334,4,0,4,2,3,0,5,2,2,5,0,1,3,2,0,1,1,0,3,0,4,0,0,0,25,0,8,0,1,0,1,0,0
100335,2,5,3,4,4,2,5,4,5,4,2,2,4,5,5,2,2,3,2,1,5,9,3,0,5,3,10,1,1,1,1,1,1
100336,4,2,5,5,4,1,4,2,2,2,4,2,0,4,5,2,2,3,5,1,4,2,0,2,22,5,4,1,1,1,0,1,1
100337,5,2,5,3,3,3,2,2,2,1,2,3,1,2,5,1,1,3,2,1,0,8,1,0,25,5,1,0,1,1,0,0,1
100338,1,3,1,1,1,3,1,1,4,0,5,3,0,0,5,3,1,5,5,2,0,6,2,0,16,0,9,0,0,0,0,1,0
100339,1,3,0,1,5,2,5,2,2,0,3,2,1,5,5,4,4,2,5,3,2,6,1,1,16,4,8,1,0,1,1,1,1
100340,5,2,2,3,5,2,3,0,2,0,0,0,1,3,4,4,3,5,3,5,1,6,2,4,17,6,3,1,0,1,0,1,1
100341,3,5,5,1,5,3,2,3,2,1,3,5,3,0,2,2,1,3,5,1,1,5,0,1,17,4,0,0,1,0,1,1,0
100342,1,5,5,3,4,4,2,2,3,1,1,4,0,2,1,5,2,0,1,4,2,1,2,4,25,2,3,1,1,1,0,1,0
100343,3,1,4,4,4,5,1,1,0,0,2,4,3,1,0,1,5,0,0,3,2,10,3,2,25,3,5,1,1,1,1,1,0
100344,3,4,4,5,0,5,2,2,2,4,0,4,4,1,0,4,0,1,3,4,5,6,3,3,6,6,9,1,1,0,1,0,0
100345,5,1,1,0,3,0,4,5,4,5,5,0,5,2,4,5,5,4,1,4,4,10,3,1,4,0,4,0,1,0,1,1,1
100346,1,5,3,1,2,3,3,4,1,5,2,5,3,0,1,1,0,2,5,1,0,3,0,2,18,3,8,0,1,0,1,0,0
100347,5,1,1,1,1,0,2,5,3,5,4,0,2,1,0,0,1,2,4,4,3,2,0,1,13,2,7,1,0,0,1,1,0
100348,5,1,3,3,0,2,0,2,1,0,2,4,3,0,5,4,3,2,0,4,0,1,0,3,28,1,0,0,0,0,0,0,1
100349,1,4,1,1,1,4,2,2,5,0,5,5,5,5,0,0,1,5,3,3,5,5,3,4,8,3,1,0,0,1,0,1,0
100350,0,4,0,5,5,3,1,0,1,5,2,3,0,5,0,3,5,1,4,0,0,6,0,3,25,1,5,0,0,1,1,1,0
100351,3,0,5,5,5,4,2,4,4,0,0,4,1,0,2,2,4,3,2,5,5,6,2,0,24,4,4,1,1,0,1,0,0
100352,0,3,5,1,4,5,0,0,4,4,2,5,1,3,1,2,3,4,5,5,1,7,2,2,14,1,9,1,1,1,1,1,1
100353,1,2,4,2,0,5,5,5,2,0,0,3,1,1,0,4,2,4,4,2,5,8,3,0,26,2,8,1,1,1,0,1,0
100354,2,3,3,2,4,4,1,4,5,0,4,2,3,3,4,3,5,2,4,2,3,2,0,0,24,1,5,1,1,1,0,0,1
100355,5,3,1,0,0,4,0,2,5,4,5,4,0,2,3,3,2,5,1,2,3,0,0,0,5,3,3,0,0,0,0,0,0
100356,5,5,3,5,4,4,3,3,0,4,1,4,0,0,2,2,5,5,5,4,0,8,1,4,6,5,0,1,1,1,1,1,1
100357,0,5,4,4,0,1,2,5,3,0,0,0,4,4,1,4,5,0,4,1,4,7,2,3,12,4,0,0,1,0,1,1,0
100358,5,3,3,1,1,1,5,0,1,0,4,0,0,4,3,3,4,1,4,5,0,0,2,3,28,1,6,1,1,0,0,1,1
100359,0,4,1,3,0,2,2,4,5,5,4,4,1,0,3,3,4,1,4,0,3,6,1,1,15,3,0,0,0,0,1,0,1
100360,4,5,2,2,5,4,3,5,5,1,4,4,0,1,3,4,3,5,5,2,5,2,0,1,16,3,0,0,1,1,0,1,0
100361,5,1,5,1,3,2,5,3,2,5,3,4,4,0,5,0,5,0,4,2,4,8,0,3,18,2,1,1,0,1,1,1,0
100362,5,4,1,1,5,0,5,3,2,3,3,0,5,2,3,0,3,4,5,1,0,4,3,2,25,5,2,1,1,1,0,1,1
100363,1,4,5,0,0,4,4,3,4,5,1,0,4,2,5,0,5,5,1,2,0,3,3,1,22,4,9,1,1,0,1,0,1
100364,5,0,4,4,4,4,3,0,2,5,1,0,2,3,5,3,1,2,3,1,1,5,3,3,17,4,0,0,1,1,1,0,1
100365,0,5,5,3,2,3,4,5,4,3,3,1,2,3,0,4,2,0,2,2,4,4,2,3,14,2,6,1,1,0,1,1,1
100366,3,4,3,5,2,5,1,1,3,0,5,3,0,0,1,0,0,4,3,0,2,6,3,3,19,5,9,0,1,1,1,0,0
100367,2,2,1,0,5,4,5,2,1,5,1,2,1,2,4,0,0,2,5,2,3,7,2,1,12,5,1,0,0,0,0,0,0
100368,1,2,0,3,0,5,5,5,2,2,2,0,2,4,0,2,1,3,5,4,4,3,1,4,13,0,6,1,1,1,0,1,0
100369,0,2,3,3,5,1,2,0,5,1,3,3,0,5,4,4,5,1,0,5,4,4,3,4,18,4,0,1,0,0,1,0,1
100370,4,5,2,3,0,0,0,2,2,3,0,1,5,5,2,2,1,2,4,5,5,1,2,0,6,5,4,0,0,0,0,0,1
100371,2,5,0,5,2,2,4,3,2,2,3,1,3,1,1,4,4,2,5,4,5,10,3,3,15,2,9,1,1,1,0,1,1
100372,3,4,5,2,0,4,0,1,5,4,0,4,1,3,3,5,1,3,3,5,4,10,0,3,17,4,4,1,1,0,1,1,0
100373,2,3,5,0,3,5,0,4,3,1,4,1,5,0,1,3,4,0,3,2,1,2,0,3,30,6,6,0,1,1,0,1,1
100374,2,0,2,0,3,0,5,3,3,5,5,3,1,2,2,1,1,3,4,5,3,1,3,1,30,0,5,0,0,0,1,0,0
100375,5,5,4,2,3,5,3,1,2,0,5,0,3,1,4,0,2,1,5,5,4,3,1,1,5,4,4,1,1,1,0,1,0
100376,0,0,2,1,4,2,3,1,4,2,0,4,5,1,3,4,4,1,0,1,3,0,0,1,2,5,1,0,0,0,0,0,0
100377,4,1,2,0,4,4,5,1,0,5,3,3,2,5,5,4,5,5,4,4,4,5,2,4,25,1,4,1,1,1,1,1,1
100378,4,0,3,0,5,4,5,4,1,5,2,4,5,4,2,2,2,0,5,0,2,5,2,4,12,4,4,1,1,1,1,1,1
100379,2,5,2,1,2,0,5,3,4,4,2,1,5,5,4,3,3,4,0,1,5,5,1,1,8,3,6,0,0,1,1,0,1
100380,1,2,4,0,1,2,0,4,1,3,4,2,3,2,3,1,3,4,2,1,5,1,0,2,4,0,5,0,0,0,0,0,0
100381,0,1,1,2,0,0,1,4,5,3,5,2,3,2,5,4,2,2,4,4,1,10,1,3,2,0,0,0,0,0,1,0,1
100382,5,0,4,3,1,2,4,4,5,1,3,5,1,4,5,2,2,0,0,3,5,7,3,2,21,5,6,1,1,1,1,1,1
100383,5,2,5,1,3,4,0,5,2,1,3,0,5,0,5,1,5,3,1,1,2,9,0,2,12,3,4,1,0,1,1,0,1
100384,1,4,5,0,0,4,1,3,5,3,3,1,1,4,0,0,2,4,2,4,4,7,2,1,11,6,2,0,0,1,0,0,0
100385,0,5,0,3,5,4,3,2,4,1,3,5,1,4,0,0,4,1,5,0,3,3,2,3,17,5,3,1,1,1,1,1,0
100386,0,3,0,0,5,3,2,4,4,1,2,0,5,2,5,4,2,5,3,4,5,5,0,3,30,4,9,0,1,1,1,0,1
100387,0,3,3,4,0,0,1,5,2,4,4,1,1,5,4,0,3,1,5,5,5,0,1,1,4,2,9,0,0,0,0,1,0
100388,4,5,5,2,4,3,5,1,0,4,3,1,4,1,3,2,3,2,5,0,3,3,0,2,6,5,4,0,1,1,1,1,0
100389,5,5,5,2,3,2,2,2,3,2,3,4,2,2,3,0,1,5,3,4,0,9,1,4,7,1,9,1,1,1,1,1,1
100390,0,1,5,1,2,3,2,5,4,1,0,4,2,2,0,4,1,4,3,3,3,7,0,1,15,6,2,1,0,1,0,0,0
100391,4,5,0,1,4,1,3,3,0,1,1,5,5,2,3,2,4,2,4,1,3,3,2,1,23,3,0,0,0,1,0,1,1
100392,1,3,3,0,3,4,4,0,0,1,1,0,0,2,0,4,5,5,0,1,4,6,3,3,30,6,6,1,1,1,0,0,1
100393,2,5,4,3,1,3,2,2,4,1,3,1,4,2,3,0,4,2,1,1,4,1,0,2,21,4,7,1,0,1,1,1,1
100394,3,0,3,0,3,2,5,1,3,5,0,2,0,5,3,2,3,1,0,1,2,3,0,3,7,1,4,0,0,0,0,0,0
100395,4,0,4,4,0,0,1,2,3,1,2,4,4,2,3,2,5,4,0,1,4,3,2,4,23,3,2,1,0,1,1,0,1
100396,5,5,1,1,1,0,5,5,4,5,2,3,4,3,4,2,4,1,2,4,3,1,1,4,5,3,1,1,0,1,1,1,1
100397,0,4,2,3,5,2,5,5,4,3,4,3,3,4,5,1,5,3,5,1,4,5,0,1,20,2,0,1,1,1,1,1,1
100398,1,1,2,3,1,3,0,5,2,2,0,4,3,3,3,1,2,3,5,5,2,1,1,1,21,2,9,0,0,0,1,0,0
100399,1,5,5,3,3,5,4,4,3,1,3,1,0,1,4,5,4,3,2,3,2,6,2,0,9,4,3,1,1,1,1,1,1
100400,1,0,1,4,1,4,0,3,2,4,3,5,2,1,2,4,5,5,2,3,5,6,2,4,4,4,6,1,0,0,0,1,1
100401,5,4,1,3,2,2,2,3,1,5,4,3,4,2,4,2,4,2,5,5,4,3,3,3,8,1,1,1,0,1,1,1,1
100402,4,1,0,5,1,1,5,2,4,5,1,1,3,2,1,4,2,4,5,0,2,4,3,2,13,4,8,1,0,1,1,0,1
100403,1,0,0,1,3,1,1,0,2,4,3,2,1,4,2,0,4,2,3,2,2,4,1,4,15,2,6,0,0,0,1,0,0
100404,5,4,5,4,3,0,3,0,5,0,2,1,4,2,3,3,5,1,0,1,3,7,3,0,10,3,9,1,1,1,0,1,1
100405,2,5,5,2,3,0,4,3,2,5,1,1,1,5,5,4,3,2,2,4,2,5,1,4,27,0,6,1,1,1,1,1,1
100406,3,0,1,3,1,5,2,3,1,3,0,4,3,5,5,0,1,2,3,5,0,0,1,3,16,6,4,0,0,1,0,0,1
100407,2,0,4,2,3,0,0,1,4,3,2,1,3,4,1,4,1,1,4,5,0,8,0,1,12,6,2,0,0,0,0,1,0
100408,0,3,3,5,4,5,0,0,0,1,2,5,1,4,2,4,5,3,5,3,3,10,1,1,4,6,10,1,1,1,0,1,1
100409,5,0,5,1,4,3,3,0,5,3,0,0,0,0,0,3,1,5,3,1,1,4,3,4,18,3,10,1,1,1,0,0,1
100410,0,4,1,3,3,3,0,1,3,4,4,1,5,0,4,4,5,2,2,5,4,6,1,4,27,0,0,1,0,1,0,1,1
100411,1,5,5,0,1,5,0,5,2,3,4,5,4,4,0,5,3,3,3,3,2,7,3,0,21,2,1,1,0,1,0,0,1
100412,1,4,2,3,3,4,5,2,1,0,1,4,0,5,0,2,1,1,3,2,4,2,2,2,4,3,2,0,0,0,0,0,0
100413,1,1,4,0,3,0,3,5,1,4,0,2,1,4,4,1,1,1,3,2,4,7,0,2,3,0,10,1,0,0,1,1,0
100414,0,1,2,2,5,5,2,5,1,4,4,1,3,1,2,2,0,4,1,2,5,2,3,0,28,0,2,0,0,1,1,0,1
100415,0,4,4,0,2,1,0,5,4,4,0,1,5,4,1,5,3,0,1,5,3,1,3,1,7,5,2,0,0,0,1,0,0
100416,4,0,2,1,1,3,4,5,1,1,2,1,1,3,4,2,4,4,4,3,3,9,1,3,25,4,2,1,1,1,0,0,1
100417,5,3,5,2,4,3,3,1,0,1,1,5,3,0,4,5,4,5,4,5,4,8,3,1,2,2,6,1,1,1,0,1,1
100418,0,2,3,1,3,1,1,5,1,2,1,2,4,5,5,4,3,4,5,5,3,0,2,1,26,6,8,0,0,1,0,0,1
100419,1,4,1,2,2,3,4,5,3,5,4,5,5,2,4,0,3,4,4,1,5,0,0,0,3,2,6,0,0,0,1,1,0
100420,3,1,5,0,0,3,1,4,2,4,1,4,3,3,3,4,1,0,2,5,1,1,3,3,22,4,0,1,0,1,0,0,0
100421,5,4,4,4,4,5,3,1,2,0,1,2,2,2,5,5,4,0,5,2,0,9,3,0,26,6,10,1,1,1,1,1,1
100422,4,4,2,4,4,5,3,1,5,0,1,4,1,5,3,3,3,0,5,3,5,8,3,1,30,2,2,1,1,1,1,1,1
100423,4,1,0,2,5,2,1,3,2,0,0,2,3,2,4,1,5,4,3,5,4,10,1,4,8,3,5,1,1,1,0,0,1
100424,3,2,5,0,3,4,5,0,4,5,4,2,3,5,0,4,5,0,0,5,3,10,2,1,25,6,2,1,1,1,1,1,1
100425,2,0,4,0,3,4,4,4,0,5,2,4,5,5,3,0,5,0,5,0,0,8,3,3,5,0,1,1,0,1,1,0,1
100426,1,2,4,4,1,0,1,2,3,1,1,4,3,0,1,5,5,3,4,4,1,4,1,2,14,5,8,1,0,0,0,0,1
100427,5,1,4,5,2,4,0,0,0,5,1,1,4,2,4,0,4,0,1,3,1,9,1,0,16,1,2,1,1,0,0,1,0
100428,4,0,3,5,0,5,1,1,0,3,5,2,2,4,4,0,1,5,1,4,5,1,2,2,25,6,9,0,1,1,1,0,1
100429,0,3,1,2,3,0,2,2,4,1,3,5,2,5,4,3,1,4,0,5,2,1,0,2,8,4,0,0,0,0,0,0,1
100430,4,3,1,2,4,4,3,3,4,4,4,1,0,4,4,0,4,5,0,5,3,7,0,4,29,5,1,1,0,1,1,1,1
100431,0,0,0,0,4,0,2,3,3,0,5,4,2,3,3,4,1,4,2,0,5,0,3,4,12,1,10,0,0,0,0,0,1
100432,4,1,0,0,3,2,0,2,2,0,2,5,1,2,0,2,3,1,3,0,4,2,3,2,27,0,1,0,0,0,0,0,0
100433,4,0,4,4,4,4,4,3,1,1,2,3,1,0,1,4,4,3,3,3,3,3,1,4,26,3,10,1,1,1,1,1,0
100434,0,4,5,2,3,5,2,5,4,3,5,0,5,5,5,4,1,2,3,0,0,10,0,3,20,4,0,0,1,1,1,0,1
100435,2,2,0,2,4,4,2,2,1,5,3,5,4,0,4,4,0,5,3,3,1,1,0,0,14,1,4,0,1,0,0,0,0
100436,0,0,3,2,2,4,3,2,2,3,1,5,1,4,5,0,0,2,3,0,0,9,0,4,28,3,6,1,1,1,0,1,1
100437,3,1,0,1,3,1,5,0,5,2,5,3,3,0,0,5,4,3,3,4,0,8,1,3,30,2,8,1,0,0,1,0,1
100438,5,5,2,5,3,4,0,2,4,3,4,4,2,2,1,5,0,0,4,3,3,9,2,0,18,6,5,1,1,1,1,1,1
100439,0,1,4,4,3,3,5,1,5,0,2,0,4,5,3,3,4,0,5,5,4,8,1,0,7,2,4,1,0,1,1,1,1
100440,2,4,4,4,3,5,3,4,1,3,1,4,1,1,0,0,0,4,2,5,1,0,2,4,8,5,8,1,1,1,1,1,0
100441,5,2,5,2,4,3,3,0,0,4,3,4,3,1,0,4,4,5,3,1,1,0,2,1,16,1,4,1,0,1,0,1,0
100442,1,1,1,4,1,0,0,3,4,2,3,3,4,1,2,4,3,1,2,0,4,10,0,1,7,1,9,0,0,1,0,0,0
100443,0,1,5,2,1,3,4,4,3,3,1,3,4,4,4,0,1,5,5,3,0,4,2,2,12,5,0,1,0,1,1,0,1
100444,2,0,4,3,3,4,4,1,4,1,0,4,3,1,5,4,1,4,4,3,3,7,2,4,22,5,2,1,1,0,0,1,1
100445,3,4,2,0,3,4,3,0,5,5,4,3,0,4,5,4,3,4,1,2,2,10,2,2,28,4,0,1,0,1,1,1,1
100446,3,2,1,4,3,2,4,4,2,1,5,0,4,3,2,0,3,3,4,3,1,0,2,2,12,2,3,1,0,0,0,0,0
100447,1,2,0,0,1,1,5,3,0,0,5,1,5,5,4,3,5,0,0,4,2,3,3,0,24,6,1,0,0,1,0,0,1
100448,5,0,5,4,4,5,5,3,5,5,2,3,3,3,1,5,4,0,3,3,2,7,1,4,4,2,2,1,1,1,1,1,1
100449,3,4,1,3,3,4,1,5,1,3,4,3,3,2,4,5,3,0,5,5,5,6,0,0,8,0,10,1,0,1,1,1,1
100450,1,1,1,0,2,5,4,0,0,2,3,1,3,0,5,5,0,4,3,1,4,10,2,1,3,6,3,0,1,1,0,0,1
100451,5,3,2,3,5,4,0,1,3,4,1,0,0,2,3,5,5,1,0,3,5,5,0,2,13,3,4,1,0,1,1,1,1
100452,5,5,0,1,2,4,3,2,0,1,5,3,5,3,0,0,2,4,3,1,4,3,0,4,5,0,8,0,1,1,1,1,0
100453,2,4,4,2,0,2,0,3,0,1,2,1,2,5,1,0,5,4,4,4,2,3,2,2,26,0,5,0,0,1,0,1,0
100454,0,3,4,0,5,4,1,5,4,0,0,4,4,1,5,1,1,5,3,0,1,7,3,4,24,1,4,1,1,1,0,1,1
100455,3,5,0,4,2,2,4,3,0,3,0,3,3,2,4,5,2,5,5,3,3,2,2,0,26,5,1,0,1,1,0,1,1
100456,3,1,0,3,5,4,2,1,3,4,5,1,4,5,4,5,3,0,2,0,3,3,3,1,3,2,7,0,0,1,0,0,0
100457,0,5,0,2,3,0,5,5,2,5,0,4,0,5,0,0,4,3,2,0,5,4,2,3,4,1,4,0,0,0,1,1,0
100458,3,3,5,5,1,1,0,2,0,3,3,0,4,5,2,5,0,2,4,0,2,7,2,3,24,3,5,0,0,1,0,1,1
100459,5,2,2,3,2,1,5,5,5,0,2,2,3,1,3,1,4,4,3,3,4,0,2,1,26,4,5,1,0,0,1,1,0
100460,0,1,3,3,5,2,4,1,0,1,4,3,2,0,4,2,3,0,4,2,0,5,2,1,2,6,9,0,1,0,0,0,0
100461,4,4,0,0,5,4,2,4,3,1,4,5,4,2,0,3,4,2,1,3,2,5,1,1,19,5,5,0,0,0,1,0,0
100462,0,5,1,3,0,0,0,3,0,5,2,5,3,1,4,0,3,5,4,3,2,1,2,3,4,4,6,0,0,0,0,0,1
100463,4,4,3,4,5,4,0,3,3,3,3,4,4,1,3,2,3,0,2,1,3,3,2,3,4,0,8,1,1,1,1,0,0
100464,2,0,1,5,5,4,2,5,1,5,4,3,3,5,3,1,3,2,5,3,0,0,3,4,27,4,2,1,1,1,1,1,1
100465,0,2,3,3,3,4,3,0,5,5,4,3,4,3,5,2,3,1,2,2,0,10,0,3,18,5,7,1,0,1,1,1,1
100466,5,4,5,1,1,3,3,1,2,5,5,2,5,1,4,2,0,4,3,4,1,8,0,3,25,5,9,1,1,1,1,1,0
100467,0,2,1,4,3,0,1,1,0,1,4,3,4,4,4,2,2,2,0,2,3,8,2,1,30,2,1,0,0,0,0,0,0
100468,3,4,3,0,2,3,3,4,0,3,2,5,5,4,3,3,5,1,5,0,2,2,1,3,18,0,7,1,1,1,1,0,1
100469,1,4,5,1,0,1,3,5,3,0,3,3,3,2,5,0,1,3,0,0,0,4,1,2,2,6,3,0,0,0,0,0,0
100470,5,0,5,5,5,1,2,5,3,2,4,4,2,0,5,4,2,1,2,3,5,4,1,4,8,3,4,1,1,1,0,1,0
100471,4,3,0,4,3,5,1,1,1,1,1,3,0,2,1,0,1,3,2,0,3,1,2,0,25,1,0,0,0,1,0,0,0
100472,4,1,0,5,0,3,2,1,3,0,5,4,3,2,4,3,2,2,5,1,3,9,0,3,3,4,2,0,0,0,0,0,1
100473,2,2,5,2,2,5,4,2,4,0,2,5,4,1,3,1,4,5,3,5,3,0,1,1,20,4,3,1,0,0,0,0,0
100474,2,2,5,4,5,2,3,4,4,2,4,2,1,3,5,5,4,3,3,3,1,9,1,1,13,5,7,1,1,1,0,1,1
100475,3,4,1,4,2,2,0,4,4,0,3,3,0,4,2,1,0,5,4,4,0,1,2,0,23,1,4,1,1,0,1,0,1
100476,4,5,3,1,2,5,5,5,5,3,5,2,5,2,4,0,5,1,3,4,0,7,3,3,24,0,6,1,1,1,1,1,1
100477,5,2,3,5,0,3,1,4,1,1,4,3,0,2,1,0,3,0,2,4,4,10,0,1,13,5,3,1,1,1,0,0,0
100478,0,3,4,5,0,5,4,5,0,1,4,1,4,4,5,2,4,2,5,3,2,3,0,4,17,1,4,1,1,1,1,1,1
100479,3,3,4,0,5,0,0,1,0,0,4,5,5,1,1,5,4,2,3,3,5,2,1,2,15,3,3,0,0,1,1,0,0
100480,0,3,2,4,5,3,1,3,0,2,1,4,5,5,1,1,4,2,5,2,1,1,0,3,25,1,3,1,0,0,0,1,0
100481,1,3,5,2,0,4,3,3,1,1,2,5,1,2,5,2,5,0,0,4,2,10,2,2,26,2,0,1,1,1,0,0,1
100482,4,4,0,4,3,4,5,0,0,3,4,1,3,3,1,4,4,0,1,2,5,1,2,1,21,6,7,1,1,1,0,1,1
100483,1,5,0,3,4,4,3,5,5,5,2,5,5,3,3,1,5,3,2,3,4,8,3,3,5,0,10,1,1,0,1,1,1
100484,4,4,5,1,5,0,0,0,2,4,3,4,4,2,2,4,4,1,0,3,3,10,0,4,28,2,1,1,0,1,1,0,1
100485,2,0,1,0,3,3,5,5,1,0,3,2,1,0,4,2,5,2,1,1,3,7,0,3,21,2,2,1,0,0,0,0,1
100486,1,2,5,3,5,0,1,1,3,0,0,5,0,4,1,5,3,4,4,5,5,6,0,4,24,6,5,1,1,0,0,1,1
100487,2,2,1,5,0,4,2,1,2,5,2,3,3,5,2,4,1,2,1,5,2,1,2,1,7,5,6,1,0,0,1,0,0
100488,3,3,2,4,0,3,0,3,0,5,1,3,3,4,5,1,3,4,2,3,1,4,3,1,7,5,10,1,0,0,1,0,1
100489,4,3,0,1,2,1,4,2,5,2,0,4,1,4,5,2,0,2,0,2,4,7,1,0,23,2,0,0,0,0,1,0,0
100490,3,4,5,5,1,4,2,2,4,2,1,0,2,0,1,5,2,4,0,0,0,10,1,1,8,6,10,1,1,0,1,0,1
100491,5,2,2,2,4,4,1,5,4,2,1,2,2,4,2,2,4,1,5,4,0,3,3,4,25,1,3,1,1,1,1,1,1
100492,5,1,1,3,2,0,3,4,5,3,4,0,3,2,2,3,4,0,1,4,5,5,0,0,10,5,3,0,0,0,1,0,0
100493,4,2,2,1,2,0,1,3,5,1,1,2,0,1,3,5,2,1,0,3,5,0,0,2,30,4,4,0,0,0,0,0,1
100494,3,5,0,3,3,1,3,4,1,5,4,4,1,2,3,0,2,0,2,0,3,4,2,4,9,1,4,1,0,1,1,1,0
100495,1,1,4,3,5,0,3,4,4,2,1,5,5,1,0,5,3,2,2,5,1,6,2,2,15,1,5,0,0,1,1,0,0
100496,2,0,0,4,0,3,4,1,0,1,4,1,1,1,5,4,0,1,4,2,4,1,0,2,5,0,9,0,1,0,0,0,0
100497,0,5,2,2,3,5,4,2,2,1,3,5,4,4,1,3,3,1,1,0,5,9,2,3,12,6,9,1,1,1,1,0,1
100498,2,1,2,3,2,0,3,5,4,5,0,0,4,4,1,1,2,1,0,2,0,0,0,1,25,4,6,0,0,0,1,0,0
100499,5,3,0,3,0,3,0,4,4,1,0,0,5,3,4,0,4,2,5,3,1,8,0,3,27,0,8,1,0,1,1,1,1
100500,2,4,0,2,4,2,1,0,4,4,0,2,3,5,5,4,3,0,3,3,1,7,2,1,10,0,2,0,0,0,0,0,1
100501,0,1,3,3,5,5,3,1,4,4,2,1,2,0,5,2,1,2,2,5,1,9,3,4,21,1,8,1,0,0,1,1,1
100502,3,2,2,0,1,2,3,1,0,5,1,3,1,5,1,3,3,1,0,5,0,0,0,2,16,3,3,0,0,0,0,0,0
100503,5,1,0,5,4,4,3,3,3,0,0,1,3,2,4,0,2,3,1,1,0,10,0,2,5,0,3,0,1,1,1,1,0
100504,5,0,0,0,4,5,4,4,3,2,4,3,4,3,0,3,3,2,4,1,1,0,3,4,29,1,0,0,1,1,0,0,1
100505,1,0,4,5,4,0,5,2,0,5,5,5,4,5,2,0,3,2,5,5,1,10,3,2,6,6,8,0,1,1,0,1,1
100506,2,1,4,4,2,1,3,1,1,0,5,1,0,4,1,3,2,3,5,3,4,10,0,2,10,6,9,0,1,0,0,1,1
100507,3,2,3,5,1,1,0,3,2,0,0,2,5,5,1,5,3,0,3,5,4,1,1,1,6,5,8,1,0,0,0,0,0
100508,1,3,5,0,0,1,2,1,3,0,5,3,1,1,5,5,1,0,2,3,4,6,1,4,19,3,1,0,1,0,0,0,0
100509,1,0,0,1,0,3,1,4,5,0,2,2,1,1,5,5,2,2,2,1,5,7,1,3,29,2,5,0,0,0,0,0,1
100510,1,5,4,0,1,0,3,5,4,4,1,2,2,0,0,3,4,2,5,3,5,9,2,3,16,4,3,0,1,0,0,1,1
100511,5,4,4,2,3,2,3,3,5,2,0,0,2,4,2,4,3,1,2,4,4,2,3,4,11,0,6,1,1,1,1,1,1
100512,4,0,1,5,0,0,3,5,1,0,4,2,1,3,0,0,0,2,5,0,2,1,3,3,27,4,3,0,1,0,0,0,0
100513,5,5,3,4,4,3,3,3,2,4,1,5,1,3,4,4,2,1,5,0,1,6,3,4,28,0,6,1,1,1,1,1,1
100514,4,0,4,4,3,4,1,4,1,1,3,5,5,2,1,5,1,0,2,3,1,10,0,0,29,6,9,1,1,1,0,1,0
100515,5,3,3,5,2,2,1,5,5,0,3,4,0,2,3,0,5,1,2,5,4,6,2,2,17,1,5,1,1,1,1,1,1
100516,0,2,1,0,0,2,5,1,3,5,5,0,4,5,3,1,5,5,1,5,5,7,2,0,30,5,0,0,0,0,1,0,1
100517,5,3,3,4,3,2,2,3,3,3,4,0,5,1,1,5,0,0,3,2,0,9,3,1,4,0,8,1,1,0,1,1,0
100518,0,5,4,1,4,1,1,1,3,2,4,3,4,4,2,2,2,5,1,1,2,3,2,3,8,5,1,0,0,1,1,0,1
100519,2,5,0,4,2,2,5,0,1,5,2,1,2,0,0,4,3,4,1,2,2,4,3,2,28,6,3,0,1,1,0,1,0
100520,3,1,3,4,4,5,0,1,5,1,3,1,3,2,0,4,2,0,5,4,2,9,3,0,29,2,9,1,1,1,1,1,0
100521,2,3,3,4,1,0,2,0,3,3,0,1,3,0,5,5,4,4,3,4,3,2,3,3,29,1,6,0,1,0,1,1,0
100522,0,5,2,2,0,4,4,1,3,4,4,1,2,0,2,0,0,1,2,4,1,1,0,2,26,2,2,0,0,0,0,0,0
100523,1,4,0,3,3,0,2,0,4,0,4,0,5,0,2,2,5,2,0,3,0,0,2,1,10,3,9,0,0,1,0,0,0
100524,4,5,0,2,5,0,5,5,4,1,1,3,3,1,4,1,1,0,2,5,0,9,3,2,16,2,2,1,1,1,1,1,0
100525,1,2,4,3,5,1,2,2,2,0,0,2,0,5,5,4,1,0,0,5,0,8,1,3,3,0,4,1,0,0,0,1,1
100526,1,1,4,2,5,1,3,0,4,3,4,4,4,2,2,5,2,4,0,1,1,7,0,3,19,2,6,1,1,1,1,0,1
100527,5,3,2,2,0,1,2,2,4,4,4,1,1,3,5,5,5,3,0,4,4,3,0,0,21,5,4,1,0,0,0,0,1
100528,0,4,5,1,0,5,2,4,3,0,4,3,3,4,3,0,1,2,1,5,1,5,3,2,2,6,2,0,0,1,1,1,1
100529,5,5,5,2,3,5,2,3,0,0,0,1,1,5,0,4,1,5,5,5,2,5,3,1,23,6,0,1,1,1,0,1,1
100530,5,4,3,4,5,4,5,0,1,2,5,5,2,5,5,3,1,5,5,1,4,9,0,1,27,3,7,0,1,1,1,1,1
100531,3,4,3,5,5,0,4,0,0,2,2,1,0,0,1,4,0,5,3,2,5,10,3,4,13,3,6,1,1,1,0,1,0
100532,0,3,5,0,1,5,2,3,1,0,1,4,1,1,4,1,5,2,5,2,3,0,2,3,8,4,9,0,1,0,0,1,1
100533,0,1,3,1,2,5,2,5,0,4,3,4,5,4,5,0,3,4,2,3,0,6,1,4,12,3,7,0,0,0,1,0,1
100534,1,2,5,3,3,0,2,0,3,4,5,1,0,4,4,2,3,0,1,2,0,6,1,3,16,1,10,0,1,1,1,1,0
100535,3,2,5,4,5,2,4,5,5,2,4,0,1,5,3,2,0,4,4,5,0,6,0,3,2,6,2,1,1,0,1,1,1
100536,0,4,1,1,1,4,3,0,0,2,1,3,0,4,1,4,0,4,4,4,0,5,1,0,21,6,9,0,0,0,0,0,1
100537,2,3,3,1,5,0,3,2,1,0,5,0,1,3,3,1,1,0,2,2,1,10,0,4,19,3,10,0,1,1,1,1,0
100538,0,4,4,0,4,0,2,1,0,1,4,3,4,2,3,5,5,4,4,1,2,1,1,2,25,6,10,0,0,1,0,0,1
100539,3,0,4,0,0,3,2,2,0,3,5,4,3,2,3,0,3,5,3,0,5,2,0,1,26,2,8,0,0,0,0,0,0
100540,0,4,2,0,5,2,3,5,0,5,5,3,2,0,2,3,4,1,2,2,3,2,2,0,25,4,10,0,0,1,1,1,1
100541,4,3,5,4,3,2,4,1,3,1,3,5,0,4,4,3,1,5,5,5,5,7,2,0,20,5,10,1,1,1,1,1,1
100542,0,5,2,5,5,4,5,3,5,4,0,2,4,0,2,2,0,1,4,5,4,2,1,0,20,6,2,1,1,1,0,1,0
100543,1,2,2,2,1,3,0,1,4,3,0,3,1,3,5,0,1,5,0,4,0,3,3,1,10,4,2,0,0,1,0,0,1
100544,1,2,0,1,5,4,1,3,4,3,3,5,3,3,0,0,1,5,5,3,1,2,3,0,10,5,6,0,0,0,1,0,0
100545,4,0,1,5,0,0,4,0,0,1,0,5,0,5,4,1,3,2,5,0,2,2,3,1,23,3,2,0,0,0,0,0,0
100546,0,4,5,1,0,0,0,1,5,5,3,2,2,5,3,2,1,5,4,3,3,7,0,3,26,0,4,0,0,0,0,0,0
100547,2,4,4,0,2,1,3,5,3,0,0,2,5,4,3,1,5,3,2,0,4,1,1,1,19,4,4,1,0,0,1,0,1
100548,3,5,4,0,3,1,2,4,5,1,4,4,3,3,3,4,4,4,3,0,3,10,0,2,10,6,4,0,1,1,1,1,1
100549,3,0,5,2,1,1,1,5,2,1,1,3,2,1,0,5,2,2,0,1,4,1,0,3,14,3,1,0,0,0,0,0,0
100550,4,1,1,4,1,4,3,4,4,3,0,2,1,4,3,4,3,1,3,5,0,7,0,2,26,2,3,0,1,1,1,1,1
100551,4,5,3,2,2,0,3,1,2,2,2,4,1,3,2,4,4,1,2,2,2,0,2,2,22,0,1,0,1,0,0,0,0
100552,2,0,2,2,0,0,4,2,3,5,5,4,5,3,1,2,4,1,5,4,5,6,3,1,9,1,6,1,0,0,0,0,0
100553,4,3,5,2,1,1,4,5,0,1,3,2,5,3,5,5,0,1,2,4,0,0,0,1,14,3,2,0,0,1,0,0,1
100554,1,2,2,5,0,1,5,4,2,3,5,2,1,1,1,1,3,3,4,5,5,5,2,0,13,6,3,1,0,0,0,0,0
100555,5,5,5,4,5,1,2,3,1,2,1,4,3,1,2,3,2,0,3,5,2,2,1,0,2,2,2,0,1,1,1,1,0
100556,3,5,4,3,5,1,4,5,4,1,4,0,4,0,2,3,1,0,5,2,2,1,2,1,13,0,3,1,1,1,1,1,1
100557,4,5,4,2,3,3,4,0,4,0,1,4,2,2,2,2,3,5,5,5,0,3,1,0,18,6,8,0,1,1,1,1,1
100558,5,1,5,3,4,0,5,5,5,4,2,2,1,4,3,4,1,1,5,0,3,8,3,1,22,4,4,1,1,1,1,1,1
100559,4,3,4,5,0,0,3,0,2,1,2,5,2,0,3,2,1,3,1,3,1,3,0,0,22,5,4,0,1,0,0,0,0
100560,5,4,1,3,0,5,1,5,4,0,3,3,2,2,2,3,3,0,0,4,2,10,1,4,20,6,8,0,1,1,1,1,1
100561,3,5,3,4,2,0,2,4,5,3,4,2,2,5,2,2,0,4,3,4,4,9,2,3,25,6,10,1,1,1,1,1,1
100562,0,0,2,0,5,0,1,2,2,0,0,0,2,5,4,3,2,3,4,4,5,4,1,0,8,6,7,0,0,0,0,0,1
100563,2,5,0,5,2,0,1,2,5,3,4,0,0,5,4,2,4,0,4,5,4,4,3,0,2,5,4,0,0,0,0,1,1
100564,1,2,3,5,4,3,1,0,4,4,4,3,1,2,3,4,2,3,0,5,0,1,0,1,10,6,2,0,1,1,0,0,1
100565,5,0,2,4,2,4,2,1,1,1,2,1,1,2,3,3,1,0,5,3,3,0,2,0,19,3,6,0,1,0,0,1,0
100566,1,3,2,5,1,4,4,1,2,0,0,5,2,1,0,0,1,5,5,0,1,7,1,0,23,6,9,0,1,1,0,0,1
100567,1,4,0,3,4,4,1,4,0,0,2,2,1,2,3,2,2,3,5,0,5,9,0,1,10,6,2,0,1,1,0,0,0
100568,1,0,3,1,2,0,1,1,2,0,1,5,2,4,1,3,4,0,0,3,4,8,1,3,4,3,0,0,0,0,0,0,0
100569,3,0,3,3,4,2,0,4,2,2,4,2,5,4,0,0,0,2,3,4,3,7,2,2,4,1,6,0,0,0,1,1,0
100570,3,5,0,3,4,3,1,1,1,2,0,2,5,3,3,0,3,5,1,0,1,1,0,0,28,6,3,0,1,0,0,0,1
100571,5,5,3,0,4,4,2,5,2,4,1,0,3,2,3,3,4,4,4,0,5,7,2,0,16,5,10,1,0,1,0,1,1
100572,2,0,1,1,4,2,2,2,0,2,4,2,3,4,3,0,1,1,1,2,5,2,3,0,27,1,0,0,0,0,0,1,0
100573,1,5,0,1,4,5,2,4,2,3,5,4,1,2,4,3,4,3,5,5,3,9,0,4,7,1,3,1,1,1,1,1,1
100574,0,5,2,3,2,5,1,4,1,2,3,5,0,0,2,0,2,5,5,5,5,3,2,2,2,1,6,1,0,0,0,0,0
100575,0,5,2,0,1,4,2,5,1,2,0,2,3,5,2,5,0,2,5,1,4,0,3,2,20,5,3,0,1,1,1,1,1
100576,2,1,5,4,3,4,3,3,4,4,4,5,1,0,1,3,4,4,5,4,4,3,3,2,24,1,9,1,1,1,1,1,1
100577,5,3,0,0,1,5,0,2,5,3,0,0,0,5,0,3,4,2,3,4,0,4,1,2,15,2,9,0,0,1,1,0,1
100578,3,5,2,5,0,4,5,3,1,3,0,0,5,3,5,5,4,1,3,1,1,3,2,2,2,4,0,1,0,1,0,1,1
100579,5,5,4,4,2,3,1,0,3,2,4,0,1,5,1,3,0,0,2,4,1,1,1,2,22,2,8,1,0,0,1,1,0
100580,0,3,1,2,3,2,0,5,5,4,2,0,0,3,2,0,2,5,3,3,1,6,2,4,10,0,6,0,1,1,1,1,1
100581,0,1,5,2,3,2,1,4,3,1,0,0,3,0,5,5,1,3,3,5,4,3,0,4,6,6,10,0,0,1,0,1,1
100582,5,0,4,4,2,4,3,0,0,0,2,0,3,0,1,2,3,3,3,2,4,9,2,2,9,1,8,1,1,0,0,1,0
100583,0,1,5,0,4,1,3,1,4,2,2,4,1,0,1,4,2,0,1,1,4,5,1,4,2,6,8,0,0,0,1,0,0
100584,0,0,5,4,1,3,0,0,0,1,3,2,1,2,4,5,3,3,3,2,2,6,2,0,24,3,6,0,0,0,0,0,0
100585,2,1,0,3,3,3,2,4,3,5,5,4,0,4,2,2,5,1,2,2,4,1,3,3,15,2,7,1,1,1,1,0,0
100586,5,0,2,1,1,2,1,3,2,5,0,4,2,3,1,5,0,5,0,0,4,1,1,1,6,2,9,0,0,0,1,0,0
100587,4,4,4,5,5,2,5,0,3,1,3,4,2,4,4,5,1,3,5,0,0,8,1,0,26,0,0,1,1,1,0,1,1
100588,0,3,0,3,3,0,1,3,1,2,3,0,2,3,1,2,3,2,1,3,3,1,2,3,10,0,5,0,1,0,0,0,0
100589,5,3,2,0,3,4,5,2,5,2,5,0,5,0,0,0,5,2,3,3,0,8,1,4,16,4,8,1,1,1,1,1,1
100590,5,4,4,3,2,0,3,2,0,1,2,4,5,1,4,4,0,0,3,3,5,10,3,0,23,1,4,1,1,0,0,1,1
100591,4,2,4,2,4,0,5,3,5,0,0,5,5,0,5,4,5,4,1,1,0,4,1,2,19,2,5,1,1,0,1,1,1
100592,5,2,2,4,2,1,3,5,0,5,5,1,3,5,5,0,4,0,1,0,4,0,3,4,2,0,1,1,0,0,1,1,1
100593,1,1,5,2,4,3,0,5,1,3,0,3,5,4,0,5,1,5,2,5,0,7,3,3,16,4,0,1,1,1,1,1,1
100594,5,2,4,5,0,1,3,0,3,2,2,0,1,0,2,4,4,1,3,0,4,10,2,2,10,1,6,0,1,1,0,1,0
100595,1,1,0,5,4,5,2,5,3,1,3,1,4,1,5,1,3,5,5,5,0,5,2,1,27,0,4,0,1,0,1,1,1
100596,4,3,1,0,5,5,4,3,1,2,0,3,3,1,3,4,0,5,5,2,3,5,3,1,30,3,2,1,1,1,0,1,1
100597,3,5,5,2,1,2,2,1,1,1,1,3,3,4,1,4,0,2,5,2,1,8,3,4,19,2,3,1,1,1,1,1,1
100598,4,3,0,1,1,5,1,5,3,1,0,3,0,0,2,3,1,5,4,3,4,0,0,1,26,2,7,0,0,1,0,0,0
100599,3,1,0,2,5,0,0,2,0,5,5,2,0,5,1,3,3,4,4,4,5,3,1,0,18,4,0,0,0,0,0,0,0
100600,3,4,2,0,2,0,4,2,0,3,1,1,5,1,3,0,4,3,3,1,2,2,1,1,20,5,8,0,0,0,0,0,0
100601,3,4,5,3,4,2,1,5,2,1,3,4,1,5,3,5,0,1,2,0,1,0,3,1,10,5,1,1,1,1,1,0,0
100602,4,2,4,0,1,5,4,3,0,1,1,1,2,4,4,1,3,3,1,4,3,6,2,0,14,2,4,1,0,1,1,0,0
100603,4,1,0,3,2,3,0,0,0,4,4,4,4,2,1,1,4,3,4,0,0,5,0,2,8,0,4,0,0,1,0,0,0
100604,0,4,2,2,4,4,0,0,0,3,4,2,5,0,4,1,2,1,2,4,5,2,0,2,23,2,5,0,0,0,0,0,0
100605,4,1,5,5,5,3,4,4,4,5,0,3,2,3,2,1,1,3,5,0,0,2,1,4,24,1,7,1,1,1,1,1,1
100606,3,5,1,5,2,2,2,2,0,4,4,5,4,0,0,0,1,5,0,1,4,10,2,1,14,2,8,1,1,1,1,1,0
100607,1,1,3,3,0,5,3,0,1,2,3,2,3,4,4,4,2,2,3,3,4,5,2,1,11,6,2,0,1,0,0,0,1
100608,3,2,2,2,2,5,0,0,4,3,0,5,1,1,0,5,1,2,0,4,5,0,3,4,4,1,6,1,0,1,0,1,0
100609,5,4,4,4,3,2,1,5,2,2,1,0,3,5,0,0,3,3,2,0,4,2,1,2,9,0,9,1,1,0,1,1,1
100610,5,0,4,4,5,4,0,3,2,0,5,3,5,0,4,1,0,2,5,3,4,3,0,0,16,1,2,0,1,0,0,0,0
100611,5,1,4,0,5,3,1,3,3,0,2,3,5,2,0,2,4,3,1,0,1,9,1,2,27,2,8,1,1,1,0,1,1
100612,2,0,0,2,4,3,1,3,3,0,0,5,5,2,3,1,5,5,5,1,2,3,2,2,20,6,8,0,0,1,0,0,1
100613,4,2,2,5,0,0,2,2,2,5,3,1,0,4,2,1,1,4,5,5,3,5,1,2,17,3,7,1,0,0,1,1,1
100614,2,3,4,1,3,1,1,5,5,5,4,3,4,1,5,4,4,4,3,4,5,7,0,3,18,3,9,0,1,0,1,1,1
100615,4,1,2,0,3,5,2,3,1,2,2,3,2,4,1,5,4,1,5,3,3,0,3,4,12,1,0,1,1,1,1,0,0
100616,3,2,4,5,2,1,5,3,1,5,0,0,2,1,0,1,3,4,3,3,1,10,0,3,17,6,6,1,1,1,1,1,0
100617,1,4,3,5,5,3,0,5,3,4,0,5,2,0,0,3,1,0,5,1,2,1,2,3,28,5,1,1,0,1,0,1,0
100618,1,5,2,3,5,5,5,0,5,0,2,2,4,5,5,2,5,2,1,2,1,10,0,1,30,4,0,1,1,1,1,1,1
100619,0,0,0,3,1,3,2,1,5,1,2,2,3,1,5,2,3,1,1,0,4,6,3,4,10,1,2,0,0,0,0,0,0
100620,0,3,5,2,5,1,3,4,4,2,4,5,0,2,0,0,2,0,2,0,1,4,0,4,2,2,5,0,1,0,0,0,0
100621,2,0,4,2,5,5,4,0,0,4,4,0,2,3,2,4,1,5,5,1,5,10,2,0,9,3,10,0,1,1,0,1,1
100622,2,3,5,5,4,0,4,1,4,3,1,3,5,0,0,5,5,2,1,4,4,7,3,4,13,6,10,1,1,1,1,1,1
100623,0,5,1,5,2,4,5,0,0,2,4,0,0,3,4,4,4,3,5,2,1,7,0,1,30,4,10,0,0,1,0,1,1
100624,2,4,1,2,4,1,5,4,5,5,0,5,1,3,5,5,5,2,5,1,3,10,2,2,6,0,8,1,1,0,1,1,1
100625,3,1,1,1,3,3,0,5,0,1,1,4,0,4,4,4,4,4,3,0,1,2,3,3,27,0,1,0,1,0,0,0,1
100626,1,1,0,1,5,2,2,1,0,5,4,3,4,0,3,2,0,4,4,1,3,8,0,2,13,6,8,0,1,0,0,0,0
100627,2,4,1,0,4,3,3,4,3,4,5,2,4,5,2,4,4,0,0,2,2,2,1,2,24,4,8,1,1,1,1,0,1
100628,2,4,1,2,5,2,3,4,3,4,4,5,4,0,1,1,5,4,1,5,4,1,3,1,12,2,6,1,1,0,0,0,1
100629,3,1,5,3,2,3,5,5,2,0,2,1,0,5,4,2,0,3,2,0,1,4,3,1,23,6,6,0,1,1,1,0,1
100630,2,0,1,4,0,5,3,5,2,0,5,4,5,1,3,4,4,5,2,0,4,10,1,1,3,5,2,1,0,0,0,0,1
100631,4,2,3,4,2,4,2,2,4,5,2,2,5,0,2,1,4,0,0,0,4,7,0,2,8,3,8,1,0,1,1,0,0
100632,1,3,3,2,5,2,5,0,3,4,3,4,4,1,2,4,2,0,0,5,1,4,2,3,6,5,2,0,1,1,1,0,0
100633,2,2,2,1,3,5,4,4,4,1,4,4,5,2,4,1,5,1,2,5,4,1,0,0,24,0,2,1,0,1,1,1,0
100634,2,5,5,5,4,5,4,3,1,5,0,5,4,0,5,0,2,2,1,1,4,4,2,2,24,2,4,1,1,1,1,1,0
100635,1,4,0,4,3,3,3,2,3,1,5,3,0,1,0,4,2,4,5,1,1,7,1,2,4,5,7,1,1,0,0,0,1
100636,4,4,5,3,3,3,0,3,0,2,3,1,4,1,4,2,0,4,1,2,3,0,3,4,13,0,0,1,1,1,0,1,1
100637,1,0,4,0,0,0,5,3,1,1,1,5,5,0,2,5,2,4,4,0,0,4,1,0,19,0,10,0,0,0,0,0,0
100638,1,5,1,2,2,3,4,1,5,2,4,3,3,2,3,1,4,2,0,4,5,9,2,2,28,5,9,0,0,1,1,0,1
100639,4,4,4,3,0,1,0,1,0,4,2,4,5,0,4,4,3,0,5,5,4,0,0,1,16,4,7,0,0,0,0,0,0
100640,5,2,2,5,2,0,1,2,2,0,0,1,0,1,1,1,1,1,5,2,0,10,2,3,30,5,2,1,1,0,0,1,1
100641,4,3,5,3,4,5,2,2,2,5,4,3,3,0,1,2,4,2,0,1,4,7,1,0,23,6,10,1,0,1,1,1,0
100642,5,4,0,2,4,1,1,4,1,1,0,5,5,0,0,2,2,4,0,1,1,9,0,3,27,1,6,0,1,1,0,0,1
100643,5,5,0,2,1,3,3,0,0,5,3,2,3,2,5,5,2,5,5,1,3,6,2,4,30,0,9,1,1,0,1,1,1
100644,2,3,3,2,3,5,3,1,0,5,4,3,2,5,4,2,3,0,3,0,1,2,0,1,20,5,7,1,1,0,0,1,1
100645,4,0,5,0,1,3,1,4,4,3,0,1,1,2,4,2,0,5,4,4,0,8,3,1,22,3,0,0,0,1,0,1,0
100646,1,3,0,0,1,4,4,0,3,0,4,1,4,3,0,2,3,2,2,1,0,1,1,4,18,3,3,0,0,0,0,0,0
100647,2,4,4,4,5,4,1,4,3,3,2,4,5,0,5,5,4,3,0,3,0,0,1,1,26,5,10,1,1,1,1,1,0
100648,3,0,5,2,3,2,0,4,0,4,2,2,2,4,0,2,1,4,2,5,4,2,2,2,23,5,9,1,0,0,1,0,0
100649,5,4,2,5,1,5,5,1,3,5,0,1,2,4,1,3,3,2,4,2,5,1,2,0,13,4,1,1,1,1,1,1,0
100650,5,1,5,2,0,5,1,3,1,0,4,1,2,2,3,0,0,0,0,0,4,2,3,2,2,3,0,1,1,1,0,0,0
100651,2,5,4,5,0,2,1,2,1,4,0,0,3,1,0,3,4,1,2,1,5,0,1,4,28,2,5,0,1,1,0,1,0
100652,3,3,1,1,2,4,4,1,5,1,1,2,2,3,4,0,4,5,4,5,3,3,0,0,5,0,8,0,0,1,0,1,0
100653,1,1,5,1,0,1,4,0,2,4,1,1,4,3,5,0,4,3,3,4,2,9,3,3,25,6,5,1,0,1,0,1,1
100654,4,0,4,3,3,0,0,5,0,3,2,0,5,4,2,1,2,2,1,3,5,5,3,4,3,0,4,0,0,0,1,1,1
100655,3,0,0,4,2,3,0,5,3,5,5,2,1,1,0,1,3,5,3,0,1,8,1,0,22,5,7,0,0,0,1,0,0
100656,3,4,3,0,3,3,5,5,1,0,4,5,1,2,3,3,4,2,4,4,3,10,1,3,25,4,2,0,1,1,1,1,1
100657,4,2,3,3,1,3,3,0,0,3,4,5,3,4,4,1,2,4,4,0,0,5,2,2,8,2,6,0,1,1,0,0,0
100658,3,5,4,1,0,4,2,5,4,4,1,3,3,4,5,1,2,5,1,4,3,4,3,1,6,6,3,0,0,1,1,1,1
100659,0,1,4,4,0,2,2,3,3,2,3,3,2,4,1,5,1,2,5,2,1,6,0,0,22,3,8,1,0,0,0,0,0
100660,1,5,2,3,0,4,3,3,1,1,2,5,0,4,1,3,2,0,5,0,1,2,1,1,28,5,1,0,0,1,0,0,0
100661,1,5,1,3,0,5,4,2,4,1,2,4,0,0,0,0,4,2,3,5,4,10,1,2,8,2,1,0,0,1,0,1,0
100662,4,0,1,1,1,0,0,1,1,4,3,1,2,1,0,4,5,2,1,5,5,2,1,1,19,3,0,0,0,0,0,0,0
100663,0,3,0,1,4,2,1,1,3,1,0,3,4,1,4,4,1,3,2,4,4,10,2,0,30,6,10,0,0,0,1,1,1
100664,1,5,3,3,3,1,5,1,3,5,2,2,3,1,1,5,1,3,4,4,2,6,2,4,30,6,7,1,1,1,1,1,1
100665,3,1,5,2,1,3,1,4,0,1,2,0,4,2,1,3,0,3,4,2,4,3,3,3,20,3,9,0,1,0,0,0,0
100666,4,0,0,4,5,2,5,5,4,2,5,5,0,1,2,5,2,0,4,4,5,7,3,4,22,3,0,1,1,0,1,1,1
100667,3,5,4,0,4,1,2,5,3,5,5,3,5,4,0,5,4,5,2,1,4,7,1,4,15,0,8,1,0,1,1,1,1
100668,5,2,3,1,4,1,1,5,2,0,5,4,4,3,4,2,2,1,5,2,2,5,0,2,4,3,10,1,1,0,0,0,0
100669,5,0,1,0,5,2,3,0,4,2,3,4,3,0,3,0,0,4,2,5,3,5,0,2,19,6,3,0,0,0,1,0,0
100670,0,5,1,0,4,0,3,4,4,5,3,0,4,4,2,5,1,3,5,3,2,8,3,3,16,2,2,0,1,0,1,0,1
100671,5,4,1,1,5,0,2,5,2,1,4,1,5,1,1,3,1,1,5,3,3,8,0,4,8,2,8,1,1,1,1,1,0
100672,3,0,4,2,1,3,4,3,4,1,4,5,4,3,3,5,1,5,3,3,4,0,3,2,6,4,10,1,1,0,0,1,1
100673,3,1,1,0,5,5,0,3,0,0,4,1,2,2,4,0,4,1,5,0,1,8,1,0,26,3,9,0,1,1,0,1,0
100674,0,0,4,0,0,3,0,2,3,0,5,1,4,2,3,1,5,2,4,0,4,6,1,0,4,3,10,0,0,0,0,0,0
100675,3,5,2,5,1,5,3,4,1,1,2,3,2,1,4,0,2,1,1,0,3,4,2,3,23,2,4,1,1,1,0,1,0
100676,4,0,0,3,5,0,3,4,3,5,4,1,0,2,2,2,0,3,3,1,1,6,0,1,19,6,4,0,0,0,0,0,0
100677,3,4,0,4,0,5,4,3,3,3,3,4,5,0,0,4,5,0,1,0,5,3,0,2,7,2,9,1,0,0,0,1,0
100678,0,3,2,4,3,3,5,0,4,1,4,4,3,4,0,1,4,4,5,4,5,9,2,1,12,2,6,1,0,1,1,1,1
100679,3,3,2,0,2,4,5,5,3,4,5,4,4,3,4,2,4,0,5,3,3,5,1,4,4,6,10,0,1,1,1,1,1
100680,5,4,4,3,0,0,3,3,0,3,0,4,4,3,0,5,0,0,3,2,0,2,0,1,15,3,4,0,1,0,0,0,0
100681,4,5,2,5,1,3,3,5,5,1,5,0,2,5,2,1,0,5,0,2,3,5,1,2,19,5,8,1,1,1,1,1,1
100682,0,0,0,2,3,2,5,4,3,1,4,3,4,3,1,3,0,0,5,1,0,4,0,4,15,1,3,0,1,0,0,0,0
100683,5,0,1,5,3,5,5,3,0,1,5,1,1,2,4,2,5,1,1,4,5,1,3,2,18,1,3,1,1,0,0,1,1
100684,5,0,3,5,4,4,0,4,0,4,1,0,4,3,1,1,4,2,1,5,0,5,2,0,5,5,10,1,0,1,1,1,1
100685,1,4,2,3,0,5,3,1,0,4,3,5,4,4,4,5,5,2,0,3,4,2,3,1,14,1,10,0,0,0,1,1,1
100686,4,3,4,0,1,5,5,2,1,3,0,1,3,4,1,4,3,3,0,1,3,5,1,0,2,6,9,0,1,1,0,1,1
100687,2,0,5,3,0,4,0,0,1,2,0,4,2,3,3,2,2,0,5,2,4,1,3,4,23,0,9,0,1,0,1,0,0
100688,3,1,2,5,0,1,5,4,5,3,3,2,4,3,1,5,2,1,0,5,3,3,1,4,28,6,3,1,0,0,0,1,1
100689,2,3,3,3,2,1,4,1,4,5,5,4,0,5,2,2,0,2,3,4,1,3,1,4,2,4,9,1,1,1,1,1,0
100690,4,4,4,4,3,5,0,0,0,3,1,2,5,4,3,3,1,0,3,4,5,5,3,0,12,3,3,1,0,1,0,0,1
100691,5,2,1,3,2,3,3,4,2,3,4,2,3,4,0,1,3,0,3,1,4,0,1,1,15,1,4,1,0,0,1,0,0
100692,4,5,3,2,0,5,2,1,1,1,0,0,3,3,2,2,2,4,5,4,2,1,0,0,3,3,7,0,0,0,0,1,1
100693,5,5,1,5,1,4,2,1,2,2,0,2,1,5,4,5,3,5,4,4,5,6,2,2,24,2,0,1,1,1,1,1,1
100694,5,4,3,0,2,3,3,0,0,0,3,4,0,5,1,1,5,4,1,3,4,4,1,3,12,2,2,1,0,0,0,1,1
100695,0,2,4,2,2,0,4,3,1,2,1,4,2,2,0,2,0,5,4,5,2,0,3,1,20,4,8,0,0,0,0,0,0
100696,1,5,0,0,4,5,5,2,3,4,0,5,4,4,1,4,4,5,3,3,3,10,2,0,21,6,6,1,1,1,1,1,1
100697,4,4,1,3,3,1,2,3,3,4,5,3,0,3,2,1,5,5,1,1,1,9,3,0,15,4,7,1,0,1,1,1,1
100698,3,3,0,5,5,1,0,2,5,5,5,5,3,3,0,4,5,4,3,0,2,2,2,1,18,0,2,1,0,0,1,0,1
100699,0,2,0,5,1,0,5,4,5,2,0,3,5,3,4,2,1,1,4,0,2,2,0,3,3,6,5,0,0,0,0,0,1
100700,0,4,0,1,2,0,2,2,2,4,5,4,4,5,4,3,1,4,3,5,3,1,2,1,10,5,4,0,0,0,0,0,1
100701,3,3,4,4,0,2,4,4,4,4,0,0,1,5,3,5,3,4,3,3,1,9,2,3,11,5,6,1,1,1,1,1,1
100702,3,1,5,5,0,5,4,2,5,4,4,1,1,5,2,4,2,3,1,2,1,0,3,4,9,3,2,1,0,1,1,1,1
100703,1,5,2,5,5,5,0,0,2,4,4,3,2,1,4,5,3,2,4,1,2,10,0,0,18,0,3,1,1,1,0,1,1
100704,1,0,5,3,2,2,2,2,2,2,1,3,0,2,3,1,4,5,1,3,4,8,1,0,20,4,4,0,0,0,0,1,0
100705,0,4,4,1,3,1,0,1,3,2,0,2,3,0,4,5,0,3,2,5,0,0,0,3,19,4,8,0,0,0,0,0,0
100706,3,3,4,2,1,2,3,2,5,3,3,5,4,4,2,3,5,4,4,0,3,6,1,0,13,4,5,1,0,0,1,1,1
100707,0,3,4,4,0,5,4,0,4,2,5,2,3,4,0,4,0,5,5,4,3,8,3,2,11,2,1,1,1,0,1,1,0
100708,3,0,1,3,5,0,3,4,5,4,0,0,0,5,0,1,3,0,0,1,4,2,1,3,19,3,7,0,0,0,0,0,0
100709,2,2,3,2,3,0,1,3,4,5,5,3,5,4,4,4,5,3,5,2,1,1,0,3,27,3,4,1,0,0,1,0,1
100710,2,5,3,1,4,0,5,0,1,0,3,1,2,1,4,5,0,4,4,5,2,4,1,1,8,3,4,0,0,1,0,0,1
100711,4,1,3,3,3,5,0,5,1,3,5,0,3,1,0,2,2,2,1,4,0,2,2,0,5,5,4,1,0,0,1,0,0
100712,3,4,4,2,2,0,0,2,5,2,1,1,3,2,0,2,2,1,0,2,1,2,1,2,12,4,9,0,0,0,1,0,0
100713,4,5,0,2,2,5,2,1,2,0,3,0,3,4,1,3,2,3,1,5,4,7,0,1,9,3,5,0,0,1,1,1,0
100714,4,5,4,5,4,1,5,0,1,1,2,3,0,2,2,1,5,4,0,2,2,7,1,0,26,6,0,1,1,1,1,1,1
100715,5,3,4,0,1,3,5,1,1,4,3,2,1,5,1,3,0,3,1,1,4,9,2,4,26,1,8,1,0,1,1,1,1
100716,4,1,0,1,2,5,3,0,2,2,1,5,3,3,3,1,4,5,1,1,2,1,1,4,18,2,3,0,0,1,1,0,1
100717,3,4,2,5,1,0,5,2,3,0,2,0,2,2,5,4,0,3,0,4,4,0,1,0,13,1,6,0,0,0,0,0,0
100718,2,2,5,5,3,1,5,3,1,4,5,2,0,5,3,5,5,0,2,5,1,8,3,3,13,3,9,1,1,1,1,1,1
100719,1,3,0,1,5,4,3,2,1,1,5,5,5,3,1,4,5,0,4,1,3,7,2,1,9,1,0,0,1,0,0,1,0
100720,3,4,0,5,5,4,0,5,2,2,1,3,1,1,2,5,4,0,5,4,3,3,1,3,8,1,0,1,1,1,1,1,1
100721,0,4,4,1,3,5,5,5,1,1,0,2,1,2,5,2,5,4,5,3,3,4,3,0,17,4,7,1,1,0,1,1,1
100722,5,1,1,0,1,0,3,1,5,4,2,3,5,4,4,4,0,4,2,2,1,5,1,3,19,4,8,0,0,0,1,0,1
100723,5,4,4,1,5,4,0,3,0,5,1,1,1,0,0,3,0,0,3,2,1,7,0,0,18,3,9,1,1,1,0,1,0
100724,0,3,5,3,1,1,5,2,4,5,1,5,3,4,2,2,1,4,2,5,3,8,1,1,13,6,0,1,0,1,0,1,1
100725,4,5,2,0,2,3,2,1,1,0,1,3,3,0,0,3,2,4,3,5,5,8,3,1,24,3,4,1,1,0,0,0,0
100726,0,3,2,1,5,5,4,1,3,5,3,1,5,4,5,3,2,4,4,3,3,5,1,2,11,3,4,1,1,1,0,1,0
100727,4,5,2,4,1,5,1,3,1,3,0,0,5,4,4,0,0,2,2,3,2,4,0,2,22,1,8,1,1,1,1,1,0
100728,0,5,2,3,2,1,0,0,5,4,5,3,2,3,1,4,0,2,1,5,0,4,1,2,20,1,9,0,0,1,1,0,0
100729,2,5,2,3,5,2,2,4,5,0,0,5,0,1,4,3,4,0,5,1,0,9,3,0,12,3,3,1,1,1,0,1,0
100730,3,4,3,5,1,1,2,5,2,5,0,5,4,3,2,0,4,5,3,0,4,4,3,3,19,3,2,1,1,0,1,1,1
100731,4,3,5,1,3,3,5,2,0,1,3,3,3,4,4,1,4,4,3,4,0,5,3,4,8,2,5,1,1,1,1,1,1
100732,2,0,5,5,0,4,0,3,1,2,0,5,0,1,0,0,2,3,4,2,2,5,1,0,8,3,1,0,0,0,0,1,0
100733,5,2,5,2,5,1,5,5,4,5,3,4,0,5,2,4,5,5,0,0,0,8,3,2,12,1,3,1,1,1,1,1,1
100734,4,2,0,5,2,0,0,4,4,4,0,2,1,0,3,2,1,5,5,3,4,1,1,1,24,1,3,0,0,0,0,0,0
100735,1,4,1,4,4,0,5,2,0,3,5,5,5,5,0,2,4,1,5,5,1,0,1,4,24,2,8,0,1,0,1,0,0
100736,4,3,4,1,3,0,4,5,0,4,3,0,1,2,2,2,1,2,0,1,4,3,1,3,24,3,4,1,1,1,0,1,0
100737,4,2,3,1,2,2,2,0,2,2,1,5,5,4,4,4,3,1,1,5,2,0,2,3,13,4,3,0,1,0,0,1,1
100738,2,0,2,3,2,5,5,3,4,5,3,5,0,1,4,2,5,2,3,3,4,6,2,0,19,4,6,1,1,1,1,0,0
100739,4,4,1,3,0,1,2,1,4,0,3,3,3,3,0,5,0,0,4,5,2,10,3,3,30,3,0,1,1,0,1,0,0
100740,5,2,0,1,1,2,3,1,0,3,4,5,5,3,4,1,4,3,0,4,1,2,2,4,19,1,5,1,0,0,1,0,0
100741,4,0,1,1,2,4,0,3,5,0,4,0,3,2,4,5,3,0,0,5,5,1,0,4,24,3,9,0,0,0,0,0,1
100742,4,1,2,5,2,3,0,4,1,2,5,0,3,5,2,3,1,4,2,1,4,6,0,2,10,3,9,1,1,1,1,0,1
100743,3,5,2,4,1,1,2,4,1,3,5,2,2,5,4,3,5,5,0,2,3,10,0,3,20,6,1,1,0,0,0,1,1
100744,1,0,3,1,3,0,1,4,2,5,0,0,3,0,3,4,4,0,2,2,3,2,1,0,13,4,9,0,0,0,1,0,0
100745,4,2,1,4,4,0,1,1,4,5,4,1,1,4,5,5,4,1,3,3,5,0,0,0,27,3,8,0,1,0,1,1,1
100746,2,3,1,0,5,1,2,2,1,4,5,1,3,3,4,5,5,0,4,5,5,7,0,0,26,6,9,1,0,0,0,1,1
100747,3,0,5,2,5,0,3,0,3,5,1,2,0,3,5,5,5,4,1,3,0,10,2,1,25,4,1,0,0,1,0,1,0
100748,1,0,2,0,3,2,0,3,1,0,4,3,1,0,5,2,4,4,4,3,3,1,0,1,26,0,9,0,0,0,0,0,0
100749,1,5,1,3,2,3,4,4,0,3,3,1,4,3,2,4,1,3,1,4,5,6,2,2,17,0,4,1,1,1,1,0,1
100750,0,3,3,1,3,4,5,2,0,3,3,1,5,2,0,1,2,3,4,4,0,5,0,0,26,6,8,1,1,1,0,0,1
100751,5,1,3,1,0,5,5,1,2,0,4,4,2,0,3,2,2,3,1,0,5,2,0,4,3,3,2,1,1,0,0,0,0
100752,0,1,3,1,4,1,1,1,0,3,2,1,4,1,3,0,1,1,1,4,3,8,0,2,26,0,4,0,0,0,0,0,0
100753,0,2,1,1,3,3,5,3,3,0,5,2,2,0,5,2,1,3,4,3,0,3,2,0,19,0,0,0,1,0,0,0,0
100754,5,4,4,0,0,5,0,4,4,3,4,4,0,1,5,3,4,2,1,1,3,3,0,4,26,3,9,0,1,1,1,1,1
100755,3,4,1,3,2,0,0,2,3,1,2,2,5,1,0,5,3,2,5,1,1,4,3,0,23,2,9,0,1,0,1,1,1
100756,2,1,5,5,1,4,4,1,2,5,3,1,2,5,1,0,0,4,1,4,5,8,0,0,15,6,2,1,0,0,0,1,0
100757,4,4,2,1,2,0,4,2,1,1,5,4,0,1,3,3,4,5,1,4,5,0,1,3,25,3,8,1,1,0,1,1,1
100758,2,5,2,4,0,3,0,1,0,3,2,5,0,2,3,5,1,1,1,5,1,3,1,0,12,6,9,1,0,1,0,1,0
100759,0,1,2,3,0,4,2,0,0,3,5,5,1,4,2,4,0,3,2,1,4,8,0,1,15,1,8,0,0,0,0,1,0
100760,4,0,2,1,2,2,2,2,0,5,0,2,4,0,1,2,0,3,2,5,2,8,0,0,29,5,9,0,0,0,1,0,0
100761,1,5,3,0,1,3,4,5,3,2,4,0,1,2,2,2,0,5,1,1,1,8,1,0,18,0,2,0,0,0,1,0,0
100762,3,3,2,4,5,3,3,3,1,2,3,2,3,1,4,3,1,3,2,0,4,9,1,0,24,0,7,1,1,0,0,0,1
100763,5,4,0,0,1,3,3,0,3,4,4,4,0,3,5,4,3,2,4,1,2,2,1,0,14,1,9,0,0,0,0,0,0
100764,5,1,3,2,1,4,0,5,2,0,3,5,5,5,4,2,1,5,2,1,3,0,1,1,2,2,8,0,1,0,1,1,0
100765,2,1,1,0,5,5,5,1,1,3,2,0,5,3,0,3,5,5,0,0,1,1,3,4,30,2,8,1,0,0,1,0,1
100766,4,1,0,4,5,0,3,3,2,2,0,0,5,2,5,0,2,4,4,0,2,2,3,2,6,1,10,1,1,1,0,1,1
100767,3,1,5,5,0,2,4,3,2,5,1,1,3,0,3,1,0,5,0,0,4,4,1,0,18,0,9,0,1,0,1,0,0
100768,2,2,1,1,0,5,2,4,0,3,5,0,0,5,4,4,0,4,4,2,4,10,0,3,21,3,9,1,1,0,1,0,1
100769,0,0,3,1,0,2,1,4,0,4,2,1,0,2,4,2,1,1,1,0,5,10,1,0,26,0,2,0,0,0,0,0,0
100770,2,5,1,3,2,2,4,1,5,4,0,2,0,3,2,2,3,4,4,1,0,1,2,0,24,2,6,1,0,0,0,0,0
100771,3,3,2,3,3,4,1,4,0,0,0,1,2,3,3,5,3,5,3,2,4,1,3,3,25,2,5,1,1,1,0,1,1
100772,5,5,2,2,2,5,1,3,1,3,1,3,5,3,3,2,5,5,4,3,2,1,0,1,5,6,10,1,1,1,1,0,1
100773,0,3,0,2,0,1,3,2,2,4,4,5,4,0,0,2,0,4,2,1,4,9,0,4,12,0,1,0,0,0,0,0,0
100774,4,1,5,1,1,5,2,0,2,2,2,3,3,2,4,4,0,1,1,1,2,0,3,0,18,1,4,0,0,1,0,0,0
100775,5,3,1,1,3,4,5,3,4,1,2,3,4,2,1,5,3,4,0,4,1,4,1,1,26,6,8,0,1,1,0,0,1
100776,5,0,3,3,2,0,3,2,4,2,4,5,2,4,4,2,4,0,5,4,0,2,2,4,18,5,9,0,1,0,1,1,1
100777,2,4,3,4,0,5,2,2,3,0,3,3,3,2,0,1,2,3,5,2,5,9,3,3,29,5,4,1,1,1,1,1,1
100778,0,4,2,4,3,2,0,4,1,5,0,5,3,5,0,3,1,1,3,5,5,6,3,3,13,2,7,1,1,1,1,1,0
100779,1,0,3,3,3,1,2,4,5,0,2,5,3,3,1,0,2,0,5,3,1,7,3,0,12,2,2,1,0,0,0,0,0
100780,5,3,3,4,2,3,0,1,0,0,4,0,2,0,1,4,3,5,4,0,5,2,0,0,17,6,10,0,0,1,0,0,0
100781,5,3,0,3,5,3,1,1,1,0,4,5,4,5,0,2,2,4,0,0,4,8,1,2,5,1,5,0,1,0,0,1,0
100782,3,1,4,2,5,3,1,5,2,1,2,0,3,2,4,5,0,4,5,1,3,10,2,0,3,1,2,0,1,0,0,0,0
100783,0,0,0,2,0,0,3,3,2,1,1,1,1,4,0,1,0,3,5,1,3,8,0,3,10,1,1,0,0,0,0,0,0
100784,0,4,2,3,5,4,0,2,3,3,1,3,5,1,0,4,5,0,4,1,2,5,0,1,13,2,3,0,1,0,1,0,0
100785,2,1,2,1,0,2,0,5,0,0,0,4,2,4,3,0,2,3,3,4,5,0,2,2,13,0,2,0,0,0,0,0,0
100786,3,3,2,4,2,0,0,4,5,4,0,5,3,5,3,0,0,2,3,5,3,6,1,3,6,2,4,0,1,1,1,1,1
100787,0,1,0,1,5,3,5,5,0,2,5,2,3,0,3,2,2,5,2,3,5,6,0,0,26,2,9,0,1,1,0,0,0
100788,4,3,4,0,5,3,5,2,2,2,2,1,1,4,5,3,1,3,2,3,5,2,3,4,19,5,7,1,1,1,0,1,1
100789,3,0,2,2,0,0,1,0,3,3,1,2,0,4,4,1,1,5,1,5,5,0,1,4,14,1,5,0,0,0,0,0,0
100790,0,2,0,0,0,5,2,4,5,0,2,2,1,1,2,3,3,0,3,1,5,6,1,1,17,4,6,0,0,0,0,0,1
100791,0,3,0,1,1,3,1,4,3,3,3,1,5,2,3,3,4,1,1,3,3,8,3,1,21,4,7,0,1,0,1,0,0
100792,2,2,3,2,1,5,3,3,3,3,0,1,5,2,1,0,4,3,5,2,1,2,2,4,2,6,2,1,1,0,1,0,1
100793,4,3,3,0,1,4,3,2,1,4,5,4,0,2,4,5,5,5,0,5,2,6,0,3,28,2,0,1,0,1,0,1,1
100794,4,1,3,1,2,0,1,0,4,0,2,5,3,2,5,4,2,0,0,4,4,10,2,4,29,1,4,1,1,0,0,1,1
100795,2,2,4,3,1,1,3,1,3,0,3,3,1,5,3,1,4,0,5,3,3,6,3,2,5,0,6,0,0,0,1,1,0
100796,1,4,4,2,3,5,0,5,0,0,3,0,3,5,2,2,1,4,2,4,0,9,1,3,13,6,9,1,1,1,0,1,0
100797,5,2,5,5,5,3,3,1,2,5,5,4,3,5,3,1,3,0,3,4,4,8,1,4,26,2,10,1,1,1,1,1,1
100798,2,0,5,0,3,0,4,3,5,2,5,3,0,2,4,3,3,1,1,2,4,0,0,2,8,0,6,1,1,0,0,0,0
100799,1,5,5,4,1,0,0,3,5,1,0,2,5,4,5,4,2,3,1,3,1,7,2,2,17,1,4,1,0,0,1,0,1
100800,2,4,4,3,3,3,4,2,1,0,4,0,5,0,0,1,5,2,2,1,1,4,3,4,16,3,7,1,1,1,1,0,0
100801,0,4,2,3,3,3,4,5,4,1,0,4,5,0,3,3,5,4,0,0,4,1,0,4,22,3,2,1,1,1,0,0,1
100802,1,4,3,4,5,1,5,4,1,2,0,3,2,4,1,1,3,0,3,5,4,4,2,3,19,1,1,1,1,1,0,1,0
100803,3,4,3,0,5,1,4,5,4,5,3,1,4,3,0,2,1,3,0,0,5,2,0,1,3,3,6,1,0,1,1,0,1
100804,5,4,1,4,1,3,0,1,3,4,2,2,5,0,0,2,1,3,4,5,4,5,3,2,29,3,5,1,1,1,1,0,0
100805,4,3,4,1,5,2,0,4,1,5,2,3,1,3,0,2,3,1,2,3,4,4,0,3,26,1,3,0,0,0,1,1,0
100806,4,0,3,3,4,0,0,4,5,0,0,3,1,3,2,1,5,4,0,0,0,8,2,3,29,5,9,1,0,1,1,1,1
100807,3,3,3,1,0,0,3,5,1,3,3,3,4,4,5,0,0,2,2,4,2,8,3,2,3,0,9,0,1,0,0,0,0
100808,0,1,5,2,3,1,4,2,2,2,3,0,1,3,5,5,4,5,2,3,3,9,0,3,22,3,9,1,0,0,0,1,1
100809,2,4,4,4,0,3,3,1,5,1,0,3,1,4,4,2,3,4,0,1,0,7,2,3,15,4,6,1,1,0,0,0,1
100810,5,2,5,5,2,1,1,4,1,2,2,0,1,4,3,4,3,4,1,0,2,6,1,0,23,5,10,1,1,1,1,0,1
100811,0,5,5,5,0,0,1,4,1,3,0,0,4,3,3,5,0,3,1,4,0,7,0,0,12,1,0,0,0,0,0,0,1
100812,5,3,4,4,1,5,0,1,5,0,5,0,2,3,0,0,1,4,4,3,5,7,1,4,12,4,9,1,1,0,1,1,0
100813,4,3,1,3,3,4,2,1,2,5,4,3,1,4,4,2,2,0,4,2,0,5,2,2,15,3,0,1,0,1,1,0,0
100814,1,5,1,3,1,3,1,4,4,4,2,5,5,1,0,2,1,2,1,5,3,3,3,4,11,3,3,0,1,1,1,0,0
100815,4,2,1,5,0,1,1,3,0,5,0,5,5,5,4,3,3,2,5,5,4,9,2,2,28,5,6,1,0,1,1,1,1
100816,5,2,4,1,2,4,0,5,3,0,5,4,2,5,4,5,2,0,1,0,0,0,0,1,12,6,4,1,1,0,0,0,1
100817,0,2,5,5,3,5,1,3,0,0,2,4,1,3,1,4,3,4,3,1,2,2,2,1,10,3,0,1,0,0,0,1,0
100818,0,5,5,3,4,4,5,5,2,5,3,0,4,5,0,3,3,3,1,1,4,0,1,0,13,5,7,1,1,1,1,0,1
100819,3,4,4,3,0,1,1,1,1,5,4,0,4,4,5,1,5,1,0,2,3,3,1,3,10,5,5,0,0,0,0,0,0
100820,5,0,4,3,2,2,5,4,2,3,2,1,4,2,1,2,2,0,3,3,5,0,3,3,19,6,2,1,1,0,0,0,0
100821,0,2,5,4,1,5,0,1,2,1,5,2,1,2,3,4,2,5,1,4,0,2,0,3,2,5,0,0,0,0,0,0,0
100822,3,2,4,4,0,0,3,4,5,1,1,2,1,3,4,3,3,3,0,1,3,8,0,4,17,3,8,1,1,1,1,1,1
100823,0,3,0,0,0,1,0,2,3,4,2,3,0,1,2,3,3,4,5,1,3,3,0,4,23,3,6,0,0,0,0,0,0
100824,3,0,3,4,4,0,2,3,0,5,1,0,3,3,1,1,0,0,4,0,5,2,2,2,12,6,7,0,0,0,1,1,0
100825,3,4,2,4,5,3,5,4,2,4,2,0,0,2,2,2,1,5,4,0,3,3,1,0,10,0,8,1,1,1,0,1,0
100826,0,4,3,5,3,2,4,0,4,2,4,5,5,3,2,2,4,0,5,1,1,7,2,3,24,0,6,1,1,1,1,1,0
100827,4,1,3,5,2,0,3,1,2,4,2,3,1,2,2,2,0,5,4,3,1,0,1,2,7,2,0,0,0,0,1,0,0
100828,5,0,1,5,5,5,3,3,3,1,5,2,3,0,2,1,1,3,1,2,1,1,1,3,30,6,10,1,1,1,0,1,0
100829,5,3,1,0,2,3,3,2,3,0,5,4,0,4,0,3,4,5,5,1,1,9,1,2,28,6,5,1,1,1,1,1,1
100830,0,1,0,3,3,1,4,3,5,2,1,4,1,2,2,4,5,5,2,1,5,8,0,1,17,3,7,1,1,0,0,0,1
100831,1,5,1,5,3,5,3,2,3,2,4,5,1,1,2,4,5,5,5,5,1,10,1,1,2,4,2,1,1,1,1,1,1
100832,1,4,4,5,3,4,3,0,3,3,2,3,5,1,1,1,4,4,5,5,2,6,3,0,12,0,0,1,1,1,0,1,0
100833,2,5,3,3,2,0,0,5,5,4,2,3,5,3,0,2,1,0,0,3,0,10,3,1,23,1,5,0,1,1,1,0,1
100834,0,3,5,5,2,4,5,4,1,4,1,5,3,4,2,2,4,4,5,5,5,4,0,4,23,5,0,1,1,1,0,1,0
100835,5,5,5,5,1,0,3,3,4,1,0,5,0,1,5,5,2,3,0,5,2,3,2,0,2,4,3,1,1,1,0,0,1
100836,4,0,5,0,4,5,1,0,4,3,2,4,5,5,1,5,1,4,4,3,5,9,3,1,7,6,9,1,1,0,0,1,1
100837,4,1,1,5,4,2,0,1,2,0,4,3,1,4,4,2,1,5,3,4,3,10,2,0,20,5,5,1,0,1,0,1,1
100838,1,0,2,3,2,1,3,3,5,5,5,0,3,0,5,2,1,2,1,0,3,7,2,2,19,3,3,0,0,0,0,0,0
100839,0,4,0,3,4,0,4,0,1,2,2,5,1,0,5,0,3,1,5,1,4,10,1,0,4,6,0,0,0,1,0,0,0
100840,5,3,0,1,0,5,4,2,5,5,0,0,2,4,1,2,4,4,2,0,4,9,0,4,10,3,2,1,1,1,1,1,1
100841,1,1,1,5,2,3,5,5,0,5,2,0,0,3,0,0,3,1,2,4,5,2,0,4,13,4,9,1,1,1,0,1,0
100842,3,1,1,1,5,3,5,5,1,1,1,2,2,0,4,2,5,2,5,4,4,7,2,1,7,6,6,0,1,1,0,1,1
100843,5,3,0,2,4,5,3,3,1,0,5,0,4,5,1,2,1,4,3,2,5,3,2,0,18,5,4,1,1,1,1,0,0
100844,0,1,5,1,4,3,5,1,2,5,4,0,5,0,1,1,3,5,1,4,2,0,2,2,17,0,7,0,1,0,0,0,0
100845,0,3,3,5,5,1,0,0,2,2,5,2,5,2,4,5,4,4,5,5,0,3,1,0,20,6,10,1,1,0,1,1,1
100846,0,3,3,2,3,4,2,1,4,0,1,2,5,0,1,4,2,4,0,1,2,6,1,0,5,5,6,0,0,1,0,0,0
100847,0,1,3,0,3,3,2,1,2,3,2,0,5,5,3,3,4,3,3,4,1,1,3,2,19,4,3,0,0,0,1,0,1
100848,0,1,5,0,2,1,4,3,3,5,0,5,2,2,2,4,3,1,2,5,5,5,3,0,17,4,7,0,1,1,1,0,0
100849,4,2,0,5,4,5,1,4,0,3,0,1,1,3,5,2,1,5,4,4,4,4,0,2,20,1,1,0,1,1,0,1,1
100850,3,3,2,1,4,4,1,2,0,1,2,1,0,4,4,1,4,2,0,4,3,9,3,3,27,4,5,1,1,1,0,1,1
100851,5,1,1,4,3,1,5,4,2,2,2,4,0,1,2,5,0,1,3,4,3,10,0,1,26,0,2,0,1,1,1,1,0
100852,4,2,3,0,0,3,3,0,0,1,4,4,0,1,0,2,4,3,2,1,1,1,2,4,23,4,9,1,0,0,0,0,0
100853,5,3,3,5,4,5,3,2,0,3,1,2,4,3,1,4,1,5,2,1,4,8,3,3,9,3,8,1,1,1,1,1,1
100854,1,1,4,3,1,4,1,3,0,2,5,1,1,5,1,3,2,2,3,5,0,2,0,0,20,1,7,0,0,0,0,1,0
100855,1,3,3,1,2,1,3,0,1,2,4,5,3,1,4,0,4,2,2,1,4,4,1,4,5,1,7,0,0,1,1,1,0
100856,5,0,1,5,0,5,2,5,1,1,5,0,2,2,4,5,4,0,2,4,2,1,1,4,4,1,5,0,0,1,0,0,1
100857,1,0,3,1,1,0,3,5,0,0,1,3,3,1,0,0,2,4,1,2,2,5,0,1,15,4,1,0,0,0,0,0,0
100858,0,1,5,5,0,3,5,4,1,4,3,0,2,1,2,2,3,3,1,5,2,4,3,0,4,4,8,1,0,0,0,1,0
100859,4,1,3,3,0,3,1,4,1,4,3,0,3,1,0,4,0,1,5,1,5,4,2,2,19,1,6,1,0,1,0,1,0
100860,4,0,3,2,0,0,4,1,5,0,4,0,0,2,5,3,5,3,2,5,2,0,1,4,25,2,0,0,0,1,0,1,1
100861,5,5,1,0,1,4,3,1,3,1,5,3,5,0,4,4,1,2,2,5,0,4,0,3,8,3,10,0,1,1,0,0,0
100862,5,1,0,1,4,1,2,1,4,2,3,1,2,3,0,5,4,0,4,0,4,6,0,4,24,1,10,1,0,0,1,1,1
100863,0,4,1,0,5,5,5,0,4,3,5,4,4,1,4,4,3,3,0,3,5,0,1,4,6,4,10,0,1,1,0,0,1
100864,4,5,0,5,1,5,0,3,0,5,2,5,5,3,4,1,2,2,4,3,5,1,0,0,6,4,3,1,0,0,0,1,0
100865,5,4,2,0,2,3,4,5,2,4,1,0,0,1,0,0,2,1,0,2,1,3,0,3,6,3,1,0,1,1,0,0,0
100866,4,4,5,0,4,3,2,4,3,3,1,3,1,2,3,4,4,4,0,0,2,1,3,1,15,3,1,0,1,0,0,0,1
100867,4,0,2,0,4,0,4,5,5,4,2,5,3,0,3,1,1,1,1,3,1,8,0,4,13,4,8,1,1,0,1,0,0
100868,5,2,3,5,5,5,0,5,2,3,1,0,4,1,1,3,3,1,0,2,4,1,0,1,29,2,3,1,1,1,1,0,0
100869,2,4,5,5,2,4,4,3,1,5,1,2,2,1,5,3,0,1,2,3,3,3,1,3,19,2,8,1,1,0,1,1,0
100870,0,3,4,4,1,2,0,0,4,5,2,0,0,4,0,0,3,5,5,1,3,5,1,4,25,4,7,1,1,0,1,1,0
100871,2,0,3,0,0,0,2,5,1,2,1,0,4,2,2,2,0,2,1,5,5,0,3,3,6,3,8,0,0,0,0,0,1
100872,1,3,4,3,4,3,5,3,5,0,5,5,3,2,5,5,1,3,1,3,5,2,2,1,14,0,1,1,1,1,0,1,0
100873,0,4,1,5,0,5,3,3,2,5,1,1,0,3,1,1,4,4,0,2,0,0,0,4,3,6,8,0,0,1,0,0,0
100874,0,4,2,0,2,5,2,5,0,1,3,1,5,5,1,4,4,2,2,5,2,0,3,2,14,6,3,1,0,0,1,0,1
100875,4,2,2,4,2,0,1,4,2,1,4,5,5,4,4,4,0,1,2,0,5,5,3,4,15,3,2,0,0,0,1,1,1
100876,3,1,4,0,5,4,0,0,5,0,5,1,1,2,1,2,0,5,0,0,2,2,2,2,15,0,3,0,0,1,0,0,1
100877,3,1,2,4,5,0,0,4,2,4,4,1,3,3,3,4,0,3,5,1,2,4,2,3,30,6,7,1,1,1,1,1,1
100878,4,1,5,3,2,2,4,5,0,1,1,5,4,1,1,3,1,3,2,2,1,7,3,2,2,6,0,0,1,1,0,0,1
100879,3,2,1,5,3,2,1,1,2,5,3,4,2,4,0,3,1,1,1,0,4,10,3,3,21,4,1,0,1,1,1,0,1
100880,3,1,1,2,2,0,0,2,4,1,0,3,0,5,2,2,2,5,4,5,4,0,0,3,20,3,1,0,0,0,0,0,1
100881,0,2,4,4,4,0,2,0,0,0,1,5,2,5,0,5,3,1,3,4,2,7,2,4,27,4,9,1,1,1,0,1,0
100882,5,0,4,5,1,5,2,4,5,3,5,1,2,1,3,1,4,5,0,2,1,2,3,1,14,5,5,1,1,1,1,1,1
100883,2,1,4,1,4,3,5,0,4,1,0,4,4,4,2,3,0,3,5,2,0,1,2,3,28,3,2,0,1,1,0,1,0
100884,0,1,1,3,5,4,1,2,4,1,1,3,0,1,2,5,2,2,2,1,2,2,0,4,5,4,1,0,0,0,0,0,0
100885,4,0,0,2,1,3,1,3,4,0,0,3,5,0,5,4,0,4,4,5,2,0,1,4,27,4,0,0,0,0,0,0,0
100886,4,5,1,2,1,2,0,5,0,3,3,2,2,4,5,3,3,2,3,3,3,2,1,1,2,3,9,0,0,0,0,0,1
100887,0,4,2,4,2,0,1,1,4,1,4,0,2,2,2,0,5,4,4,2,0,10,1,1,5,4,2,0,0,0,1,0,0
100888,1,5,2,1,4,3,3,5,1,4,0,3,1,1,1,2,5,5,1,0,4,2,3,4,19,6,1,1,1,1,0,0,1
100889,0,3,5,0,3,4,1,0,0,1,0,4,0,3,1,2,0,0,1,1,1,3,1,4,15,1,10,0,1,0,0,0,1
100890,1,0,5,2,1,1,4,0,0,2,5,0,4,2,4,5,4,0,4,2,3,3,1,2,19,1,1,0,1,0,0,0,0
100891,0,5,4,4,2,2,4,0,0,2,1,0,4,1,5,5,4,0,5,2,2,6,3,2,13,1,2,1,0,1,0,1,1
100892,4,2,0,0,3,2,2,4,0,3,0,5,1,2,5,2,4,2,0,3,3,8,1,4,24,6,3,0,1,0,0,0,1
100893,3,4,0,2,5,5,1,2,5,4,0,5,0,0,5,2,0,3,0,0,5,5,3,0,22,5,8,0,1,1,0,0,1
100894,5,2,2,4,2,0,4,0,0,0,5,3,4,4,0,1,0,3,2,1,0,7,2,4,5,5,6,1,1,0,1,1,0
100895,4,2,3,2,0,0,5,4,3,1,5,2,4,5,4,2,2,1,1,2,2,4,0,4,21,5,7,0,0,1,1,0,1
100896,3,2,4,3,0,1,5,1,0,4,0,0,1,3,4,0,0,4,5,1,0,3,3,3,3,6,8,1,1,0,0,1,0
100897,3,1,1,3,0,0,5,4,5,5,1,5,4,3,0,0,2,0,3,0,4,3,1,1,28,3,5,0,0,0,1,0,0
100898,0,3,0,4,0,5,4,3,3,2,1,3,1,4,1,5,1,4,0,0,2,7,1,1,26,6,2,0,0,0,0,0,1
100899,0,4,1,5,2,1,4,0,3,0,2,0,3,2,5,3,5,2,2,5,2,0,0,1,7,0,1,0,0,0,0,1,1
100900,3,0,4,2,1,2,5,3,0,5,4,2,2,5,2,2,5,0,1,5,0,3,3,1,5,1,2,1,0,0,1,0,0
100901,0,0,5,2,1,1,2,5,5,3,4,5,1,1,4,2,1,5,4,4,3,5,1,1,2,4,1,0,0,0,1,0,0
100902,0,5,5,1,4,4,5,2,2,3,2,5,3,4,0,2,4,4,3,0,1,5,2,4,5,6,2,1,1,1,1,0,1
100903,1,3,3,2,2,3,0,5,0,2,4,3,1,1,3,5,0,3,3,4,0,7,0,2,25,1,4,0,0,1,0,0,1
100904,5,5,0,5,4,2,4,1,4,4,1,0,5,1,1,3,2,3,1,5,5,6,3,0,29,4,9,0,1,1,1,1,1
100905,2,3,5,3,3,4,2,1,5,1,5,0,0,2,4,3,5,1,3,0,3,0,2,1,18,0,4,0,0,1,0,1,0
100906,4,3,0,4,1,0,1,1,0,2,3,2,4,4,0,3,5,0,1,5,1,6,3,0,5,4,5,0,0,0,0,1,0
100907,2,5,1,2,5,4,4,1,1,4,5,4,1,2,5,3,2,2,1,4,2,6,2,4,16,5,3,1,1,1,1,1,1
100908,1,3,5,4,2,2,1,1,3,2,1,4,3,5,1,2,3,1,3,3,4,4,2,4,15,1,8,1,1,0,0,1,1
100909,2,1,3,4,5,2,5,3,0,5,5,4,5,2,2,4,0,4,1,0,2,0,2,3,26,4,10,1,1,1,1,1,0
100910,0,3,1,3,0,0,4,0,4,2,1,1,5,2,0,5,4,2,3,5,3,2,2,4,27,1,9,0,0,1,1,0,1
100911,4,1,3,5,5,0,0,3,3,3,4,1,2,3,0,2,1,5,5,5,1,0,3,1,21,2,10,0,1,0,1,1,0
100912,1,2,0,5,4,4,5,1,3,3,0,1,1,3,5,1,0,3,4,3,0,7,0,4,9,1,7,0,1,1,0,0,0
100913,2,4,1,0,1,5,0,0,1,4,1,4,4,2,4,4,3,4,1,3,0,4,1,4,27,2,5,1,0,0,1,0,1
100914,5,0,5,1,4,5,4,4,2,3,3,4,5,2,5,0,4,4,2,0,1,4,3,3,14,0,5,1,1,1,1,1,1
100915,3,4,1,5,4,1,4,3,0,2,3,0,1,0,5,2,3,1,4,0,5,7,0,0,17,0,5,1,1,0,0,0,0
100916,2,3,5,2,5,4,3,1,4,4,0,4,2,0,3,5,2,3,3,1,0,6,3,4,30,2,10,1,1,1,1,1,1
100917,3,1,3,1,1,0,3,3,3,4,0,2,4,0,3,4,1,5,4,0,0,8,2,1,21,0,7,0,0,0,0,0,0
100918,4,0,3,4,5,4,4,5,3,0,5,2,1,4,1,1,0,5,5,5,0,4,1,0,10,5,1,1,1,0,0,0,0
100919,1,4,4,3,4,3,5,1,4,3,1,3,3,2,4,2,0,1,4,2,4,7,0,4,20,0,4,0,1,1,0,1,0
100920,3,4,3,0,2,5,4,1,3,5,4,2,2,2,5,5,0,4,5,4,5,8,1,3,24,5,2,1,0,1,1,1,1
100921,5,4,0,0,2,0,1,4,2,3,1,5,3,3,1,3,2,0,1,2,2,2,3,2,10,3,8,0,0,1,1,0,0
100922,3,2,5,4,1,4,3,2,4,5,1,3,3,2,5,5,3,0,3,5,5,10,2,4,20,0,5,1,1,1,1,1,0
100923,2,3,2,4,2,2,1,4,5,2,0,4,3,0,3,4,0,2,2,3,2,7,2,0,30,0,3,0,1,0,1,0,1
100924,0,2,3,2,5,3,0,1,5,1,3,5,2,2,4,4,3,4,3,2,5,10,0,4,22,5,2,1,1,1,0,1,1
100925,1,2,3,5,5,3,0,5,3,2,3,5,2,2,2,3,4,1,3,0,2,1,1,1,12,6,9,0,1,1,1,1,1
100926,5,1,3,0,0,4,2,0,2,0,3,3,0,3,4,0,1,1,4,1,2,0,0,4,12,3,8,0,0,1,0,0,0
100927,3,1,2,5,0,3,5,1,0,0,4,5,4,3,3,1,2,4,3,1,5,4,3,0,9,0,2,1,0,0,0,1,0
100928,1,5,5,0,0,2,0,3,2,3,3,3,2,4,1,0,1,1,5,1,0,5,3,3,22,2,3,0,1,1,0,0,1
100929,2,3,1,3,3,2,0,3,4,0,1,2,0,3,0,2,4,0,4,1,0,10,1,1,29,1,10,0,0,1,1,1,0
100930,3,1,3,5,1,0,0,2,4,0,2,4,2,5,5,1,2,3,1,4,4,4,0,1,18,3,9,0,0,0,0,0,0
100931,3,5,3,3,4,4,1,5,0,2,0,5,4,5,4,3,4,3,3,4,5,7,3,4,7,1,0,1,1,1,1,1,1
100932,4,0,3,4,4,4,3,2,3,1,3,1,3,4,2,2,0,3,2,1,1,0,2,0,27,0,8,1,1,1,0,1,1
100933,1,3,0,2,1,3,4,4,4,1,2,5,3,5,3,5,5,3,3,2,3,9,1,0,2,2,8,0,0,0,0,1,1
100934,3,0,2,1,4,4,0,2,4,3,1,2,5,5,3,4,5,5,0,3,1,9,1,0,10,3,7,1,1,0,0,1,1
100935,2,2,0,1,4,1,4,2,5,1,5,1,4,5,0,1,4,5,5,4,0,5,1,3,16,5,6,0,0,0,0,1,1
100936,5,3,3,0,5,1,5,4,0,3,2,4,5,0,1,2,4,3,5,5,2,7,0,0,4,2,6,1,1,0,0,1,1
100937,0,5,4,1,4,5,0,2,2,2,0,1,5,4,5,2,4,3,3,2,5,6,2,4,27,1,7,1,1,0,1,1,1
100938,0,5,3,1,2,5,2,2,0,1,0,2,3,0,0,0,1,3,4,4,0,6,0,0,11,4,10,0,1,1,0,0,0
100939,2,5,4,4,5,5,4,4,4,4,1,3,0,1,0,4,0,2,4,1,5,10,0,2,10,5,4,1,1,1,1,1,0
100940,3,1,2,1,1,0,4,0,3,5,5,2,3,4,5,0,5,0,0,2,0,10,3,2,23,5,9,0,1,1,1,1,1
100941,4,0,1,0,4,3,1,2,2,4,0,0,5,3,4,4,0,3,0,1,5,2,0,1,23,2,0,0,0,0,0,0,1
100942,2,5,2,4,2,4,0,1,4,1,2,0,4,3,3,2,3,5,5,2,3,7,0,0,16,3,2,0,0,1,0,1,1
100943,5,5,1,3,5,0,2,2,5,3,2,0,1,2,5,2,0,4,1,1,4,6,1,3,16,1,10,0,0,1,1,0,0
100944,2,1,4,1,4,5,5,3,1,0,3,3,5,5,4,0,1,1,4,3,3,10,0,0,17,4,0,1,1,1,0,1,0
100945,0,0,4,4,3,4,5,2,4,0,3,5,5,2,0,3,1,3,5,5,5,2,2,1,17,6,0,1,1,0,0,1,0
100946,0,3,2,1,1,1,2,5,5,0,2,3,4,4,0,4,4,2,5,2,3,7,2,1,6,6,9,0,0,0,1,1,1
100947,5,0,4,4,1,3,3,5,0,4,4,3,0,4,5,2,0,5,5,1,0,6,1,2,5,0,6,1,0,0,1,1,0
100948,0,0,0,0,5,5,3,0,4,5,0,5,4,0,2,1,0,3,5,1,0,0,3,3,6,5,0,0,0,0,0,0,0
100949,5,5,0,3,4,5,2,3,0,3,2,0,5,5,2,5,1,2,0,3,4,1,3,4,12,5,1,1,1,1,1,1,1
100950,1,2,1,3,3,4,3,1,4,5,0,0,2,4,1,2,2,5,1,0,0,0,2,4,6,1,7,0,0,1,0,0,1
100951,0,0,2,2,5,5,1,4,4,2,1,5,4,1,4,3,1,1,5,1,4,3,1,2,27,4,1,0,0,0,0,0,0
100952,1,3,1,4,4,4,3,2,5,0,1,5,5,1,5,4,4,1,1,1,1,9,2,2,15,6,9,1,1,0,1,1,1
100953,3,2,3,2,2,5,3,5,3,5,5,3,4,0,3,3,2,1,0,3,3,2,1,4,29,2,0,0,1,1,1,0,0
100954,2,3,4,3,4,5,3,5,1,4,4,0,3,2,2,3,5,4,2,0,2,5,1,1,17,1,0,1,1,1,1,1,0
100955,4,5,2,1,4,0,5,0,4,3,1,1,2,0,3,4,5,4,0,5,5,4,2,2,23,4,0,1,1,1,0,1,1
100956,3,1,2,3,2,3,4,0,1,0,3,4,0,4,2,5,1,4,4,0,4,3,2,2,29,3,2,0,1,0,0,1,1
100957,2,3,0,4,0,2,4,0,0,5,4,1,1,0,2,4,4,5,5,4,2,3,2,1,2,1,10,0,0,0,0,0,1
100958,3,4,1,5,4,2,4,4,0,0,1,3,3,3,0,5,3,0,3,5,0,6,0,2,11,5,8,1,1,1,1,1,0
100959,5,2,4,2,2,1,3,1,5,0,3,4,4,4,2,1,3,1,4,5,1,8,2,3,19,4,2,1,1,0,1,1,1
100960,2,5,4,2,2,4,1,4,2,0,2,2,1,2,2,1,5,2,2,3,1,4,0,1,4,3,7,1,0,0,0,1,0
100961,0,2,0,2,4,5,3,1,0,5,5,2,2,2,1,0,1,1,4,5,4,0,1,0,2,3,9,0,0,0,0,1,0
100962,2,2,0,5,4,2,5,1,0,4,2,5,1,4,2,0,5,0,3,5,4,3,2,3,15,5,3,1,1,1,0,1,0
100963,5,5,4,5,0,4,5,3,0,0,4,5,2,5,4,2,3,1,2,1,2,2,0,0,6,3,4,1,0,0,0,1,0
100964,1,3,1,3,4,1,2,4,4,2,3,2,3,5,4,5,0,0,2,4,2,3,3,1,17,4,3,0,1,0,0,1,1
100965,5,5,3,4,1,4,2,3,0,3,1,1,0,3,4,0,2,5,0,0,3,7,2,4,14,2,4,1,1,1,1,1,0
100966,3,4,4,0,3,0,1,3,4,3,2,0,3,1,5,3,0,0,1,4,2,6,3,0,19,5,10,0,1,1,1,0,0
100967,3,4,4,4,5,5,0,4,3,1,5,1,0,2,5,4,1,1,3,4,2,10,1,0,18,1,4,1,1,0,1,1,1
100968,1,1,3,4,1,2,1,1,1,0,5,3,5,0,2,5,1,1,4,2,0,7,1,4,27,2,1,0,1,0,0,0,1
100969,5,2,2,4,1,3,0,3,5,0,1,5,4,0,5,4,3,4,1,0,5,3,0,4,8,1,0,0,0,0,1,1,1
100970,0,5,4,3,5,4,2,1,2,5,2,3,5,0,2,0,0,4,3,3,1,10,3,1,14,6,5,1,1,1,1,1,0
100971,1,3,4,5,2,0,0,0,2,3,0,5,2,4,4,0,0,5,3,0,2,10,1,0,26,2,6,0,1,0,0,0,0
100972,2,1,5,3,5,5,1,1,4,5,2,4,2,2,5,5,5,0,4,0,2,8,0,3,3,3,4,1,0,0,1,1,1
100973,2,1,3,5,2,3,4,1,3,5,5,0,2,3,4,0,2,5,1,3,5,1,0,2,16,6,6,1,0,0,0,1,0
100974,2,4,5,1,3,5,5,1,4,1,4,2,1,1,2,5,0,2,0,3,5,8,0,2,27,3,5,1,0,1,1,1,1
100975,0,1,4,3,3,3,5,0,3,0,2,3,4,0,2,5,4,4,5,2,5,6,0,4,29,4,6,1,1,1,0,1,1
100976,1,0,0,2,5,1,3,4,5,3,4,0,0,2,3,1,5,3,1,3,3,8,2,3,13,3,4,0,0,0,1,1,0
100977,0,4,1,5,3,3,3,2,2,1,3,0,5,2,5,4,1,2,0,3,1,5,1,1,24,1,5,1,1,1,1,0,0
100978,3,1,4,5,3,3,5,3,1,4,2,2,5,0,0,0,1,1,2,2,0,0,2,0,2,0,2,1,0,1,0,0,0
100979,2,4,0,5,2,5,3,4,0,5,0,5,1,3,1,0,3,0,1,3,3,10,0,1,2,5,2,1,0,0,0,1,0
100980,3,3,4,1,2,3,0,4,1,5,0,3,2,1,2,2,0,1,1,3,4,10,1,1,10,0,8,0,1,0,1,0,0
100981,3,5,2,2,2,2,5,0,4,1,3,3,0,3,4,1,5,1,0,3,4,7,2,3,7,3,9,1,1,1,0,1,1
100982,4,3,1,0,2,1,3,3,5,2,0,3,2,2,1,2,2,3,3,4,5,10,2,2,15,0,6,0,0,0,0,1,1
100983,3,5,3,5,4,1,3,2,1,4,0,3,1,0,2,1,1,4,1,3,5,2,3,0,17,2,1,1,1,1,1,0,0
100984,3,5,5,1,0,3,0,2,0,1,1,5,3,5,1,1,4,4,4,2,0,2,0,4,29,5,6,0,1,1,1,0,1
100985,3,1,5,3,3,2,2,4,4,3,3,1,4,3,4,2,2,4,1,1,2,7,1,0,2,2,2,0,0,0,1,0,1
100986,3,5,2,2,3,2,2,0,4,2,4,1,0,1,1,0,0,2,1,1,3,9,3,0,3,1,10,0,0,1,0,0,0
100987,3,4,0,5,4,0,4,1,0,3,5,1,1,1,0,4,2,1,5,2,3,0,2,4,3,5,3,0,1,1,1,1,0
100988,1,0,5,4,3,5,2,4,0,3,3,3,3,0,2,5,5,2,0,1,2,4,2,2,27,5,7,1,0,0,1,1,1
100989,1,0,5,4,2,5,2,2,2,5,5,1,2,4,0,2,2,2,0,0,3,6,3,4,8,6,9,1,1,1,1,1,1
100990,4,1,3,3,0,1,4,0,2,2,1,5,5,1,1,1,1,5,3,5,3,7,3,4,4,6,5,0,0,1,0,1,1
100991,2,0,3,0,2,0,0,1,0,1,3,4,4,1,5,5,1,3,0,4,3,4,2,0,10,5,4,0,0,0,0,0,1
100992,3,2,3,5,1,5,4,1,3,0,0,1,4,5,4,5,5,4,5,5,0,2,2,0,20,1,9,1,1,0,1,1,1
100993,1,5,0,0,1,5,0,1,2,4,0,1,5,5,3,2,4,1,2,5,1,4,3,2,11,5,9,0,0,1,1,0,1
100994,2,2,0,2,4,5,1,4,4,4,3,2,2,2,2,1,0,1,1,4,0,10,3,0,6,1,10,0,0,0,0,0,1
100995,3,0,0,2,2,3,2,1,5,2,1,5,3,3,4,4,1,5,1,5,2,6,2,1,14,1,10,0,0,0,1,0,1
100996,3,2,5,2,4,4,1,4,0,5,3,5,0,4,0,5,4,4,3,4,3,9,3,1,11,6,2,1,1,1,1,1,1
100997,3,1,0,5,0,4,0,1,2,2,5,3,0,3,2,0,1,0,2,5,2,3,0,2,8,1,1,0,0,0,0,1,0
100998,2,5,3,1,5,1,2,0,4,2,4,0,1,1,2,1,2,3,0,5,2,8,1,0,26,6,4,0,1,1,0,0,0
100999,5,0,2,3,2,3,4,0,0,0,2,0,1,4,0,5,5,0,0,3,1,4,3,1,16,3,8,1,1,0,0,0,0
101000,3,4,0,1,1,1,1,3,5,3,4,3,1,0,0,0,4,0,3,4,4,0,1,0,19,5,8,1,0,0,0,0,0
101001,4,2,5,5,2,4,1,4,2,3,5,3,4,3,2,1,4,0,0,3,3,10,3,3,9,2,5,1,1,1,1,1,1
101002,4,0,0,4,5,5,4,0,4,2,1,2,2,2,0,4,3,0,3,1,4,0,1,1,26,2,7,1,1,1,0,1,0
101003,3,4,5,2,4,0,5,1,3,3,3,5,4,3,5,4,1,2,5,0,0,4,3,2,27,4,7,1,1,0,1,1,1
101004,5,2,4,0,1,0,3,4,5,3,4,0,0,4,0,1,1,0,3,1,4,5,1,2,9,3,1,0,1,0,0,0,0
101005,0,4,4,0,5,1,3,5,0,4,3,1,2,0,0,5,4,3,4,4,4,9,3,3,22,1,8,1,1,0,1,1,1
101006,5,3,0,1,0,0,4,4,5,0,2,4,3,5,4,1,0,0,2,5,4,9,1,1,15,2,5,0,0,0,1,1,1
101007,5,4,5,2,1,0,0,3,3,3,2,1,5,1,2,1,3,1,1,5,0,3,1,0,20,1,4,0,0,0,1,0,0
101008,3,2,3,5,4,5,5,4,4,2,3,1,2,1,2,2,2,0,2,5,5,2,3,4,7,3,4,1,1,1,1,1,1
101009,4,0,2,0,3,3,2,1,4,2,2,4,3,3,1,3,0,1,3,0,3,5,3,4,29,1,7,0,1,1,0,0,1
101010,3,0,4,3,2,4,2,0,3,2,2,5,2,5,0,3,3,0,5,1,3,1,2,2,26,3,3,0,0,0,1,1,1
101011,1,2,2,2,5,3,3,3,2,4,5,1,0,5,4,1,0,3,2,3,0,1,0,0,15,4,8,0,1,1,1,0,0
101012,4,2,1,0,4,4,5,3,4,5,4,2,1,2,3,3,5,2,0,1,4,5,2,2,18,5,2,1,0,1,0,1,0
101013,1,4,1,3,5,4,5,4,3,1,3,5,1,3,2,0,1,5,3,1,5,4,1,2,15,1,9,1,1,1,0,1,0
101014,1,2,3,4,1,0,4,1,5,0,1,0,2,3,1,0,1,4,2,5,5,10,0,1,17,6,7,1,0,0,1,0,0
101015,3,5,3,5,5,0,2,5,4,2,3,0,1,4,0,1,4,2,5,4,3,3,0,1,11,6,1,1,0,1,0,1,0
101016,5,1,1,3,1,2,0,2,3,1,1,1,4,5,4,5,1,2,2,3,2,10,3,0,10,2,9,1,0,1,0,0,1
101017,2,2,1,1,4,2,1,2,3,0,0,2,2,0,0,4,2,0,3,0,2,8,2,2,6,4,1,0,0,1,0,0,0
101018,2,4,5,5,3,5,5,5,1,2,1,4,0,2,5,0,2,3,4,4,0,10,0,2,5,6,9,1,1,1,1,1,1
101019,0,0,3,1,3,1,0,3,4,3,0,2,2,3,3,0,3,3,3,3,2,0,3,2,29,5,4,0,0,1,0,0,0
101020,0,1,5,4,0,1,2,0,1,5,4,2,3,4,1,5,4,2,2,0,5,5,2,2,17,5,0,0,0,0,0,0,0
101021,0,4,1,5,5,3,2,1,3,4,3,5,1,0,5,3,4,1,2,4,5,4,3,4,18,6,1,1,1,1,1,1,1
101022,0,3,1,0,1,1,4,3,4,2,4,1,3,3,1,4,0,3,0,3,0,10,3,4,6,5,3,0,0,1,1,0,1
101023,5,4,1,5,3,5,2,1,2,3,5,2,4,4,1,1,2,3,1,3,1,10,2,4,18,5,7,1,1,1,1,1,1
101024,5,3,3,1,0,0,4,0,5,1,1,1,4,0,4,1,3,1,0,2,2,10,0,4,4,6,8,0,1,1,0,0,0
101025,4,5,4,2,5,5,3,1,0,0,1,0,4,1,0,0,5,4,1,3,2,7,0,4,19,4,7,1,1,1,0,1,0
101026,0,5,3,1,1,3,5,3,1,3,0,3,5,0,3,3,3,1,0,1,4,10,3,0,22,1,6,1,1,0,0,0,1
101027,0,5,1,0,4,5,1,0,1,2,0,5,3,5,1,3,4,2,4,2,3,6,1,4,20,1,7,1,0,0,0,1,0
101028,1,0,5,4,4,1,4,3,5,1,0,1,4,5,4,3,3,5,3,1,1,4,2,1,22,3,9,1,1,1,0,1,1
101029,3,3,3,2,3,5,4,4,3,5,3,0,2,2,2,5,3,4,4,1,0,9,2,1,7,6,1,1,1,1,1,0,1
101030,2,0,2,3,0,5,4,2,1,3,4,5,4,5,3,4,3,2,3,5,1,2,2,2,3,6,10,1,0,0,1,1,1
101031,2,1,0,2,1,2,2,4,5,3,1,0,3,3,2,5,0,3,1,1,1,1,2,2,21,4,10,0,0,0,1,0,1
101032,1,1,3,4,3,1,1,3,2,4,3,0,5,5,1,4,2,2,1,0,4,8,1,3,25,3,1,1,0,1,1,1,1
101033,4,3,3,5,3,1,3,2,1,1,1,4,0,0,1,0,5,1,0,2,0,7,1,4,3,0,3,1,1,1,0,0,0
101034,1,2,5,3,3,0,5,5,5,3,4,0,5,4,5,3,5,0,1,4,2,2,2,2,28,0,1,0,1,0,1,1,1
101035,0,5,1,0,1,3,1,3,0,5,4,5,1,4,3,5,1,4,3,4,5,2,3,4,20,1,7,0,0,0,1,0,1
101036,4,1,0,1,3,5,3,4,5,3,4,2,5,3,0,4,2,5,5,3,3,3,3,3,27,5,6,0,1,1,1,1,1
101037,5,3,5,2,0,3,1,3,0,5,3,4,2,2,0,0,4,5,2,0,0,8,0,3,16,6,3,0,0,1,1,0,1
101038,0,4,3,0,2,5,4,5,3,0,5,1,3,1,0,1,5,2,3,2,1,5,0,3,8,6,5,0,0,0,0,0,0
101039,2,5,0,1,0,4,2,2,3,4,0,1,2,1,4,0,3,2,1,3,1,7,3,2,16,6,1,0,1,1,1,0,0
101040,4,1,0,1,3,4,5,1,5,3,2,4,5,3,5,4,3,4,5,5,2,9,0,3,24,3,3,1,0,1,1,1,1
101041,4,4,2,5,3,4,0,1,5,5,0,3,4,3,3,2,5,2,0,3,3,0,3,3,28,0,1,0,1,1,1,1,1
101042,5,0,3,2,5,5,0,5,5,5,4,5,1,2,3,2,3,4,1,4,4,5,0,1,21,5,2,1,0,1,1,1,1
101043,2,3,1,5,2,5,5,4,5,0,0,5,0,0,3,5,4,2,5,5,5,8,1,3,14,6,0,1,1,1,1,1,1
101044,2,2,2,3,0,0,2,1,5,2,2,3,5,2,1,5,4,5,2,3,5,0,3,0,21,2,6,0,0,0,0,0,1
101045,4,5,4,3,1,3,0,2,3,5,1,4,5,5,4,0,1,5,4,3,3,5,2,4,13,5,2,1,1,0,1,1,1
101046,0,4,5,5,4,2,5,0,5,4,4,5,1,4,1,5,5,5,1,2,2,6,2,0,4,6,2,1,1,1,0,1,1
101047,1,5,2,4,5,5,2,5,4,0,2,3,1,4,4,5,2,4,4,2,2,6,2,4,11,6,0,1,1,1,1,1,1
101048,3,5,2,1,0,1,5,2,2,3,3,4,1,0,0,0,0,0,0,5,3,0,2,1,14,0,1,0,0,0,0,0,0
101049,4,2,2,1,4,4,2,2,5,2,5,0,1,2,3,5,1,4,2,0,0,1,0,3,14,5,8,1,0,1,1,0,1
101050,0,4,0,3,2,2,4,1,0,4,5,0,0,3,3,4,3,0,2,5,4,2,0,2,2,2,9,0,0,0,0,1,0
101051,3,0,0,0,1,5,3,0,0,3,2,2,4,4,0,1,5,4,5,3,0,5,2,3,9,3,4,0,0,0,0,0,0
101052,2,3,5,0,3,4,2,4,0,1,2,0,4,4,5,3,1,5,0,4,1,1,1,0,30,3,7,1,0,1,1,0,1
101053,3,0,0,0,5,2,2,1,3,2,1,2,3,0,1,0,4,5,5,3,4,8,1,3,30,4,8,1,0,0,0,0,1
101054,5,4,4,4,1,5,1,0,0,5,4,3,2,4,4,4,0,1,5,2,4,6,2,3,8,5,9,1,1,1,1,1,1
101055,0,5,1,2,5,1,4,5,1,2,5,2,5,0,2,2,3,4,1,4,2,9,0,4,12,5,0,0,0,1,1,0,1
101056,5,4,4,0,0,0,3,3,1,1,3,5,4,2,4,1,5,5,2,5,5,2,0,0,29,1,1,0,0,0,0,1,1
101057,2,5,5,4,4,3,0,0,1,0,3,5,0,1,2,4,3,0,4,1,2,8,2,2,7,1,3,1,1,0,0,1,1
101058,4,1,4,3,0,2,2,1,0,0,5,4,3,2,3,4,5,2,0,0,1,6,2,1,24,0,1,1,1,1,0,0,0
101059,2,5,4,4,0,0,2,3,1,0,1,4,1,2,4,2,5,1,1,2,5,8,2,4,17,4,8,1,1,0,1,0,1
101060,1,3,1,0,0,5,5,1,1,0,0,3,2,3,0,0,4,2,2,5,2,7,0,1,8,6,8,0,0,0,0,1,0
101061,4,4,3,5,4,0,2,5,4,3,0,3,2,0,1,4,0,5,4,0,2,1,2,3,26,5,0,1,1,1,0,1,1
101062,4,4,3,1,3,3,3,5,3,3,3,0,5,0,2,5,2,1,5,1,0,5,2,2,14,1,4,0,1,1,1,0,1
101063,0,3,2,3,4,1,0,5,1,4,5,5,4,4,2,5,0,4,3,4,1,2,3,2,10,3,6,1,0,0,1,0,1
101064,4,1,0,3,0,1,2,3,0,3,1,4,2,0,0,2,4,5,5,2,0,0,0,3,19,4,10,0,0,0,0,0,0
101065,4,3,5,1,5,1,1,5,3,1,4,1,4,1,3,3,0,5,5,3,2,0,3,0,16,6,7,1,1,0,1,1,1
101066,2,3,1,2,4,2,2,1,1,3,5,4,3,4,0,0,5,0,0,0,3,0,3,1,3,4,9,0,0,1,0,0,0
101067,5,5,5,0,2,4,5,3,4,2,5,2,3,1,4,1,3,5,3,4,3,2,1,3,7,2,7,1,1,0,1,1,1
101068,3,2,5,2,5,1,5,4,1,1,4,5,5,0,1,4,5,3,5,2,1,5,3,4,18,6,3,1,1,1,0,1,0
101069,2,3,0,4,0,4,1,3,5,3,2,3,3,2,3,4,4,5,1,3,0,7,2,2,23,2,10,0,0,0,0,0,1
101070,0,3,4,1,1,2,3,5,0,3,3,4,1,2,5,2,5,4,1,1,1,2,0,1,12,6,9,0,0,0,1,0,0
101071,4,0,3,3,0,4,5,0,5,2,3,1,2,0,2,5,0,4,1,0,5,6,2,3,28,0,2,0,0,0,0,0,1
101072,1,0,1,5,0,2,1,2,4,0,2,0,2,2,1,1,3,2,4,1,2,5,1,4,4,0,1,0,0,0,0,0,0
101073,4,0,4,1,5,2,2,4,4,0,4,5,5,5,1,4,5,0,2,1,1,7,0,1,14,6,8,1,1,0,1,1,1
101074,3,3,0,1,2,3,3,1,5,4,4,3,0,5,2,4,1,1,4,3,4,6,1,0,22,0,0,0,0,0,0,0,0
101075,2,2,1,0,3,4,0,2,2,0,4,3,2,0,1,3,2,3,2,1,2,1,2,4,6,5,8,0,0,0,0,0,0
101076,0,5,5,3,5,2,2,5,4,1,3,2,3,4,5,2,0,0,5,5,1,5,2,1,18,1,3,1,1,1,0,1,1
101077,4,4,4,1,4,5,0,3,3,4,3,3,5,4,5,4,3,0,1,1,1,5,1,4,30,2,3,1,1,1,1,1,1
101078,0,0,0,5,2,3,1,2,4,2,1,2,4,4,4,1,0,1,2,1,3,5,2,2,25,5,10,0,0,0,1,0,0
101079,2,0,0,1,2,1,0,2,3,4,2,3,1,4,2,4,0,4,5,1,5,4,2,3,12,1,3,1,0,0,0,0,1
101080,5,2,1,3,0,0,4,1,5,2,4,3,0,4,0,3,2,5,4,2,4,10,3,2,28,4,7,0,1,1,1,1,1
101081,5,5,0,1,4,2,5,4,1,5,4,1,0,5,1,2,4,4,2,4,3,9,2,0,25,0,4,1,1,1,1,1,0
101082,5,0,1,1,5,0,1,0,4,2,3,5,0,1,2,2,0,2,4,1,0,6,2,1,7,1,6,0,1,0,0,0,0
101083,5,1,3,1,3,0,0,1,0,0,3,5,2,0,4,0,5,3,2,4,4,0,3,0,21,2,7,1,0,0,0,0,0
101084,3,0,0,3,2,2,2,0,0,4,1,4,4,2,4,0,4,0,1,3,1,2,0,1,21,3,5,0,0,0,0,0,0
101085,1,2,1,0,5,1,0,4,4,3,2,0,3,1,5,1,5,3,1,4,5,2,1,3,11,1,0,0,1,0,1,0,0
101086,5,5,1,0,2,5,2,5,1,5,3,0,4,1,2,1,4,2,4,1,3,1,2,2,11,4,0,0,1,1,1,0,0
101087,4,4,5,3,2,4,3,0,0,0,0,4,3,0,3,4,4,2,4,2,0,2,1,4,8,1,5,0,1,1,0,0,0
101088,5,2,5,3,5,4,2,5,3,3,0,0,2,3,1,2,4,3,5,1,1,10,3,0,18,2,5,1,1,1,1,1,1
101089,3,0,5,1,2,3,3,5,3,4,3,5,4,4,4,0,4,2,2,2,2,6,2,0,5,0,0,0,0,0,0,1,1
101090,0,2,2,2,5,0,3,3,3,2,4,2,2,0,3,3,0,3,3,3,5,10,0,1,6,4,7,0,1,1,0,0,0
101091,3,3,3,2,0,5,0,0,2,1,5,1,3,3,0,3,3,5,0,3,3,5,0,4,25,6,4,1,0,0,0,0,1
101092,2,1,3,4,2,2,4,4,4,1,2,4,1,5,2,2,1,0,4,1,0,5,0,0,9,1,6,0,0,0,0,0,0
101093,5,4,5,2,2,2,4,3,0,0,0,4,2,2,5,3,1,5,1,4,3,6,1,2,19,3,9,1,1,1,0,0,1
101094,2,5,4,5,1,3,0,4,0,3,3,3,0,1,3,5,5,1,3,3,1,9,0,2,25,4,5,0,1,1,0,1,1
101095,1,1,5,1,5,0,2,1,2,4,1,4,3,4,2,3,5,4,5,3,4,0,0,3,2,0,0,0,0,0,1,1,1
101096,0,1,3,1,2,2,1,3,5,2,0,3,3,1,0,2,5,4,4,0,0,7,3,4,8,5,5,0,0,0,0,0,1
101097,5,0,5,2,5,3,2,5,4,0,3,1,1,0,4,3,0,5,4,2,5,8,1,2,3,4,3,1,1,1,1,1,0
101098,4,4,4,0,1,4,4,4,3,4,4,2,3,2,5,5,5,5,3,4,0,0,3,2,13,4,8,1,1,1,1,0,1
101099,0,2,4,4,2,3,3,3,5,5,0,3,0,0,5,3,0,1,5,2,3,3,0,1,10,5,2,0,1,0,1,1,0
101100,2,1,3,2,2,5,5,5,5,3,4,4,5,1,5,2,5,3,4,0,0,8,0,2,26,0,4,1,1,1,1,1,1
101101,2,1,2,2,3,5,3,2,0,0,3,2,0,4,5,0,0,5,3,1,2,4,2,0,26,4,5,0,0,0,0,0,0
101102,2,0,3,3,1,0,0,1,3,2,4,0,3,0,1,4,0,0,0,4,2,4,1,2,9,1,8,0,0,0,1,0,1
101103,5,2,2,0,1,0,4,5,5,3,3,2,1,3,4,4,0,3,3,1,3,1,3,0,11,1,1,1,0,0,1,0,0
101104,0,4,3,2,3,3,0,0,1,5,2,3,0,5,1,3,4,5,0,0,2,6,3,1,17,6,5,0,0,1,0,0,1
101105,1,1,1,5,1,4,2,3,0,2,2,4,1,1,2,3,4,2,2,4,5,7,1,0,17,4,2,1,0,0,0,0,0
101106,1,0,4,3,4,3,5,4,2,0,3,4,1,1,1,0,1,2,2,4,2,9,2,0,7,1,9,1,1,0,0,1,0
101107,1,2,3,3,2,1,5,4,5,4,1,4,3,4,0,5,4,2,2,3,5,4,1,0,21,1,10,1,1,1,1,1,0
101108,5,4,4,3,5,3,0,4,1,4,3,1,4,4,3,2,1,4,4,0,2,5,1,1,7,0,1,1,1,0,1,0,1
101109,5,2,1,2,1,5,5,2,3,1,4,0,5,2,0,5,5,0,4,1,4,5,0,1,28,0,8,0,1,0,0,1,0
101110,0,1,4,5,5,1,5,1,1,2,1,1,3,4,1,4,2,1,0,1,0,6,2,2,8,1,7,1,1,1,0,0,0
101111,3,0,4,5,2,2,5,0,4,0,0,0,2,3,1,4,3,0,2,2,2,1,1,2,30,3,10,1,1,1,0,0,0
101112,1,4,0,2,0,3,4,1,5,0,0,4,4,1,3,1,4,5,0,4,3,8,0,3,10,4,1,0,0,0,1,0,0
101113,1,5,2,5,4,2,0,5,0,1,3,1,4,4,2,1,2,4,4,5,2,0,0,3,11,2,2,1,0,1,0,1,0
101114,1,4,4,0,1,0,0,4,2,0,2,1,2,1,5,1,2,1,1,3,1,8,2,3,5,6,10,0,0,1,0,0,0
101115,1,3,5,1,0,4,3,2,3,1,3,3,2,4,3,1,3,3,2,0,2,6,1,4,2,1,6,0,0,1,1,0,1
101116,2,4,4,1,3,4,0,2,1,3,4,2,0,3,1,4,1,4,5,1,3,6,0,2,18,5,9,0,1,1,0,1,1
101117,5,2,2,4,4,3,1,2,3,2,5,4,0,3,1,0,2,1,4,0,2,4,2,2,25,1,5,0,1,1,0,1,0
101118,3,0,1,3,1,3,5,5,2,0,1,5,5,5,1,4,5,2,5,2,4,0,2,1,14,4,4,1,1,0,0,1,1
101119,4,2,5,2,3,3,5,2,0,3,0,0,5,5,2,0,3,2,2,1,3,1,3,2,4,0,4,1,1,0,1,0,0
101120,2,4,5,1,0,1,1,5,3,5,4,0,2,4,0,3,1,2,1,1,5,9,1,1,2,3,8,0,0,0,0,1,0
101121,0,3,5,3,1,0,3,0,0,3,0,4,5,3,2,1,5,3,2,2,1,4,0,4,21,3,10,0,1,0,0,1,0
101122,0,5,1,1,4,5,3,2,1,1,3,5,0,1,1,4,4,1,4,0,5,6,1,3,2,0,0,0,0,1,0,1,0
101123,1,5,2,2,0,1,1,3,0,4,1,2,5,4,0,1,5,1,5,3,1,4,2,2,2,1,3,0,0,0,1,0,0
101124,1,1,1,2,2,4,1,4,0,2,2,1,3,0,5,5,4,5,4,3,2,5,2,4,23,3,7,1,1,0,1,0,1
101125,5,0,5,5,3,3,2,0,2,0,0,1,3,0,2,5,0,1,5,2,4,4,1,4,21,4,4,1,1,0,0,1,1
101126,5,1,5,4,0,3,3,3,5,3,0,2,4,3,0,3,0,2,0,5,1,9,3,3,26,1,10,0,1,1,1,1,1
101127,5,5,1,1,5,0,4,5,1,4,1,0,1,1,4,0,0,4,5,2,5,10,3,1,16,4,0,1,1,1,1,0,0
101128,3,4,1,5,3,5,5,0,1,1,2,0,2,2,3,4,2,2,2,3,3,4,2,0,30,1,0,1,1,1,0,1,1
101129,3,0,3,3,2,3,0,1,4,2,1,0,1,5,2,4,2,2,0,3,3,7,3,0,3,0,3,0,0,0,0,0,0
101130,3,0,2,2,5,4,3,2,5,0,2,4,3,2,2,0,0,0,0,2,5,1,0,3,3,2,4,0,0,1,0,0,0
101131,2,3,2,3,3,4,3,1,1,2,0,2,2,2,1,3,0,2,2,5,3,10,3,0,15,1,7,1,1,1,0,1,0
101132,4,3,2,1,4,0,0,2,0,2,0,5,2,3,1,0,4,0,2,2,4,2,0,2,16,6,2,0,1,0,0,0,0
101133,4,5,4,0,0,5,5,5,4,1,4,2,4,4,0,1,4,0,0,5,1,0,3,2,28,1,6,1,1,1,1,1,0
101134,4,4,5,2,0,3,3,5,3,3,4,1,4,5,1,3,4,2,1,4,2,10,0,3,4,2,5,1,1,0,1,1,1
101135,3,1,5,4,0,1,4,3,5,4,4,1,5,1,2,2,3,3,2,5,1,1,2,0,27,5,2,0,1,0,1,0,0
101136,0,0,2,2,3,3,3,5,3,2,5,5,4,5,4,3,1,0,0,0,4,8,2,3,18,1,8,1,0,0,1,0,1
101137,4,3,4,2,5,3,2,4,5,4,4,1,1,1,1,2,3,0,1,3,5,2,0,0,22,3,2,1,1,1,1,1,0
101138,2,3,4,5,5,3,1,0,0,2,0,4,4,3,4,1,4,3,5,2,1,5,0,2,20,4,4,1,0,1,0,0,1
101139,4,5,1,5,3,1,2,2,0,2,4,5,4,0,4,0,4,3,5,2,5,10,0,2,21,5,10,1,1,1,1,1,0
101140,3,3,4,2,0,5,4,5,3,3,1,5,0,5,0,3,2,1,3,1,0,9,0,2,17,5,3,1,1,0,1,1,1
101141,5,3,2,0,3,1,3,2,4,1,4,0,1,4,1,3,1,0,2,4,4,0,3,0,19,5,2,0,0,0,0,0,0
101142,2,1,3,4,3,2,3,3,2,5,3,4,3,2,3,0,3,4,0,3,5,9,3,1,8,0,5,1,0,0,1,1,0
101143,5,0,4,4,3,5,0,2,2,3,5,4,1,5,0,0,5,5,5,2,4,7,1,1,19,5,3,1,1,1,1,1,0
101144,5,5,5,5,4,0,0,0,2,2,5,4,4,0,2,4,4,3,1,5,5,8,3,3,14,3,2,0,1,1,1,1,1
101145,1,4,5,5,3,2,4,3,0,1,4,5,4,2,4,4,4,1,1,2,5,3,0,1,25,3,3,1,1,0,1,1,0
101146,2,0,4,3,4,2,5,2,5,4,5,5,1,2,0,2,5,2,0,1,4,10,1,2,15,5,8,1,1,1,1,1,1
101147,3,4,3,0,2,4,2,4,5,0,3,5,0,3,3,5,4,5,5,3,1,4,0,2,9,2,2,0,0,0,1,1,1
101148,4,2,2,1,0,4,2,5,5,0,5,4,1,3,1,3,2,1,1,2,2,10,2,1,28,1,1,0,0,0,0,0,0
101149,4,2,2,4,0,4,5,0,3,3,0,1,5,0,4,3,4,0,2,2,1,9,1,0,15,6,7,0,0,1,1,0,0
101150,5,5,5,3,5,2,1,2,1,2,2,5,5,4,1,5,4,4,0,1,0,6,1,1,9,3,7,1,1,1,0,0,1
101151,2,5,1,2,2,2,3,2,2,1,4,4,3,0,4,3,2,3,1,3,2,2,2,2,12,3,0,0,0,1,0,0,0
101152,3,1,3,2,1,0,0,4,4,2,5,1,5,5,4,3,1,5,1,2,0,7,2,3,16,0,1,1,0,0,1,0,1
101153,2,1,4,4,1,4,1,2,1,4,5,3,3,2,2,0,2,2,5,5,1,1,1,0,13,5,8,1,1,1,0,0,0
101154,5,4,0,2,0,1,2,3,0,2,2,1,5,3,2,3,2,4,2,2,0,10,3,2,27,2,5,1,1,1,1,1,1
101155,1,5,3,0,5,2,4,5,5,3,3,5,0,2,2,1,4,2,1,0,4,4,3,1,8,5,2,1,1,1,1,0,1
101156,3,0,1,5,0,4,1,3,0,0,0,3,2,2,4,0,0,4,4,4,1,9,3,1,13,3,9,1,1,0,0,1,0
101157,0,5,1,2,1,4,2,0,3,4,0,3,1,2,2,3,4,4,1,3,5,4,0,3,4,5,0,0,0,1,1,0,1
101158,5,2,3,1,2,0,1,2,0,0,4,1,0,1,5,0,2,1,4,3,1,5,2,3,14,3,5,0,1,0,1,0,0
101159,2,3,0,0,2,4,0,5,0,1,1,0,0,5,0,5,0,5,5,0,3,4,3,2,18,3,8,0,0,1,1,1,1
101160,2,0,0,2,0,2,4,2,3,1,3,2,0,3,2,5,2,2,0,3,1,2,0,2,8,4,2,0,0,0,0,0,1
101161,3,4,2,5,1,2,4,5,1,2,1,2,5,2,3,4,4,2,2,4,3,10,2,2,18,5,7,1,1,0,1,1,1
101162,2,4,3,0,4,0,3,5,4,1,4,5,4,4,3,5,5,0,1,0,5,1,0,3,20,5,0,0,0,1,1,0,1
101163,5,3,0,1,1,4,3,1,4,4,0,5,2,0,2,4,4,1,5,3,2,9,2,3,24,6,9,0,1,1,1,1,1
101164,3,4,2,1,5,2,0,2,3,2,3,3,4,3,5,4,1,0,0,0,1,1,1,2,13,5,6,0,1,1,1,0,1
101165,3,5,1,0,2,0,3,1,1,0,4,4,3,1,2,0,3,5,2,0,1,1,0,4,12,0,9,0,0,0,0,0,0
101166,0,5,3,3,0,0,4,1,5,2,4,5,2,1,0,5,5,2,2,5,0,0,0,3,24,0,5,0,0,0,1,1,0
101167,0,4,1,1,0,4,2,2,2,0,1,4,2,3,2,1,2,0,2,3,4,9,0,2,15,1,1,0,0,1,0,0,0
101168,2,5,0,4,4,0,4,2,4,1,2,2,2,2,0,0,1,1,1,4,2,8,3,0,19,1,10,0,1,1,0,1,0
101169,5,4,3,2,2,3,1,2,1,3,3,1,2,1,1,5,3,3,0,1,2,8,3,1,28,3,2,1,1,1,0,0,0
101170,5,4,5,3,5,4,3,4,0,3,1,1,5,0,2,4,3,3,1,0,4,5,2,1,18,6,9,1,1,1,1,1,0
101171,3,3,3,0,4,5,2,0,4,3,4,1,5,3,0,3,1,3,4,0,3,2,3,2,27,2,9,0,0,1,1,0,0
101172,3,4,2,1,0,0,5,2,1,2,4,1,1,3,2,0,1,5,5,5,2,4,0,3,22,5,7,0,0,1,0,1,1
101173,2,0,2,2,1,1,1,5,3,5,4,4,4,1,1,1,5,5,5,5,0,8,0,2,10,2,1,1,0,0,1,1,0
101174,1,3,0,0,4,0,1,4,3,0,2,5,0,1,5,3,5,2,3,5,3,0,0,3,3,6,0,0,0,0,0,0,0
101175,0,2,1,2,0,5,4,1,0,2,3,1,4,4,0,4,5,4,0,3,2,6,1,4,30,4,10,1,0,1,1,1,1
101176,2,5,2,2,5,3,0,1,1,1,1,2,5,5,2,4,2,0,5,4,3,5,0,0,8,2,5,0,0,0,0,1,0
101177,1,0,3,2,0,5,3,5,1,0,1,5,4,5,1,1,5,0,5,1,0,1,3,3,28,6,2,1,1,1,1,0,0
101178,1,3,2,3,4,0,0,3,0,3,2,5,3,4,2,4,1,1,3,2,0,0,2,3,12,5,1,0,0,0,0,0,1
101179,1,1,5,4,5,4,3,5,5,0,1,0,5,1,2,0,1,2,3,2,5,3,0,4,5,1,2,1,1,0,0,1,0
101180,0,5,3,4,3,0,1,5,0,3,4,2,4,4,2,1,1,2,4,1,4,7,1,1,25,4,1,1,0,1,0,1,0
101181,3,5,0,0,4,0,1,2,4,5,1,2,4,2,2,0,4,5,2,0,3,3,3,3,20,4,10,1,1,1,1,0,1
101182,5,1,3,3,5,2,2,3,2,4,5,1,5,0,2,5,4,2,2,5,0,10,2,4,3,3,9,1,1,1,1,1,1
101183,4,5,3,5,4,2,1,2,1,4,2,5,3,1,1,2,3,2,4,2,3,3,0,2,9,3,2,1,0,1,1,0,0
101184,2,2,0,5,4,2,0,3,3,1,4,4,4,2,5,3,5,3,1,2,4,9,1,1,11,6,1,1,0,1,1,1,1
101185,2,5,2,1,2,0,3,3,5,3,0,0,5,1,3,0,1,0,4,3,4,8,3,1,20,4,3,0,1,1,1,0,0
101186,1,4,5,4,1,3,3,4,3,3,4,3,2,1,3,5,4,5,3,1,5,2,2,1,22,3,8,1,1,1,0,0,1
101187,0,0,2,4,5,2,3,5,0,2,2,3,4,4,2,2,5,1,1,0,5,2,2,2,20,6,5,1,0,0,1,0,0
101188,3,1,2,2,1,5,5,4,4,2,4,3,3,0,4,2,3,5,5,3,0,7,1,1,19,3,2,1,0,1,0,0,0
101189,3,2,1,5,2,4,4,0,4,0,1,4,5,5,4,2,3,4,0,5,2,1,3,4,29,6,3,1,0,0,1,1,1
101190,0,1,0,3,3,2,4,2,5,5,1,2,3,2,0,2,5,3,5,5,0,2,1,3,25,5,1,0,0,0,0,0,0
101191,2,0,1,4,2,4,3,3,1,5,5,4,4,1,2,1,0,5,3,1,0,6,0,2,23,2,2,0,0,1,0,0,0
101192,1,5,4,4,2,3,4,3,5,4,3,2,5,1,5,5,3,0,1,5,5,5,0,3,13,4,5,1,1,1,1,1,1
101193,1,5,5,4,3,2,4,5,2,3,3,5,0,4,5,0,3,4,3,2,2,5,3,2,16,5,0,1,1,1,0,1,1
101194,4,2,3,5,1,5,3,2,2,0,3,5,0,5,5,4,1,1,5,4,5,5,3,3,9,1,2,1,1,0,1,1,1
101195,3,1,4,5,5,3,3,4,3,3,2,0,1,1,4,1,0,5,1,1,5,0,0,2,18,3,3,1,1,0,1,1,0
101196,3,1,3,2,1,2,4,2,3,5,5,0,4,5,5,0,1,1,3,1,2,2,2,4,15,1,8,1,0,0,1,1,1
101197,4,5,3,3,2,3,5,0,1,0,3,2,2,5,1,5,4,2,4,2,3,10,0,1,28,4,10,1,1,1,1,1,1
101198,5,1,2,3,5,4,2,2,1,2,0,0,5,5,5,2,3,4,2,4,0,5,0,1,11,0,10,0,1,1,1,1,1
101199,4,0,0,5,2,4,1,0,3,5,1,0,0,3,5,5,4,2,1,2,1,3,3,3,11,0,8,0,0,0,0,1,1
101200,3,2,2,2,4,3,2,2,5,5,5,0,2,0,4,0,4,5,1,5,3,7,1,3,12,3,6,1,1,0,1,0,1
101201,5,2,5,1,3,1,0,1,1,2,2,5,0,1,4,0,4,2,2,5,5,5,2,1,12,4,4,1,0,0,0,1,0
101202,2,3,3,4,1,3,1,0,3,1,4,2,4,3,4,5,4,3,3,5,3,7,1,2,17,4,2,1,1,0,1,1,1
101203,5,2,4,5,4,2,5,3,1,1,0,4,1,4,0,1,0,1,3,1,1,7,2,3,4,4,4,1,1,1,1,1,0
101204,4,5,0,5,1,5,0,4,1,2,0,4,1,0,0,2,0,5,3,3,2,2,0,2,12,2,9,0,0,1,0,0,0
101205,3,3,1,0,4,5,5,0,4,1,1,0,3,3,1,0,0,0,2,1,3,2,1,4,26,1,5,1,1,1,1,1,0
101206,5,5,1,5,0,0,3,3,4,3,3,4,0,3,1,1,2,1,4,3,4,0,2,0,5,3,3,0,1,0,1,1,0
101207,3,2,2,4,4,5,1,3,2,0,3,3,5,0,0,3,0,4,2,0,0,6,0,1,26,3,3,0,0,1,0,0,0
101208,4,3,5,0,0,5,2,0,2,0,0,5,0,3,4,0,0,4,5,5,1,8,1,4,3,0,4,1,1,1,0,1,0
101209,1,2,2,0,5,5,5,3,2,0,5,5,2,2,0,4,3,1,1,2,1,6,2,3,23,2,10,0,1,1,1,0,0
101210,5,4,3,1,3,2,0,1,5,4,3,3,3,2,2,1,5,1,4,3,4,7,1,4,17,3,3,0,0,1,1,1,1
101211,3,4,3,5,0,1,3,4,5,5,2,4,0,4,0,5,1,1,3,1,1,7,1,1,30,3,7,1,1,1,1,1,1
101212,4,1,2,4,0,3,1,3,0,0,2,3,0,0,3,2,0,3,1,1,3,4,1,4,10,4,10,0,0,1,0,0,0
101213,2,5,5,3,1,5,3,0,4,5,3,3,5,4,5,4,0,2,0,1,0,8,1,2,27,0,3,0,1,1,1,1,1
101214,5,5,1,3,5,2,4,3,2,0,4,3,3,0,3,5,5,0,0,2,0,6,2,3,24,4,1,1,1,1,1,1,0
101215,0,5,0,2,3,5,5,0,3,0,0,5,0,4,3,3,5,2,2,4,0,3,1,2,2,2,10,0,0,1,0,1,1
101216,0,1,4,5,1,1,1,4,5,1,3,5,2,1,3,5,2,3,3,5,2,9,3,3,19,4,0,1,1,0,0,0,1
101217,3,4,3,0,1,5,3,1,2,1,3,1,1,3,1,4,2,2,4,1,0,6,1,4,4,5,2,0,0,1,1,0,1
101218,4,0,1,1,0,0,2,2,2,5,4,0,0,1,2,2,3,5,0,0,3,4,1,0,25,2,3,0,0,0,0,0,0
101219,4,0,5,1,1,5,3,4,3,0,2,1,3,5,1,5,2,3,1,1,1,3,2,4,15,5,0,1,1,1,1,0,1
101220,2,5,0,5,5,5,0,5,1,5,2,2,1,1,5,5,4,1,3,2,2,4,2,2,11,6,7,1,1,0,1,1,1
101221,3,0,1,3,3,4,5,3,1,5,4,1,3,2,2,5,3,3,3,3,3,6,0,2,13,2,2,1,0,0,0,1,0
101222,3,5,0,4,2,3,1,0,3,2,5,2,4,5,1,4,5,5,0,5,2,5,2,0,19,5,0,0,0,1,0,1,1
101223,5,2,1,5,0,2,0,1,1,4,4,2,2,2,3,0,2,5,3,2,4,6,2,0,2,3,1,0,0,0,0,0,1
101224,3,1,4,1,2,5,4,3,3,3,5,5,2,0,4,4,4,0,1,3,4,7,0,4,29,6,5,1,1,1,1,1,1
101225,2,0,4,5,2,0,2,0,1,5,0,2,3,1,2,1,1,1,1,2,3,8,2,4,15,5,8,0,0,1,1,0,0
101226,5,4,3,0,0,1,0,2,0,1,3,1,4,1,0,1,3,3,0,2,3,5,3,2,8,0,10,0,1,0,1,0,0
101227,0,4,5,4,3,0,4,1,0,5,4,2,2,0,2,4,4,0,0,4,3,10,1,3,29,1,5,1,1,1,1,0,0
101228,5,2,0,4,3,1,1,1,1,2,1,0,4,5,5,4,1,2,5,4,1,7,0,0,29,0,6,1,0,0,0,1,0
101229,0,4,3,4,5,3,5,5,0,5,2,0,1,4,5,0,3,3,5,4,2,5,2,3,7,6,4,1,1,1,0,1,1
101230,1,1,0,0,2,2,5,5,1,5,5,3,4,5,4,5,1,0,3,3,3,3,0,2,7,4,4,0,0,0,0,0,0
101231,4,3,5,5,1,2,3,5,2,5,0,1,2,3,3,4,5,0,0,4,5,0,2,4,8,6,6,1,0,1,1,1,1
101232,4,1,3,4,4,1,2,5,1,4,4,3,4,2,5,5,4,3,2,3,1,1,3,3,6,3,7,0,1,0,1,1,1
101233,5,3,4,0,2,2,2,5,3,2,1,0,5,5,0,5,2,2,2,5,4,7,1,4,10,1,7,1,1,1,1,1,1
101234,4,0,3,3,3,2,3,1,2,4,5,1,4,4,0,3,2,0,2,1,1,0,2,4,23,2,8,1,1,0,0,1,0
101235,3,2,2,4,4,1,5,2,0,1,3,3,1,4,4,1,4,0,1,3,0,0,3,4,26,1,6,1,1,1,1,1,0
101236,2,3,4,2,5,5,3,0,2,1,0,3,3,0,4,0,4,2,0,5,5,0,1,3,30,0,7,1,1,0,0,1,0
101237,0,3,5,2,1,5,0,4,0,4,0,3,1,5,1,4,5,5,5,1,1,7,1,4,30,2,7,1,1,1,1,1,1
101238,0,2,1,1,3,5,1,5,4,4,4,3,2,3,1,2,4,1,5,0,3,0,2,4,25,0,4,0,0,0,1,0,0
101239,1,3,5,3,0,0,3,0,2,1,4,1,3,4,1,2,2,2,0,0,1,9,3,0,4,2,3,0,0,0,0,0,0
101240,0,3,4,5,4,2,2,1,3,5,1,2,0,5,1,3,1,0,1,4,1,10,1,3,3,5,1,1,1,1,0,0,0
101241,3,1,0,3,0,4,2,1,0,4,3,2,2,1,0,2,4,2,0,0,4,8,2,2,15,6,4,0,0,1,0,0,1
101242,4,1,5,4,4,2,2,5,2,5,3,2,5,2,1,0,0,0,0,4,1,8,1,3,7,3,4,1,1,0,1,1,0
101243,5,3,1,4,1,1,3,4,4,2,0,4,5,2,4,5,0,1,3,3,0,6,0,3,10,5,1,0,1,0,1,1,1
101244,2,5,3,4,2,3,1,1,1,3,4,0,5,1,4,2,2,3,2,0,2,5,3,0,22,3,5,0,1,1,0,0,0
101245,5,4,0,2,0,0,0,0,5,3,0,3,4,3,5,4,5,2,3,1,4,2,0,3,23,3,9,0,0,1,0,1,1
101246,5,3,1,4,4,3,1,2,2,0,2,4,4,3,5,4,1,1,1,0,4,2,1,1,27,2,6,0,0,0,0,1,1
101247,5,5,3,1,2,2,4,3,0,1,0,2,3,1,1,1,4,0,4,1,3,2,2,3,7,6,0,1,1,1,0,0,1
101248,2,5,4,3,3,4,3,0,1,5,1,2,3,4,3,5,0,1,2,2,4,8,1,3,15,1,5,1,1,1,1,1,0
101249,1,3,4,1,2,4,4,2,2,4,5,4,1,1,2,5,3,4,0,4,4,8,0,4,30,6,0,1,1,1,0,1,1
101250,5,0,2,5,0,3,0,3,5,3,3,3,3,5,1,4,2,1,5,0,3,10,0,4,21,4,9,1,1,0,0,1,1
101251,1,3,4,4,3,3,0,5,2,0,4,3,3,4,4,5,0,1,1,3,2,4,1,4,28,6,10,1,1,1,1,1,1
101252,2,3,0,3,4,0,0,1,1,0,1,2,0,2,2,3,2,0,4,5,4,3,3,0,14,0,10,0,0,0,0,1,0
101253,0,1,5,2,3,5,3,1,2,3,0,0,1,4,3,1,5,3,4,1,4,0,1,2,14,3,10,1,0,0,0,0,1
101254,4,5,1,3,1,0,3,2,5,0,3,0,1,1,1,1,1,0,1,5,3,4,1,0,15,6,5,0,0,1,0,0,0
101255,3,5,3,4,4,5,0,1,5,0,1,2,4,3,2,5,5,1,1,4,0,5,3,1,26,1,7,1,1,0,1,1,1
101256,0,1,5,1,3,5,2,5,3,3,0,4,2,4,0,4,1,2,1,5,4,9,2,4,26,2,1,1,0,1,1,0,1
101257,1,2,1,4,1,4,0,4,5,5,2,1,1,1,0,2,1,3,5,1,0,0,3,3,7,5,10,1,0,0,1,0,0
101258,3,1,2,1,0,4,3,1,4,5,2,2,4,1,4,5,0,4,2,5,4,4,1,1,25,5,1,0,0,1,0,0,0
101259,3,1,4,0,1,0,3,2,2,2,0,1,3,0,5,3,0,4,4,4,3,8,2,4,26,2,3,0,0,1,0,1,1
101260,4,1,5,4,0,5,0,3,5,5,3,1,3,1,0,2,5,0,0,1,3,9,2,2,19,3,6,1,1,0,1,1,1
101261,1,2,1,4,4,3,0,5,0,3,2,5,2,4,4,0,2,3,0,4,5,7,3,3,15,5,9,1,0,0,0,1,1
101262,5,1,3,2,0,2,4,1,4,5,5,5,2,1,3,5,4,1,1,4,1,1,2,4,8,5,0,1,0,0,1,0,1
101263,2,0,1,3,0,4,5,1,3,1,0,5,3,5,1,0,0,3,1,0,2,6,1,2,11,5,8,1,0,0,0,0,0
101264,4,2,3,4,0,3,5,3,3,3,2,5,1,2,2,2,1,5,1,2,4,10,3,3,14,5,1,1,1,1,1,1,1
101265,1,3,2,4,1,2,3,5,5,5,4,2,5,1,1,3,3,0,1,5,5,8,1,2,24,1,3,1,1,0,1,1,0
101266,0,1,0,5,0,1,3,1,1,5,2,4,5,2,0,3,3,5,1,0,5,1,3,0,22,5,8,0,0,0,1,0,0
101267,0,3,5,5,3,0,4,2,1,5,1,1,5,3,4,3,4,5,5,5,4,3,2,3,7,2,2,1,0,0,0,1,0
101268,2,1,3,2,0,5,5,4,3,0,5,3,4,4,1,5,3,5,1,3,3,8,0,4,3,1,0,1,0,0,1,1,1
101269,5,4,2,1,4,3,5,2,4,3,1,1,0,4,3,3,2,0,0,2,5,7,2,4,21,1,1,1,1,1,0,1,0
101270,0,3,0,0,3,1,2,4,0,0,5,3,4,0,0,5,3,3,2,0,4,3,3,1,19,1,1,0,0,0,1,0,0
101271,2,5,0,3,0,4,2,3,2,2,5,2,1,5,0,3,5,1,4,3,3,10,0,4,14,3,2,1,0,1,1,1,1
101272,0,0,2,3,2,4,0,5,2,0,4,2,2,2,3,2,3,0,5,5,2,8,1,4,20,4,10,1,1,1,1,1,1
101273,5,5,3,4,0,0,1,3,4,4,4,0,2,5,2,2,5,0,2,2,1,4,3,1,19,6,8,1,0,0,1,1,1
101274,4,2,1,0,5,1,2,5,5,4,3,1,2,3,4,2,5,0,4,4,0,1,1,0,19,2,7,0,0,0,0,1,0
101275,4,0,4,4,3,1,4,5,0,0,4,2,4,0,5,2,5,2,0,1,4,6,2,4,13,4,3,1,1,0,0,1,1
101276,4,4,2,4,4,0,2,1,3,5,1,3,3,3,5,5,5,1,0,4,4,6,2,1,16,2,8,1,0,1,1,1,1
101277,3,1,0,4,2,4,3,5,4,5,0,5,3,4,0,0,3,0,4,5,0,0,0,0,3,1,6,0,0,0,0,0,0
101278,4,1,3,3,0,0,5,0,1,5,3,4,1,4,1,2,0,2,3,0,2,5,2,0,14,1,6,0,0,0,0,0,0
101279,0,5,1,0,1,4,2,1,5,2,4,3,4,4,1,0,3,2,0,1,1,10,0,4,5,2,0,0,1,1,1,0,1
101280,5,1,0,2,2,3,2,0,5,5,5,2,2,5,1,0,3,2,1,0,5,3,2,2,21,5,6,0,0,1,1,1,0
101281,4,3,0,3,4,0,4,0,1,5,4,2,4,3,2,2,5,3,2,4,4,10,2,1,2,1,8,0,1,0,1,0,1
101282,4,1,1,3,2,5,1,4,0,3,5,5,2,1,2,2,2,1,0,1,0,5,1,3,12,5,5,0,0,0,1,0,0
101283,2,0,3,3,5,1,2,0,3,2,3,5,3,0,5,1,4,1,1,5,2,9,1,1,15,4,0,1,1,0,0,0,0
101284,4,0,5,3,2,5,5,1,5,4,1,2,4,5,4,3,0,1,3,4,5,10,2,3,28,0,1,1,1,1,0,1,1
101285,2,0,1,3,1,0,2,2,4,0,1,3,3,3,0,0,1,1,0,0,3,9,3,0,13,4,0,0,1,0,0,0,0
101286,0,2,0,1,2,3,1,4,4,2,1,2,2,5,3,4,5,5,1,3,0,8,1,1,3,6,10,0,0,1,0,0,1
101287,5,2,1,3,0,1,5,4,4,0,5,3,4,4,1,2,0,3,3,2,2,10,3,1,19,2,7,1,1,0,1,1,1
101288,1,0,1,1,4,3,3,5,0,4,5,2,0,2,5,0,5,0,3,3,0,0,0,4,28,5,9,0,0,1,0,0,0
101289,0,2,1,2,0,5,4,0,0,0,4,5,5,1,1,5,3,1,3,3,1,3,3,3,14,5,7,1,0,1,0,0,0
101290,3,1,1,2,3,4,1,0,0,4,5,4,2,4,0,3,4,0,1,0,2,10,2,0,27,1,2,1,0,1,0,0,0
101291,1,3,5,4,2,1,4,2,5,3,2,1,5,5,5,2,5,5,0,3,5,4,0,1,15,3,4,1,1,0,1,1,1
101292,5,5,2,5,2,0,5,1,5,2,4,0,3,3,4,3,1,0,1,2,1,7,2,1,21,4,8,1,1,0,1,0,0
101293,2,4,3,3,3,1,0,0,5,3,1,5,0,1,4,3,2,0,3,1,3,3,2,3,18,2,4,0,1,0,0,0,0
101294,0,5,4,0,4,4,1,3,0,0,0,2,3,4,3,4,0,3,3,2,3,2,0,0,25,3,2,0,0,1,0,0,1
101295,5,1,0,4,5,3,3,2,5,4,3,0,3,5,4,4,3,2,5,5,4,0,3,4,11,5,3,1,1,1,1,1,1
101296,3,1,1,1,1,4,4,2,5,1,4,4,5,4,1,1,1,1,3,5,3,10,2,1,15,6,8,0,0,0,0,0,0
101297,1,4,2,0,4,2,0,0,4,5,3,2,5,3,4,3,4,2,4,1,0,0,0,1,21,5,9,0,0,0,1,0,0
101298,4,1,2,1,5,3,3,2,2,5,2,3,1,5,1,4,3,2,5,4,5,5,3,4,9,4,8,1,1,1,1,1,1
101299,3,5,0,5,5,0,0,2,0,3,3,3,4,5,5,0,2,0,2,4,5,2,3,0,30,5,4,1,1,0,1,1,0
101300,0,2,3,2,5,0,5,1,2,3,2,1,3,1,2,4,1,2,1,0,5,5,1,1,14,3,7,0,0,0,0,0,0
101301,4,1,1,1,4,4,4,4,1,5,1,3,2,1,5,2,2,4,1,3,1,6,3,2,29,1,10,0,1,1,0,1,1
101302,2,5,1,0,1,1,5,5,3,2,1,3,2,4,1,0,4,5,5,2,1,2,1,1,26,1,8,1,0,0,0,0,1
101303,4,3,3,3,4,2,1,5,5,2,2,3,4,0,1,4,0,3,1,2,0,2,0,3,16,6,5,0,0,1,1,0,0
101304,5,4,5,4,4,2,4,4,2,5,1,5,4,0,2,4,5,0,2,4,4,10,0,1,19,5,8,1,1,1,1,1,1
101305,3,2,5,2,1,3,2,4,0,2,0,2,5,3,3,3,2,4,2,5,1,5,2,0,17,3,4,0,0,0,0,0,1
101306,4,0,5,0,4,5,0,0,2,2,3,3,5,5,4,3,1,1,5,4,5,3,0,4,26,6,5,1,1,1,0,1,1
101307,1,4,2,2,4,4,2,2,4,0,2,4,1,5,0,2,1,0,0,0,3,5,0,4,22,4,5,1,1,0,0,0,0
101308,1,0,0,3,2,3,2,0,3,1,0,4,2,1,0,2,5,4,0,2,1,7,0,2,24,5,1,0,0,0,0,0,0
101309,2,3,1,0,5,5,3,3,0,1,5,5,5,1,1,1,3,1,3,5,2,0,2,3,13,2,10,1,1,1,0,1,1
101310,5,2,2,1,0,3,5,4,2,4,3,1,5,2,4,4,2,3,5,4,2,6,1,2,7,4,5,0,1,1,0,1,1
101311,3,4,1,0,4,0,1,4,2,3,0,5,2,5,1,2,3,3,3,5,0,5,1,3,30,5,1,0,0,1,0,1,1
101312,2,5,1,2,4,2,3,0,0,2,0,2,0,5,2,0,2,3,5,2,0,7,0,1,25,6,8,0,1,1,0,0,0
101313,4,2,0,1,0,5,1,3,2,5,0,1,1,5,5,1,1,2,3,4,3,9,1,1,22,1,4,0,0,0,1,1,1
101314,5,5,1,1,2,4,5,5,4,2,2,1,5,2,1,2,1,2,1,0,5,0,1,3,2,4,3,1,1,1,0,0,0
101315,5,0,3,0,3,2,2,0,0,2,1,2,4,0,1,4,0,0,1,2,1,0,0,3,7,2,4,0,0,0,0,0,0
101316,1,0,2,4,1,1,4,3,3,4,5,5,4,3,4,5,0,4,1,4,5,5,3,4,30,6,10,1,1,0,1,0,1
101317,4,5,0,2,5,5,1,1,3,1,2,0,4,5,4,0,3,4,4,3,0,6,3,0,4,6,3,1,0,1,1,1,1
101318,3,3,3,5,3,0,1,5,4,2,4,1,0,2,2,0,4,0,3,5,4,2,1,2,9,3,5,0,0,0,1,1,0
101319,2,2,5,2,1,5,5,3,1,4,1,4,3,1,1,3,2,4,5,0,5,2,0,1,11,2,2,1,1,0,1,1,0
101320,2,0,2,1,2,4,1,4,3,1,0,5,4,3,0,5,4,5,0,1,0,1,2,1,10,5,3,0,0,1,0,0,1
101321,0,1,1,1,0,4,3,3,4,2,2,0,0,1,5,1,2,4,1,2,1,8,0,1,28,2,0,0,0,0,0,0,1
101322,1,4,1,5,0,1,1,5,3,0,4,2,3,5,3,3,4,1,1,3,3,5,2,1,11,4,10,1,0,0,1,0,1
101323,3,4,2,3,4,3,2,1,5,4,4,2,1,2,2,4,4,4,4,1,3,8,0,4,30,3,4,1,0,1,1,1,1
101324,5,5,1,1,5,1,4,4,1,5,1,2,5,5,1,0,1,1,5,2,5,4,3,0,29,0,5,1,1,1,1,1,0
101325,5,2,5,3,1,0,4,2,0,4,1,4,1,3,0,2,3,4,3,3,1,2,2,4,3,3,8,1,0,0,1,1,0
101326,1,2,5,3,1,2,2,3,5,3,2,3,1,2,1,0,4,1,4,2,0,4,1,3,21,1,0,1,1,0,0,0,0
101327,4,0,2,0,4,5,3,4,4,5,2,0,5,2,4,5,3,5,5,3,3,0,2,4,24,0,9,1,1,1,1,1,1
101328,0,0,5,4,3,1,0,1,2,5,1,1,3,4,2,0,3,4,4,5,2,4,3,0,10,2,3,1,0,0,0,0,0
101329,4,2,5,0,0,0,1,5,3,2,5,4,5,1,5,0,1,4,1,3,1,8,0,4,29,1,9,0,0,0,1,0,0
101330,2,3,0,1,4,5,4,4,5,3,5,1,3,2,3,4,2,3,5,5,0,3,3,2,11,1,2,0,1,1,1,1,1
101331,2,0,2,4,1,5,3,2,5,5,2,2,1,5,3,0,0,0,5,2,1,10,3,0,29,3,4,1,0,1,0,1,1
101332,4,2,3,2,0,5,0,3,4,1,0,2,1,5,4,1,1,0,4,0,5,0,1,0,26,0,9,0,0,0,0,0,0
101333,2,3,2,1,2,5,5,3,3,4,2,2,1,0,1,3,3,4,0,4,0,2,3,0,19,2,0,1,1,0,0,0,0
101334,4,4,2,0,4,5,2,2,4,2,5,4,4,4,2,3,3,5,4,4,3,6,3,0,4,0,3,0,0,1,1,1,1
101335,3,5,2,3,3,5,1,3,3,0,5,1,0,5,5,5,2,2,3,1,1,3,2,2,11,6,10,1,1,1,1,1,1
101336,5,2,4,4,3,5,2,3,2,2,4,4,4,2,3,5,5,5,4,1,3,10,3,1,25,2,5,1,1,1,1,1,1
101337,3,2,1,1,1,4,2,4,4,3,4,4,2,1,1,5,2,1,0,0,5,0,0,2,21,0,6,0,1,0,1,0,0
101338,1,5,3,2,2,1,3,1,0,4,2,5,3,2,3,5,4,2,2,3,1,5,3,3,23,1,4,0,0,0,1,1,1
101339,4,4,1,2,4,2,0,0,4,0,2,2,4,5,3,3,2,2,3,2,2,3,1,3,11,4,5,0,1,0,1,0,1
101340,2,1,5,5,3,2,0,2,1,3,5,0,5,1,5,5,5,0,0,4,2,3,1,3,12,6,5,1,0,1,0,1,0
101341,3,4,0,4,1,3,5,4,3,3,1,4,1,1,4,4,5,1,3,5,4,0,1,2,4,1,0,1,0,0,0,1,1
101342,0,0,0,1,5,4,4,0,3,3,2,4,5,5,0,3,0,3,3,1,4,3,3,4,19,3,5,0,0,0,0,0,1
101343,0,2,0,3,0,1,2,5,1,4,5,0,5,3,3,5,5,0,3,2,2,0,1,3,9,6,2,0,0,0,1,0,1
101344,3,1,2,5,5,0,5,2,1,4,4,1,4,1,3,0,3,3,4,1,0,2,2,2,25,5,3,0,1,1,0,1,0
101345,1,5,3,2,4,3,4,1,1,2,0,2,0,4,4,2,4,3,2,1,3,9,2,3,15,1,5,1,1,1,0,1,1
101346,5,0,5,0,0,5,4,2,0,1,4,3,0,1,0,2,2,1,1,5,4,4,0,0,5,3,1,0,0,0,0,1,0
101347,5,5,2,1,1,5,4,4,5,5,0,3,0,4,1,3,0,3,0,4,2,2,3,4,20,6,0,1,1,1,1,0,1
101348,4,1,1,3,2,0,5,5,3,5,1,1,5,2,1,2,2,0,1,2,2,0,0,0,29,3,8,0,0,1,0,1,0
101349,4,0,2,5,5,3,5,3,4,0,5,1,5,5,1,2,1,3,2,0,4,3,0,2,27,0,5,1,1,1,1,1,0
101350,3,3,0,1,3,3,1,3,0,2,0,5,1,4,4,5,2,2,5,0,2,2,1,1,8,5,4,0,0,1,0,0,1
101351,0,4,2,0,1,2,4,4,5,4,1,4,3,0,2,4,2,2,4,4,4,5,1,3,29,4,1,0,0,1,1,0,1
101352,2,0,4,1,5,4,0,5,1,3,5,3,3,4,2,4,3,5,0,2,3,10,2,2,20,6,8,1,1,1,1,1,1
101353,2,0,0,2,0,2,3,4,2,5,4,1,2,3,3,2,1,5,3,0,0,0,0,3,19,6,2,0,0,0,1,0,0
101354,5,0,4,0,4,5,0,5,3,1,1,2,5,1,0,1,4,1,3,2,0,5,3,1,21,2,4,1,1,1,1,0,0
101355,1,2,1,0,4,5,1,4,4,5,2,5,5,3,1,3,0,3,1,2,5,5,0,3,2,6,7,0,0,0,0,0,1
101356,2,0,4,3,2,3,4,0,0,1,5,1,1,1,3,2,3,2,4,4,3,0,0,3,8,2,10,1,0,0,0,0,0
101357,2,4,4,4,0,2,2,0,5,0,3,1,3,4,1,3,5,5,0,3,4,2,2,4,15,1,3,0,0,0,0,1,1
101358,0,0,4,1,5,3,0,3,0,4,1,2,1,1,2,1,4,5,0,2,3,0,1,3,5,5,10,0,0,0,0,0,0
101359,0,4,4,3,5,5,5,5,3,5,0,1,0,2,1,0,2,4,3,0,1,7,0,3,5,3,4,1,1,1,1,1,1
101360,2,5,4,3,2,1,5,1,1,2,2,0,5,3,5,2,2,3,3,0,0,10,2,2,24,1,10,1,1,1,1,1,1
101361,0,4,1,4,1,5,1,5,5,0,1,5,5,0,5,4,3,5,3,3,5,0,2,3,4,0,4,0,0,0,1,0,1
101362,0,5,0,5,1,3,3,5,3,5,2,4,0,5,5,0,2,3,4,4,0,8,1,3,13,6,5,1,1,1,1,1,1
101363,2,5,2,5,0,0,1,0,5,0,0,2,3,0,2,0,5,3,5,1,2,5,1,3,20,4,10,1,0,0,1,0,1
101364,1,0,3,1,3,4,4,2,5,3,2,3,1,5,1,5,0,1,0,2,2,2,2,2,21,5,1,1,0,0,0,0,0
101365,3,2,3,5,3,1,4,1,1,0,1,2,3,3,3,2,4,4,4,0,1,6,3,3,26,1,5,1,1,1,0,1,1
101366,0,4,4,0,2,3,2,0,1,3,5,0,1,3,4,3,0,5,2,0,5,3,1,0,3,2,5,0,0,0,0,0,0
101367,1,2,1,5,3,5,5,4,0,0,1,4,3,2,4,4,5,3,1,4,3,10,1,0,7,0,4,1,1,0,1,1,1
101368,2,4,5,0,3,4,4,1,4,2,1,0,4,2,3,3,2,4,2,4,3,8,0,3,24,0,4,1,1,1,0,1,0
101369,5,4,2,0,0,4,0,3,0,2,1,3,0,4,3,5,0,1,3,4,2,2,2,0,3,2,7,0,0,0,0,0,0
101370,3,5,1,0,2,0,2,4,1,5,3,1,2,2,3,1,5,0,3,5,3,7,0,3,24,5,0,1,0,1,1,1,0
101371,5,1,4,0,5,5,4,2,5,4,4,2,2,3,2,4,1,2,1,4,5,10,3,3,28,0,2,1,1,1,1,1,1
101372,2,2,0,2,4,2,3,0,3,5,1,2,2,4,0,2,5,0,0,5,5,7,2,2,14,2,5,1,0,0,1,1,0
101373,2,0,2,3,5,0,0,0,2,3,4,2,5,3,2,0,4,5,4,1,1,7,1,2,23,5,6,0,0,1,0,0,1
101374,2,1,4,4,5,5,4,2,0,1,0,1,5,3,5,2,5,3,5,3,3,4,0,0,9,4,8,1,1,1,0,1,1
101375,5,1,4,0,0,1,2,0,5,2,1,0,3,3,5,3,3,4,5,1,2,6,1,1,8,2,1,0,0,0,0,1,0
101376,5,2,1,1,1,1,1,5,5,3,1,0,4,0,3,0,2,1,5,1,0,9,0,2,3,0,7,0,0,1,1,0,0
101377,5,2,0,0,2,0,4,0,0,3,4,4,2,0,5,2,2,3,1,1,4,0,3,4,18,1,3,0,0,0,0,0,0
101378,4,5,0,0,3,3,5,0,4,5,3,0,3,0,5,0,4,0,5,5,5,7,1,1,10,0,8,1,1,1,1,1,0
101379,3,4,0,4,4,5,3,0,1,5,2,3,2,1,3,3,2,5,3,4,2,2,3,4,3,5,6,1,0,1,0,1,1
101380,3,4,4,3,4,3,4,4,4,0,3,1,2,2,4,3,5,4,3,1,5,7,3,4,13,1,10,1,1,1,0,1,1
101381,5,0,4,1,4,5,1,3,1,4,1,4,4,1,1,0,3,1,1,3,4,5,0,2,20,6,1,1,0,0,1,0,0
101382,1,2,3,1,0,5,4,4,0,1,1,3,5,3,2,3,0,5,4,4,5,2,2,2,9,2,8,0,0,0,1,0,0
101383,2,4,3,5,4,5,5,2,4,3,4,1,2,5,2,1,0,3,0,4,0,10,3,3,8,2,1,1,1,1,0,1,1
101384,5,1,1,3,4,0,1,1,5,5,5,4,1,5,5,3,2,2,4,5,1,3,0,3,2,1,6,0,1,0,1,0,0
101385,2,2,1,1,4,1,5,4,4,5,0,3,2,3,2,1,0,3,5,4,1,9,3,3,21,5,8,0,1,1,1,1,1
101386,1,4,0,5,3,1,0,0,0,2,2,1,5,0,1,5,2,1,5,5,3,3,2,2,5,2,7,0,0,0,0,0,0
101387,3,4,4,1,0,3,2,2,2,0,5,5,4,4,2,3,1,2,5,4,5,1,3,3,28,5,9,1,1,0,1,1,1
101388,1,5,0,1,0,5,0,0,3,5,4,2,1,4,5,5,5,0,4,3,2,3,3,4,20,5,6,0,0,1,1,0,1
101389,5,2,0,4,4,1,2,2,4,5,1,0,3,4,3,0,5,0,4,0,1,10,0,1,22,0,10,0,1,0,1,1,0
101390,5,2,4,3,5,3,3,5,4,2,0,3,4,5,0,5,3,4,0,5,2,2,3,2,9,0,2,1,1,1,1,1,1
101391,1,2,3,0,4,1,5,5,5,0,3,2,2,0,0,0,4,3,1,2,2,9,0,2,3,6,8,1,0,0,1,0,0
101392,3,4,2,4,2,3,0,4,3,3,4,2,5,2,2,0,5,0,0,0,1,7,3,2,26,3,1,1,1,1,1,0,0
101393,5,2,1,1,3,4,5,3,5,4,1,2,5,3,4,1,5,2,2,2,4,4,2,0,8,4,3,1,0,1,1,1,1
101394,4,2,0,4,1,2,5,2,4,2,1,5,1,0,5,1,0,4,3,0,0,7,2,2,7,2,6,0,0,1,1,0,0
101395,1,1,2,2,3,0,0,4,1,0,4,2,3,2,0,5,2,0,5,1,1,6,3,3,28,3,7,0,1,0,1,0,0
101396,3,2,2,4,1,2,5,5,4,2,3,4,1,1,0,4,1,5,4,4,1,6,1,4,6,2,10,1,1,0,0,1,1
101397,3,1,3,5,4,4,5,3,0,3,1,5,4,1,1,0,1,1,4,4,0,7,1,0,5,4,8,1,1,1,0,1,0
101398,3,3,0,4,4,5,0,0,4,5,5,3,0,3,5,5,3,2,5,5,0,6,2,0,13,3,3,1,1,1,0,1,0
101399,0,5,1,5,0,3,0,4,1,4,5,5,3,3,2,1,0,3,4,1,5,0,0,2,5,6,6,0,0,0,0,0,0
101400,1,4,0,3,5,4,4,0,1,4,4,2,2,0,0,5,1,4,0,0,2,10,0,1,20,6,8,0,1,0,0,0,1
101401,5,2,2,0,4,2,2,1,3,2,5,1,3,4,3,1,1,2,5,1,5,10,3,4,21,3,7,1,1,1,1,1,0
101402,1,5,1,3,2,5,1,1,2,5,2,2,3,5,3,4,5,0,2,2,1,0,2,2,26,5,5,0,0,1,0,0,0
101403,1,5,1,2,2,5,2,0,3,1,0,0,5,0,0,3,5,3,1,1,5,0,2,2,20,6,9,0,0,0,0,1,1
101404,1,2,3,4,0,5,2,4,3,1,4,1,0,4,3,5,4,2,2,5,3,7,1,0,23,4,6,1,1,1,0,1,1
101405,1,4,2,1,5,5,5,3,3,5,3,1,3,4,4,3,2,1,3,4,0,9,3,0,21,1,7,1,1,1,1,1,1
101406,0,2,1,4,0,3,1,2,3,5,2,0,0,4,0,0,3,2,4,5,1,8,2,4,20,6,5,0,0,0,1,1,0
101407,2,5,4,2,5,5,0,2,1,4,1,0,3,5,0,5,3,0,2,3,2,6,1,2,16,4,9,1,1,1,1,1,0
101408,5,2,2,4,3,3,4,3,4,4,0,5,2,4,5,2,0,3,3,2,4,4,1,4,12,2,3,1,1,1,1,1,0
101409,0,1,2,2,5,3,5,3,5,5,1,5,0,2,2,5,1,4,2,1,4,10,3,2,15,6,10,1,1,1,0,1,1
101410,1,0,2,2,2,3,5,1,3,0,3,5,1,0,0,0,4,1,4,5,5,3,1,1,30,5,10,1,1,1,0,1,0
101411,0,5,0,1,5,1,5,2,3,4,1,0,0,5,0,5,5,2,0,0,5,9,0,3,16,6,5,1,0,0,1,0,1
101412,3,1,2,4,2,5,0,4,4,2,5,5,4,4,5,1,5,3,4,2,3,6,3,4,9,1,3,1,0,0,1,0,1
101413,1,4,3,0,2,2,4,3,0,3,2,2,5,2,5,5,1,5,3,0,0,5,0,0,11,1,7,0,1,1,0,0,0
101414,4,0,0,1,2,3,1,4,0,1,0,2,1,3,5,4,4,4,2,2,0,8,3,3,8,0,1,0,0,0,0,0,1
101415,3,3,3,2,5,5,2,3,3,2,3,1,2,3,4,5,4,5,2,5,5,6,2,1,10,0,1,1,1,0,1,1,1
101416,4,2,0,0,2,0,2,2,2,1,4,5,0,0,4,1,3,0,1,3,0,9,2,2,19,3,3,0,0,0,1,0,0
101417,3,2,3,5,2,1,5,4,4,3,1,5,1,1,5,4,0,1,1,0,0,9,0,2,2,0,2,0,0,0,0,0,0
101418,2,1,0,2,3,5,3,1,5,5,5,4,0,1,5,4,4,5,3,1,4,7,3,1,25,5,7,0,0,1,0,1,1
101419,5,0,1,1,3,2,1,3,4,0,4,0,5,3,0,5,0,1,0,0,3,3,3,1,22,4,9,0,0,1,1,0,0
101420,2,2,2,1,3,3,0,3,1,5,3,2,1,2,3,4,3,4,1,3,2,7,3,2,30,4,5,0,1,0,1,0,1
101421,5,2,3,1,2,3,3,1,1,3,0,1,4,2,4,0,2,0,2,2,2,10,2,2,19,3,4,0,1,0,1,1,1
101422,5,4,4,3,0,5,4,1,0,0,2,5,0,3,5,5,0,5,3,1,4,9,0,1,13,2,2,1,1,1,0,1,0
101423,3,2,2,2,5,3,4,0,0,3,5,3,1,5,0,1,2,1,2,4,5,9,2,1,22,2,7,1,1,1,1,1,0
101424,4,1,0,1,2,2,5,0,4,0,1,5,1,1,4,5,5,4,0,3,4,5,2,0,13,6,10,0,0,1,0,0,0
101425,1,1,2,5,5,0,0,0,4,4,5,5,1,0,3,4,4,4,4,4,3,10,0,1,7,3,7,0,0,0,0,1,0
101426,4,3,4,3,2,2,2,3,1,1,1,3,1,3,4,4,1,4,1,4,1,3,3,3,25,2,6,1,0,1,0,1,1
101427,4,2,0,2,3,3,3,0,4,0,3,1,1,5,5,3,4,1,5,1,2,8,1,4,2,2,1,0,0,1,1,1,1
101428,5,5,4,3,3,4,5,3,2,5,2,4,2,5,5,4,1,0,2,5,1,2,0,4,28,2,10,1,1,1,1,1,1
101429,1,2,2,3,5,4,1,0,5,3,0,4,1,1,1,3,2,5,4,0,4,3,3,2,26,1,7,1,0,0,0,1,1
101430,4,3,0,0,0,4,4,4,4,3,3,4,3,2,2,4,5,2,3,0,4,1,2,0,18,1,7,0,0,1,1,0,1
101431,2,0,4,4,3,2,1,4,1,4,2,5,2,4,2,5,3,4,1,0,0,4,0,0,15,2,6,0,1,0,0,0,0
101432,1,1,0,1,0,0,3,1,2,3,1,3,3,0,2,1,4,1,5,4,0,4,1,2,2,6,0,0,0,0,0,0,1
101433,1,5,2,0,5,1,4,4,1,4,1,4,3,2,2,4,5,5,1,0,5,2,0,0,11,0,2,0,0,0,0,0,1
101434,3,2,1,3,3,2,4,1,5,3,2,2,5,2,5,4,3,4,3,5,2,0,1,1,16,0,7,0,0,0,1,1,1
101435,1,2,3,5,5,5,2,3,3,0,0,2,3,1,5,3,2,3,4,4,5,3,0,1,28,1,10,1,1,1,0,1,1
101436,0,3,0,4,1,4,2,3,5,5,3,0,4,2,4,5,1,3,2,4,0,7,0,1,13,4,4,0,0,0,0,1,1
101437,2,0,0,1,0,5,5,2,3,5,0,1,5,5,3,5,3,0,4,1,2,9,3,3,4,4,0,1,0,1,1,1,1
101438,3,3,3,2,3,5,3,4,3,1,1,5,1,5,0,2,4,3,4,1,3,9,1,1,15,1,6,0,0,1,0,1,0
101439,1,2,5,3,0,0,2,5,1,3,3,1,5,2,2,0,5,1,1,1,1,4,2,3,9,2,4,0,0,0,1,0,0
101440,5,0,0,1,2,0,1,2,5,0,4,0,2,2,1,0,3,2,0,4,2,7,3,0,7,2,6,0,0,0,1,0,1
101441,4,2,2,4,1,3,4,1,4,1,2,4,3,5,0,3,1,3,0,1,1,0,2,3,13,0,10,1,1,1,1,0,0
101442,3,2,4,1,1,1,4,2,1,3,3,0,4,1,3,2,3,0,0,4,3,10,0,4,21,1,9,0,1,1,1,0,1
101443,5,1,1,1,0,5,3,3,5,2,5,2,1,3,3,1,5,4,3,2,2,3,3,0,19,5,10,0,0,1,1,1,1
101444,2,3,2,0,3,2,0,0,1,5,3,2,3,1,0,0,1,1,1,1,2,10,1,2,30,2,0,0,0,0,0,0,0
101445,0,4,5,4,4,0,0,5,0,0,4,2,1,3,2,1,3,2,2,2,4,4,2,4,12,0,8,1,1,0,0,1,1
101446,0,1,4,0,2,1,1,2,4,4,2,2,1,0,3,3,2,3,3,5,1,6,3,2,21,2,6,0,0,0,0,0,0
101447,5,5,1,4,1,2,0,5,4,3,1,0,5,1,2,4,4,0,1,1,1,5,0,4,20,6,1,1,0,0,0,1,1
101448,5,3,4,5,0,0,2,5,3,5,2,1,4,4,1,5,2,1,3,1,2,1,0,2,9,5,0,0,0,0,1,1,1
101449,4,4,4,0,4,1,2,0,4,4,2,3,1,4,0,3,2,1,2,4,1,3,3,0,21,5,5,0,1,0,1,0,0
101450,0,0,3,0,4,3,2,0,1,5,3,0,1,1,1,0,1,0,4,5,2,2,3,0,14,6,1,0,0,0,0,0,0
101451,1,4,2,5,3,5,5,1,1,4,0,1,0,1,5,4,5,4,0,1,1,7,3,3,30,1,4,1,1,1,1,1,1
101452,0,2,5,0,2,3,1,3,2,1,4,5,2,4,5,2,2,0,3,2,2,3,3,1,20,0,4,0,0,0,1,0,1
101453,0,4,5,2,3,0,4,2,1,2,0,3,1,5,4,0,5,0,1,4,2,9,0,4,24,1,3,1,1,1,0,1,1
101454,1,4,5,5,5,2,1,0,1,4,4,3,4,3,1,4,5,5,0,0,3,1,3,4,24,1,8,1,1,1,1,0,1
101455,3,1,4,0,5,4,3,3,0,5,2,3,2,4,0,5,3,3,0,1,3,5,0,0,18,0,4,0,0,1,0,1,0
101456,0,1,2,3,1,2,5,1,1,5,4,5,5,4,5,5,1,1,4,4,2,4,3,2,27,5,1,1,0,1,1,1,0
101457,5,0,0,2,2,3,5,5,3,3,1,0,3,5,2,4,3,4,5,1,2,0,2,3,16,5,3,1,1,1,0,0,1
101458,2,3,0,2,5,5,3,4,2,0,1,5,5,1,3,1,1,5,0,3,2,10,3,1,15,5,0,1,0,0,1,0,0
101459,1,4,5,5,3,0,1,5,2,2,1,2,0,3,5,2,2,2,1,2,3,6,3,4,27,1,9,1,1,1,1,1,1
101460,3,2,2,3,4,2,2,3,5,3,4,2,5,0,5,3,5,0,4,4,1,10,1,1,29,4,5,1,1,1,1,1,0
101461,4,0,0,1,5,3,2,4,0,4,1,1,1,1,3,2,4,3,4,2,1,0,2,1,11,6,8,0,0,1,1,0,0
101462,1,1,1,5,0,4,5,0,5,1,2,2,2,2,4,0,4,2,3,1,4,8,3,1,28,2,1,1,1,1,0,1,0
101463,0,2,0,3,3,5,2,4,0,2,0,3,3,5,3,3,3,1,0,1,4,8,3,0,22,3,3,0,0,1,0,0,0
101464,0,5,3,0,3,1,4,2,3,4,1,1,2,2,2,2,3,2,2,0,3,6,2,4,23,1,5,0,1,1,1,0,0
101465,5,0,3,2,1,2,5,0,0,5,5,2,1,0,1,2,3,2,2,0,4,1,2,4,28,6,3,1,1,0,1,1,1
101466,0,2,2,1,3,4,0,0,2,1,0,5,0,3,0,2,4,2,4,1,0,9,0,3,27,6,0,0,0,0,0,0,1
101467,3,3,4,3,0,5,5,1,5,1,5,4,2,2,5,4,1,1,4,5,5,5,2,1,13,4,1,1,1,1,1,0,0
101468,2,1,2,5,2,4,3,2,0,2,4,3,2,4,5,1,0,0,0,2,1,10,3,1,18,1,9,1,1,1,0,1,1
101469,4,5,5,0,2,4,3,1,3,3,5,1,0,0,2,3,1,2,5,5,2,0,1,0,18,1,2,0,0,1,1,0,0
101470,0,5,4,4,2,1,1,4,2,4,3,5,4,5,4,0,4,5,2,0,2,9,0,4,2,1,2,0,0,1,0,1,1
101471,5,2,0,5,3,2,2,2,2,4,4,5,1,4,0,5,5,5,3,5,2,3,0,2,4,4,7,0,0,0,0,0,0
101472,4,4,1,5,5,3,3,1,3,3,5,5,0,3,0,2,5,5,5,3,0,7,0,0,16,2,4,1,1,1,0,1,1
101473,2,4,4,3,5,1,1,4,1,5,4,4,1,5,5,5,5,1,3,2,4,5,2,4,17,4,0,1,0,1,1,1,1
101474,1,4,3,1,4,4,4,2,4,0,3,1,1,1,5,0,2,4,0,3,0,5,0,3,16,4,2,0,1,1,0,0,0
101475,5,1,4,0,1,3,4,4,1,3,2,2,1,2,3,4,1,0,1,5,5,0,3,3,29,3,3,1,0,1,0,1,0
101476,1,0,2,5,5,2,0,3,2,1,5,5,5,1,2,5,5,0,5,1,0,4,1,2,4,3,7,0,1,0,0,1,0
101477,2,2,0,2,5,2,1,4,2,3,1,0,3,1,3,0,2,4,0,1,3,0,1,0,29,2,8,0,0,0,0,0,1
101478,2,0,4,2,5,4,3,5,5,5,3,4,1,5,0,5,3,1,3,4,5,4,1,4,11,5,1,1,1,0,1,1,0
101479,1,1,4,4,5,2,4,0,3,5,0,3,3,5,1,5,5,5,2,0,3,9,2,0,13,3,6,0,1,1,1,1,1
101480,2,3,3,4,4,1,1,0,5,5,3,2,1,1,1,5,0,1,5,3,2,1,1,4,13,4,3,0,1,1,0,0,0
101481,0,3,2,4,4,2,5,4,0,2,0,0,5,1,3,4,4,3,5,3,3,0,3,0,7,6,3,1,1,0,0,1,1
101482,0,1,0,5,4,2,3,3,0,4,0,5,5,0,5,0,0,5,0,3,5,2,3,1,21,5,3,1,1,1,0,0,0
101483,1,0,4,5,3,3,3,1,3,2,1,1,3,0,0,0,3,3,5,2,3,3,3,4,26,3,4,0,1,1,0,0,1
101484,0,1,3,1,3,5,0,0,5,0,4,3,2,5,2,2,0,4,4,4,2,8,3,0,16,6,10,1,1,1,0,1,1
101485,2,2,4,1,2,2,3,5,1,1,4,3,0,1,4,4,4,5,5,5,1,1,3,2,21,0,6,0,1,0,0,0,1
101486,5,4,1,1,5,1,4,0,1,4,3,2,4,0,4,2,5,2,3,3,4,7,1,4,2,3,9,1,1,1,1,1,0
101487,0,2,4,3,3,5,1,2,0,0,3,0,0,5,5,0,3,2,5,4,1,1,2,0,6,6,6,0,0,0,0,0,0
101488,0,1,4,3,3,0,3,1,5,3,1,0,1,4,2,1,5,3,1,0,3,3,2,4,30,1,2,1,0,0,0,1,1
101489,0,3,5,5,4,5,0,2,0,2,0,3,3,4,5,5,4,4,0,0,0,4,2,1,27,4,9,0,0,1,1,0,1
101490,3,0,3,5,0,0,1,4,3,2,0,4,1,0,0,4,0,4,2,3,1,5,3,0,11,2,7,0,0,0,0,0,0
101491,1,1,4,4,5,2,0,3,2,4,0,1,4,0,4,4,2,1,1,4,5,1,0,4,21,0,7,0,0,0,0,1,0
101492,2,0,2,0,3,5,4,0,2,1,2,4,1,3,1,4,2,0,5,1,5,4,0,2,14,1,9,0,1,0,0,0,0
101493,0,3,4,4,5,0,5,0,4,1,4,4,5,3,4,1,5,2,3,4,4,3,3,2,15,0,4,1,1,0,0,1,0
101494,1,2,4,5,0,0,0,5,2,0,0,1,0,1,5,1,5,2,2,4,5,2,0,1,19,6,7,1,0,0,0,0,0
101495,2,3,4,5,1,3,4,1,0,0,2,2,2,2,4,5,4,3,0,3,4,6,1,4,28,1,0,1,1,1,0,1,1
101496,2,3,5,2,5,1,3,2,3,0,3,2,2,5,1,0,3,0,0,3,4,1,1,3,29,3,8,1,1,1,0,0,0
101497,3,2,0,4,4,0,4,4,0,0,0,3,5,5,5,4,0,0,3,1,4,10,3,3,12,3,7,1,1,1,1,1,1
101498,4,5,4,2,3,4,3,5,5,3,3,0,4,0,5,3,4,5,0,3,3,5,0,4,12,5,10,1,1,1,1,1,1
101499,2,5,4,0,2,5,5,1,5,1,2,5,5,0,2,0,2,3,4,0,4,9,0,1,29,5,5,0,1,1,0,0,1
101500,5,0,3,2,3,4,0,1,5,2,5,3,3,1,1,5,1,2,0,3,2,6,0,3,13,6,8,1,1,0,0,0,0
101501,3,5,3,1,3,5,0,2,2,4,2,4,5,4,3,5,5,3,2,5,4,7,1,0,3,6,3,0,1,1,1,0,1
101502,1,1,4,5,1,3,1,2,2,3,3,3,2,4,5,3,0,1,1,1,0,0,3,4,17,2,0,0,1,0,1,0,0
101503,1,1,2,1,3,3,4,4,3,0,5,2,0,3,5,5,3,1,1,4,2,9,3,1,28,1,0,0,0,0,0,1,1
101504,1,3,2,0,3,5,0,4,5,3,4,5,1,3,0,1,1,5,3,3,2,0,0,0,8,0,4,0,0,0,0,0,0
101505,3,0,4,3,1,3,0,1,4,3,3,1,2,2,0,5,4,1,2,3,3,2,3,1,3,0,7,1,0,1,1,0,0
101506,1,2,4,3,2,0,4,2,2,3,3,0,4,2,3,3,4,5,2,4,4,2,1,1,5,5,6,0,0,0,1,0,1
101507,5,1,1,3,4,1,2,4,4,5,2,3,1,0,5,3,1,0,1,3,5,9,0,0,14,0,6,1,0,0,1,1,0
101508,2,2,4,0,4,3,4,3,2,3,4,0,1,2,0,3,5,3,5,2,2,8,0,1,16,4,10,0,1,1,0,1,1
101509,5,4,1,2,2,5,2,3,4,4,1,4,3,5,4,5,0,4,1,0,4,3,1,2,17,4,9,1,0,1,1,1,1
101510,4,5,0,5,3,3,0,4,1,3,1,0,0,3,1,4,4,5,4,2,5,8,1,1,29,5,5,1,1,1,1,1,1
101511,2,1,5,0,1,2,3,3,2,3,4,1,5,3,1,4,3,1,5,3,1,2,2,3,27,0,4,0,0,1,0,0,1
101512,1,3,1,4,2,1,0,3,4,0,2,5,5,5,5,2,2,1,2,5,3,4,0,1,15,2,10,1,0,0,0,0,1
101513,4,2,1,0,3,4,2,2,1,5,3,1,4,0,1,5,2,2,1,5,0,5,2,4,14,6,0,0,1,0,0,1,1
101514,1,2,1,1,1,5,5,5,3,0,0,3,5,4,1,4,2,4,1,4,0,10,0,0,13,0,2,0,1,0,0,0,0
101515,1,3,2,5,1,1,1,0,1,5,2,5,0,1,5,2,4,0,1,4,3,0,2,3,27,5,4,0,0,0,0,0,0
101516,5,5,0,1,3,3,1,0,2,3,3,1,1,2,5,1,5,4,2,0,0,5,2,2,4,5,4,0,0,1,0,0,1
101517,2,2,0,3,5,2,5,4,1,2,3,1,5,0,5,4,5,3,3,3,3,5,2,4,25,4,1,1,1,0,0,1,1
101518,0,0,2,2,2,1,1,3,3,2,1,0,1,1,3,0,3,3,3,1,1,7,1,1,18,6,2,0,0,0,0,0,0
101519,2,5,1,3,5,2,2,1,4,0,0,4,4,3,1,5,5,4,1,2,4,4,1,4,3,0,7,0,0,0,1,1,1
101520,2,5,1,2,5,0,4,3,5,2,3,0,3,3,4,4,2,2,0,5,3,5,1,2,16,6,7,1,1,0,1,1,1
101521,5,1,5,2,4,3,0,0,2,0,2,5,1,2,4,3,2,2,4,1,4,0,3,1,12,0,2,0,0,0,0,0,0
101522,4,3,3,4,5,0,0,3,1,2,5,4,2,5,2,5,1,1,5,4,5,10,3,2,13,5,8,1,1,1,0,1,1
101523,1,5,0,3,2,2,5,2,5,0,0,1,2,1,3,1,4,0,0,0,5,9,0,0,3,4,10,1,0,0,0,0,0
101524,0,3,0,3,4,5,5,3,2,0,4,2,5,1,5,5,4,3,3,1,5,1,3,0,23,2,2,1,1,0,0,1,1
101525,3,2,4,4,0,0,5,2,3,4,2,3,3,3,3,0,3,4,2,2,3,2,2,2,22,3,8,1,1,1,1,1,0
101526,0,5,1,2,1,1,0,4,2,1,1,4,2,2,4,4,0,1,5,2,4,0,2,2,8,1,7,0,0,0,0,0,0
101527,1,4,0,4,3,4,3,0,5,2,4,2,4,1,0,1,2,5,4,1,5,7,2,3,13,1,8,0,1,0,0,0,0
101528,0,3,3,4,0,5,5,5,0,3,3,1,0,0,5,4,2,0,3,1,1,6,0,2,25,2,7,0,1,1,0,1,0
101529,0,0,5,5,4,5,5,2,0,3,0,0,1,3,5,2,3,5,2,2,5,6,3,1,15,4,2,1,1,0,0,1,1
101530,5,2,2,2,5,0,2,1,2,3,3,2,3,3,0,2,4,5,2,3,5,7,3,4,24,4,10,1,1,1,1,1,1
101531,0,4,4,3,0,1,2,5,2,2,1,2,3,3,2,1,1,0,2,3,2,5,1,4,19,3,7,0,0,1,0,1,0
101532,0,1,2,0,5,5,0,0,4,3,5,3,0,4,1,5,4,4,2,0,5,9,1,1,4,5,0,0,1,1,0,0,0
101533,5,3,0,0,0,3,0,3,2,3,1,5,1,3,3,3,3,0,0,3,2,2,3,3,25,5,2,1,1,1,0,0,1
101534,1,3,4,0,0,5,2,0,1,0,4,1,2,3,5,2,0,1,0,1,3,5,1,3,30,3,7,0,0,1,0,0,1
101535,4,0,5,3,4,0,1,5,0,5,1,1,0,1,1,1,1,4,4,3,0,2,1,0,21,0,5,0,1,0,1,1,0
101536,0,3,5,1,4,0,5,0,4,4,1,1,3,4,4,4,2,0,0,0,0,1,2,4,8,3,7,0,0,0,1,0,1
101537,0,4,0,1,5,1,0,1,3,2,0,0,5,5,0,1,3,1,2,0,4,3,0,3,3,4,8,0,0,0,0,0,1
101538,0,1,3,3,2,0,3,3,5,2,5,0,5,4,2,3,2,1,0,5,1,3,2,3,16,4,4,0,0,0,1,0,0
101539,4,3,3,2,3,5,3,5,1,4,3,4,3,0,3,2,4,0,2,0,4,0,2,0,9,2,9,0,1,1,1,0,0
101540,3,4,0,0,0,4,0,2,1,3,0,4,1,5,2,5,1,3,2,1,2,8,1,0,12,1,2,0,0,1,0,0,0
101541,2,0,5,3,4,2,2,1,1,4,0,4,4,3,0,1,2,3,0,1,0,0,2,2,27,6,1,0,1,0,0,0,0
101542,1,3,0,3,5,0,5,2,2,2,1,3,3,2,2,4,1,4,1,3,1,3,2,2,19,6,0,0,0,1,0,0,1
101543,0,1,1,0,3,0,0,5,0,2,2,4,0,1,2,1,1,4,0,2,1,4,0,0,8,1,0,0,0,0,0,0,0
101544,3,2,5,1,5,1,0,5,0,2,0,2,0,0,3,1,3,2,2,1,3,9,3,2,17,1,8,1,1,1,1,1,0
101545,1,3,3,1,2,4,0,0,4,1,2,5,5,5,1,3,1,2,0,3,0,6,2,0,27,0,7,0,0,0,1,0,0
101546,3,0,4,4,5,4,0,5,4,4,1,3,5,3,2,5,2,5,2,0,3,1,1,1,30,6,1,0,1,1,1,0,1
101547,4,0,2,1,3,3,5,5,3,4,5,0,2,5,5,2,3,0,0,3,4,5,2,2,26,1,3,1,0,0,1,0,1
101548,5,2,4,0,0,5,0,3,2,0,2,1,1,4,2,1,3,1,2,0,5,4,2,1,28,0,2,0,0,0,0,1,0
101549,2,5,0,1,2,5,1,1,2,0,0,3,0,4,4,5,4,1,1,2,4,2,1,0,6,0,4,0,0,0,0,0,1
101550,0,0,4,2,2,4,4,2,3,0,1,4,1,2,1,1,3,5,3,0,2,7,0,3,9,4,7,1,1,0,0,0,1
101551,1,4,0,4,0,0,5,4,1,1,4,0,0,2,4,1,5,1,2,1,3,0,1,0,14,1,3,0,0,0,0,0,0
101552,5,0,1,0,5,5,0,1,4,0,0,4,0,2,2,2,5,3,5,3,0,3,2,1,12,5,7,0,0,1,0,0,0
101553,3,2,3,5,1,5,2,2,0,3,0,5,5,0,3,4,2,2,5,0,5,9,0,0,25,5,3,0,0,1,0,0,0
101554,3,2,2,1,4,3,1,2,4,5,0,1,4,4,1,2,3,4,3,3,0,7,0,1,27,0,0,0,0,1,1,0,1
101555,2,2,0,2,5,3,1,0,4,4,0,3,4,5,5,5,0,2,0,1,5,1,0,4,26,5,10,0,0,1,1,0,0
101556,0,0,4,0,2,4,5,2,3,5,5,5,0,0,1,4,4,3,4,1,0,10,1,3,20,4,8,1,1,1,1,1,1
101557,5,4,1,1,3,3,2,0,1,0,5,1,2,5,1,4,3,0,4,2,5,8,3,2,2,0,6,1,1,1,1,0,0
101558,4,1,5,2,3,2,3,0,5,4,4,2,3,3,4,2,5,5,4,5,1,0,1,1,24,0,6,1,1,0,1,1,0
101559,5,4,0,3,4,4,0,2,4,4,0,2,3,3,1,4,0,0,5,4,0,9,1,1,23,0,7,1,1,1,1,1,1
101560,5,3,1,4,0,4,1,4,5,2,4,2,1,4,5,5,2,0,2,2,4,0,2,2,18,1,0,0,0,0,1,0,1
101561,1,3,1,3,2,0,2,5,0,4,4,1,2,0,4,2,3,2,2,1,5,5,3,2,7,1,6,0,0,0,1,1,1
101562,1,1,3,0,3,4,3,2,3,0,4,3,4,5,1,1,1,2,1,4,4,6,0,0,29,0,9,0,0,1,0,1,0
101563,1,3,2,2,0,1,5,4,0,3,4,1,5,5,5,0,1,2,0,3,1,3,3,2,10,4,5,0,0,1,1,0,1
101564,5,5,0,4,5,3,1,1,0,4,4,4,5,4,5,2,1,1,0,3,5,10,0,3,17,2,7,1,1,1,1,1,1
101565,3,5,3,3,3,0,3,3,0,2,2,4,4,1,1,2,3,1,4,5,3,8,2,2,19,3,1,1,1,1,0,1,1
101566,2,5,5,3,0,5,2,3,4,1,0,0,1,0,3,4,4,1,0,1,0,5,0,0,17,1,7,1,1,0,1,1,0
101567,5,1,0,3,0,4,4,1,4,0,4,5,5,1,2,3,3,2,5,5,1,5,1,2,9,4,3,1,0,0,1,0,0
101568,3,3,1,3,0,2,2,2,5,1,5,1,3,2,5,1,1,4,1,0,4,5,1,2,7,6,10,0,0,1,1,1,1
101569,5,2,2,5,3,3,2,4,3,4,3,3,4,5,5,1,0,0,3,4,0,4,0,3,19,5,8,1,1,1,1,1,1
101570,5,5,4,3,3,3,3,1,3,5,2,5,2,2,2,0,0,3,5,1,3,2,0,3,9,6,3,1,1,1,1,0,1
101571,0,5,0,3,2,0,2,3,1,3,5,4,3,4,5,1,4,2,1,0,1,7,1,0,13,3,10,0,0,0,1,0,1
101572,2,5,1,2,3,3,4,1,4,1,2,5,3,2,4,0,0,0,0,4,1,4,3,0,29,1,8,1,1,1,1,0,0
101573,4,0,1,2,2,4,0,3,5,1,2,3,4,0,0,4,5,2,2,3,3,8,1,2,26,0,5,0,0,1,1,1,1
101574,4,1,3,4,2,1,2,0,2,5,5,4,0,4,3,1,2,5,4,4,3,0,3,1,20,5,10,0,1,0,1,1,0
101575,0,4,0,5,0,2,1,2,4,3,5,2,3,2,2,0,3,0,1,0,3,1,3,4,11,2,8,1,1,0,1,0,0
101576,1,4,3,4,0,1,0,3,3,4,1,1,1,3,5,3,0,0,2,1,0,5,0,4,15,5,2,1,0,1,1,0,1
101577,3,2,2,3,4,0,0,4,3,2,1,1,0,2,1,3,4,5,3,2,4,3,1,2,19,5,1,0,0,0,0,1,0
101578,4,0,1,4,4,5,2,2,4,5,1,3,4,4,0,0,5,4,3,5,0,8,2,2,25,2,7,1,1,1,1,1,0
101579,0,0,5,0,1,3,1,0,1,2,0,0,3,4,0,4,5,2,5,5,2,7,1,2,23,6,10,0,0,0,0,1,1
101580,3,4,4,1,1,2,4,0,5,4,5,2,2,4,0,3,0,4,0,5,2,8,1,2,28,1,5,1,0,1,1,0,1
101581,1,2,4,1,2,2,3,3,5,5,5,2,4,5,2,5,5,3,5,4,3,8,1,4,27,6,8,1,0,1,1,1,1
101582,1,2,5,3,3,4,4,4,0,2,3,0,0,4,5,4,1,4,4,1,3,4,0,4,18,5,7,1,1,1,0,1,1
101583,3,4,1,4,3,0,5,5,3,4,4,5,5,3,2,4,3,2,5,4,5,0,0,0,6,3,1,1,0,0,1,1,1
101584,2,0,5,0,3,3,4,4,0,3,2,0,1,4,0,4,5,3,0,1,3,4,2,4,25,2,6,1,0,1,0,1,1
101585,3,4,1,1,0,1,2,2,2,2,5,1,0,4,5,3,3,1,4,2,4,2,1,1,25,2,5,0,0,0,0,1,1
101586,1,1,1,2,2,5,5,2,2,4,5,5,4,1,5,3,4,2,3,5,4,7,2,1,8,0,5,1,1,1,0,1,0
101587,4,5,3,5,4,4,2,5,3,2,4,0,5,1,4,3,1,0,4,1,2,10,0,2,27,5,5,1,1,1,1,1,1
101588,0,5,4,0,3,4,4,5,2,4,5,0,5,0,0,2,5,1,0,5,1,10,3,4,8,2,5,1,1,1,1,1,1
101589,5,3,3,5,4,0,1,2,2,0,0,5,4,4,1,0,3,4,2,4,4,8,3,4,22,3,2,1,1,1,1,1,0
101590,0,1,3,1,4,0,5,2,4,5,5,1,5,0,0,5,5,3,5,2,2,8,1,1,2,4,1,0,0,0,1,1,0
101591,4,1,2,1,5,2,1,0,4,5,2,5,1,0,3,5,0,0,4,1,0,10,3,3,20,6,2,0,1,1,1,0,0
101592,2,1,3,3,3,2,3,1,0,5,1,0,4,4,1,0,2,0,3,5,3,5,0,4,7,2,10,1,0,1,1,1,0
101593,2,5,2,4,3,4,2,3,2,5,5,0,0,0,0,4,4,5,3,5,1,0,2,4,19,5,10,1,1,0,1,1,0
101594,0,1,2,5,3,4,1,3,4,4,5,3,5,5,4,4,0,3,3,5,2,10,3,3,24,2,3,1,1,1,1,1,1
101595,4,2,3,0,1,2,1,3,0,4,0,5,4,1,4,1,1,2,5,1,2,6,1,4,15,0,1,1,1,0,0,0,0
101596,0,2,3,0,2,0,3,1,3,5,3,4,3,5,3,2,4,1,1,5,4,10,3,2,19,1,5,1,0,0,1,1,0
101597,3,4,1,2,1,1,0,1,2,4,5,3,5,3,1,4,5,1,5,2,3,8,0,0,21,0,8,0,0,1,1,1,1
101598,4,5,0,3,2,3,1,2,4,1,4,1,3,0,5,4,2,3,3,4,0,7,1,3,24,1,6,1,0,0,1,0,1
101599,5,3,1,1,0,1,5,5,4,0,2,0,1,4,2,2,0,0,5,3,0,4,2,3,2,6,3,0,0,0,1,1,1
101600,4,4,2,3,2,1,0,5,3,5,0,4,3,5,3,3,0,2,0,2,4,9,0,2,16,5,3,1,0,1,1,0,1
101601,1,3,0,1,5,1,4,0,2,0,2,0,0,5,0,2,4,4,3,2,5,10,0,1,17,4,6,1,0,0,0,1,0
101602,4,2,1,5,2,0,1,2,4,5,3,1,5,5,3,0,4,4,2,3,4,10,2,0,12,5,1,1,0,0,1,0,1
101603,4,0,5,1,4,3,1,3,2,5,5,2,3,1,5,0,3,2,2,0,1,5,0,0,29,4,5,0,1,0,0,0,1
101604,1,1,1,3,2,5,2,1,2,0,1,2,0,1,3,5,0,3,1,4,4,6,1,2,5,6,1,0,1,0,0,0,0
101605,0,2,4,3,5,5,2,2,2,4,1,5,3,1,1,0,2,4,2,0,0,7,2,2,18,4,8,1,1,1,1,1,0
101606,5,0,0,0,1,5,4,0,2,3,5,1,3,3,2,0,1,2,5,1,3,3,3,0,13,3,4,1,0,1,0,0,1
101607,0,1,5,3,5,3,4,2,3,2,5,3,5,4,1,1,3,4,0,3,1,1,2,2,21,0,5,1,1,1,1,0,0
101608,3,2,1,0,4,4,2,5,3,3,3,2,4,5,3,4,3,3,1,4,1,8,0,0,27,3,7,0,0,1,1,0,1
101609,1,2,2,3,5,0,1,5,5,2,2,1,1,2,3,4,5,1,3,4,2,4,2,1,25,2,8,1,1,0,1,1,1
101610,0,4,4,3,0,1,0,0,2,4,3,5,0,2,5,3,1,1,3,3,0,1,1,2,13,3,1,0,0,0,1,0,0
101611,4,5,1,0,5,4,4,3,4,2,0,4,2,5,0,3,3,1,5,3,5,10,1,1,3,6,10,1,1,1,1,1,1
101612,0,4,3,1,5,5,5,5,1,0,1,4,4,5,5,0,0,5,0,3,5,3,1,1,18,2,10,0,1,1,0,1,1
101613,4,0,4,1,1,5,0,4,5,2,3,2,4,2,1,0,1,0,1,5,5,6,3,0,10,6,1,1,0,0,0,1,0
101614,4,2,0,5,3,3,3,0,5,3,2,1,5,3,0,3,4,0,4,5,5,4,2,1,28,6,7,1,1,0,1,1,1
101615,0,4,0,1,3,0,1,2,3,2,1,3,4,1,1,2,3,4,0,2,5,4,0,4,22,3,2,0,0,0,0,0,0
101616,1,3,4,5,0,5,1,4,4,3,3,5,3,2,2,3,1,2,0,5,0,9,2,3,20,0,9,1,1,1,1,1,1
101617,4,2,1,3,3,1,4,5,3,5,3,1,4,4,4,3,2,4,1,1,2,9,1,0,10,1,8,0,1,0,1,0,1
101618,3,2,5,5,3,0,1,1,1,2,4,4,4,0,3,1,5,0,5,1,2,4,3,2,19,5,8,1,1,1,0,1,1
101619,0,2,5,4,1,4,1,1,5,4,3,5,0,1,1,5,1,4,2,0,0,5,1,4,12,5,10,1,0,1,0,0,0
101620,5,3,5,1,2,1,0,1,4,5,3,2,0,0,4,4,0,3,1,4,1,6,1,2,29,3,3,0,1,1,0,0,1
101621,1,1,5,3,3,1,5,5,2,4,3,0,1,1,0,0,0,0,5,3,4,1,0,2,19,0,2,0,0,0,0,0,0
101622,0,3,4,4,5,4,5,1,1,3,0,5,5,4,1,0,2,2,3,3,1,9,0,3,11,6,7,1,1,1,1,1,0
101623,5,1,2,0,0,5,5,2,4,5,2,0,5,5,5,1,3,0,1,4,3,6,2,4,21,5,9,1,1,1,1,1,1
101624,0,4,5,3,5,5,1,0,2,2,2,4,0,1,5,0,5,0,5,1,4,1,3,3,30,0,10,1,1,1,0,1,0
101625,3,5,2,2,4,0,1,5,4,1,3,2,5,5,1,3,3,0,5,1,0,7,1,3,13,5,4,1,1,1,1,1,1
101626,5,3,3,0,5,1,5,0,1,5,1,4,0,2,2,1,0,4,4,3,5,7,2,3,27,4,0,1,1,1,0,1,1
101627,3,2,0,5,0,4,3,3,3,5,4,4,4,1,2,3,1,2,2,0,2,6,3,4,25,1,0,0,0,0,1,0,0
101628,3,5,5,1,3,1,1,0,0,0,3,1,3,5,1,5,5,5,2,3,2,7,3,2,18,3,10,1,0,0,1,1,1
101629,2,3,3,5,2,0,0,2,4,1,1,0,3,3,1,0,0,4,1,1,0,9,2,0,11,6,10,0,0,0,0,0,0
101630,0,2,5,1,5,3,4,3,2,1,2,0,4,1,4,0,5,0,5,4,5,6,3,3,13,0,10,1,1,1,1,1,0
101631,3,0,2,3,4,3,4,4,1,4,4,1,5,1,3,1,4,5,0,1,5,1,2,2,22,3,5,1,0,1,1,0,1
101632,5,0,1,2,3,5,0,3,3,1,0,5,4,2,3,4,0,1,1,2,5,9,1,1,5,2,3,1,0,0,0,0,0
101633,0,1,3,5,0,2,2,2,3,3,2,0,3,0,4,5,3,1,1,4,3,4,1,3,28,3,8,0,0,0,0,1,0
101634,5,1,5,5,5,4,2,1,1,5,1,4,3,5,5,4,3,1,3,4,4,5,0,3,13,3,5,1,1,1,0,1,1
101635,2,4,3,4,2,3,2,4,5,5,1,2,5,3,5,4,0,2,0,5,4,3,2,0,18,0,7,0,0,0,1,1,1
101636,3,3,4,5,0,5,2,4,0,5,3,4,4,5,0,3,0,4,4,1,4,1,1,3,12,5,4,0,0,1,0,0,1
101637,0,5,1,4,5,2,1,4,1,3,1,3,3,1,4,1,1,1,0,5,2,10,2,2,29,6,8,1,1,0,0,1,1
101638,3,3,4,1,5,4,2,4,1,3,3,4,3,4,0,2,5,2,2,2,0,7,2,4,9,4,4,1,1,1,1,1,1
101639,1,5,4,5,2,5,5,1,5,4,2,4,1,4,4,5,0,5,1,2,2,4,1,3,15,6,9,1,1,1,1,1,1
101640,1,3,5,3,3,5,5,5,1,1,0,5,5,2,5,2,5,4,4,3,4,4,2,4,16,5,2,1,1,1,1,1,1
101641,4,2,0,2,3,2,0,5,1,3,5,4,4,2,5,0,3,1,3,5,5,3,0,4,23,5,3,1,0,0,1,1,1
101642,0,4,2,1,1,3,4,2,3,2,3,2,0,0,2,1,2,2,2,3,0,10,1,2,30,5,7,0,1,1,1,0,1
101643,2,2,0,4,4,3,3,1,1,4,1,5,4,4,5,3,1,4,5,2,5,3,2,1,29,0,0,1,1,0,1,0,0
101644,3,1,2,1,5,0,1,2,1,3,3,2,5,4,1,4,5,0,5,0,4,8,2,2,12,3,2,0,0,1,0,0,1
101645,0,2,4,3,5,1,1,2,1,2,5,3,4,3,5,2,2,4,3,5,2,0,3,1,13,0,3,0,1,0,0,0,0
101646,1,3,3,0,4,4,4,5,3,3,0,1,5,5,4,2,1,1,1,2,5,1,0,1,11,4,1,0,1,1,1,0,0
101647,2,2,4,3,2,0,2,1,4,1,5,4,4,3,4,4,5,2,0,4,0,2,2,4,30,1,9,1,1,1,1,1,1
101648,3,4,4,3,5,3,0,5,2,1,0,0,5,4,5,1,3,1,5,1,1,4,0,3,10,3,0,1,1,1,0,1,0
101649,5,5,5,3,5,2,5,1,5,4,5,5,3,5,4,4,4,0,4,0,0,5,1,0,15,6,9,1,1,1,1,1,1
101650,5,2,5,3,0,2,5,5,1,0,2,2,2,2,5,1,1,3,3,5,2,1,0,1,2,3,0,0,0,0,0,0,1
101651,1,1,3,5,2,5,2,5,5,4,1,5,2,3,2,0,5,1,0,0,4,3,1,3,4,1,2,1,1,0,1,0,0
101652,0,2,5,5,3,1,2,3,4,5,4,2,5,3,5,0,0,4,2,5,2,9,0,3,6,6,8,1,1,1,1,1,0
101653,0,5,0,2,3,4,2,0,0,4,0,0,4,5,4,2,5,1,5,1,2,2,2,0,18,5,4,0,0,1,0,0,0
101654,3,1,4,5,4,4,1,3,4,3,0,0,0,4,0,0,2,3,1,2,1,0,0,2,8,0,6,1,1,1,0,0,0
101655,0,5,3,5,3,5,0,5,5,4,2,5,2,1,2,1,0,5,1,0,2,1,2,3,18,3,7,0,1,1,1,0,0
101656,1,2,5,0,0,4,1,5,4,0,5,3,0,5,5,2,2,0,0,4,0,4,2,1,26,6,0,0,0,0,1,0,0
101657,5,5,3,2,0,3,2,2,1,0,1,0,5,4,3,5,2,0,1,0,3,10,1,2,14,3,1,1,0,1,1,1,1
101658,5,4,1,4,4,2,0,2,2,5,3,2,2,0,0,5,1,2,1,3,4,2,3,1,24,6,10,1,1,0,1,1,0
101659,5,4,4,3,4,4,0,2,5,2,2,3,0,4,3,4,5,4,4,5,4,6,0,1,18,2,4,1,0,0,1,1,1
101660,1,5,5,0,3,5,5,1,1,2,4,2,5,1,2,5,3,3,2,2,5,4,3,0,23,5,3,1,1,1,0,1,1
101661,3,1,0,2,2,1,5,3,2,0,5,0,5,1,0,3,0,5,4,1,2,7,2,4,18,4,2,0,0,0,1,0,1
101662,3,3,0,2,1,2,1,5,3,4,5,3,5,2,1,0,5,3,3,4,1,8,1,3,6,5,9,0,1,1,1,0,0
101663,1,0,3,4,1,2,3,1,4,0,1,1,2,1,1,3,2,5,1,3,3,0,0,0,7,4,8,0,0,0,0,0,0
101664,3,1,3,3,4,0,0,5,5,1,1,1,2,4,2,3,4,3,4,5,4,0,3,4,30,0,6,1,0,0,1,1,1
101665,3,0,3,0,3,1,5,0,4,1,5,4,3,1,5,5,0,1,5,2,4,9,3,3,4,3,9,1,1,1,0,1,0
101666,2,4,0,0,0,0,4,0,2,5,3,4,4,5,1,2,2,2,0,2,3,2,0,0,29,3,8,0,0,0,0,0,0
101667,4,3,3,1,2,4,1,5,2,5,1,0,4,0,1,4,4,3,4,1,1,4,1,0,12,5,6,0,1,1,0,0,1
101668,4,4,3,0,4,2,1,0,3,0,2,3,3,1,5,3,2,0,5,1,1,9,2,4,21,2,10,0,1,1,0,0,1
101669,3,1,5,5,3,3,1,2,0,0,1,1,3,2,2,4,0,2,3,3,0,9,1,1,25,5,1,1,1,1,0,0,0
101670,4,1,2,1,5,0,0,5,2,5,0,2,0,3,5,0,5,3,1,5,1,3,2,1,29,4,9,1,0,0,1,0,1
101671,4,4,2,3,3,3,2,2,2,3,2,4,1,5,1,5,3,2,0,3,2,10,2,1,7,3,8,1,1,1,1,1,1
101672,3,4,0,0,2,4,4,1,5,4,4,2,3,3,1,3,3,1,4,4,5,3,1,0,24,2,5,0,0,1,1,1,0
101673,1,5,3,2,5,4,4,0,5,3,3,3,2,3,5,3,1,2,0,4,2,6,2,2,11,2,8,1,1,1,1,1,1
101674,4,0,3,5,3,4,0,4,1,1,0,0,0,0,0,2,2,2,4,1,2,3,0,4,5,4,0,0,0,0,0,0,0
101675,4,2,1,3,0,0,2,1,3,4,0,2,0,0,4,0,5,4,4,4,3,3,2,2,14,0,1,0,0,0,0,0,0
101676,5,0,4,1,2,3,4,0,2,1,5,4,3,4,0,3,1,3,2,0,5,7,1,4,18,3,10,1,1,1,1,1,0
101677,0,4,5,4,3,2,5,2,4,0,4,3,5,3,5,4,1,5,3,2,1,9,0,4,29,6,9,1,1,1,1,1,1
101678,2,0,1,3,2,5,3,1,2,5,4,5,1,2,3,0,5,2,2,3,4,9,0,0,10,0,4,0,0,1,0,0,0
101679,5,4,3,1,2,4,4,5,3,2,5,4,3,3,0,2,2,3,4,0,5,6,0,2,27,6,7,1,1,1,0,1,1
101680,3,0,4,5,5,5,1,4,4,0,3,0,1,5,5,3,2,2,0,3,5,4,3,0,11,5,3,1,1,0,1,1,1
101681,5,0,0,5,2,0,5,5,4,2,2,0,4,2,1,1,0,4,3,0,1,5,3,3,16,4,4,1,1,0,1,0,0
101682,0,5,1,3,1,2,2,5,4,0,3,1,4,3,4,1,1,2,2,1,1,10,3,1,23,2,7,1,0,0,1,1,0
101683,0,2,2,0,0,4,4,5,1,2,3,4,2,3,1,0,5,4,2,4,4,1,3,0,11,4,2,1,0,1,0,0,0
101684,4,2,0,2,2,0,1,3,4,4,5,5,2,4,2,3,5,4,5,3,2,1,0,0,20,5,8,0,0,0,0,1,0
101685,2,3,2,3,4,3,1,1,1,2,3,4,3,1,1,0,5,1,3,5,2,8,0,2,16,4,4,0,0,0,1,1,1
101686,3,1,0,5,1,1,3,0,4,0,0,4,4,0,5,5,4,2,2,0,0,9,3,2,18,4,6,0,1,1,0,0,1
101687,2,4,5,4,2,0,3,0,5,5,3,4,2,5,0,1,4,4,4,5,0,3,1,4,8,1,7,1,1,0,1,1,1
101688,2,2,3,1,3,3,3,1,2,3,4,1,4,2,3,0,5,3,5,2,2,3,3,3,30,6,8,1,0,1,1,1,1
101689,5,1,1,3,5,2,4,5,5,0,5,4,2,3,1,5,0,3,4,4,4,3,0,4,29,2,0,1,1,1,1,1,0
101690,0,2,4,1,4,2,4,1,0,3,1,3,1,2,4,2,1,0,4,1,5,1,1,0,9,5,0,0,0,0,0,0,0
101691,4,0,0,2,1,1,1,0,2,5,5,0,3,1,3,1,0,5,5,4,0,5,0,3,25,5,6,0,0,0,0,0,0
101692,5,1,3,3,0,4,2,5,5,0,0,5,4,1,2,3,5,3,5,5,3,7,2,1,27,1,9,1,1,1,1,1,1
101693,3,3,4,3,4,3,0,2,4,4,4,4,5,4,4,0,3,0,1,4,5,5,2,3,15,3,8,0,1,1,1,1,1
101694,2,0,4,2,1,4,4,2,1,2,1,1,0,3,3,2,5,0,1,1,2,2,0,1,21,1,5,0,1,0,0,0,0
101695,0,0,1,2,2,4,0,1,3,4,0,1,5,3,3,3,3,1,2,5,5,5,3,3,19,0,4,1,0,1,0,0,0
101696,4,3,3,4,0,3,0,5,0,0,1,4,4,4,2,2,3,4,4,1,1,1,0,4,2,6,3,1,0,0,0,0,0
101697,2,2,4,3,4,0,3,2,4,5,3,1,1,1,1,5,4,4,5,0,3,4,0,0,9,4,6,0,0,0,1,0,1
101698,0,0,4,0,0,0,5,5,0,5,1,4,2,2,0,4,5,0,0,4,1,5,2,3,15,1,2,0,0,0,0,0,0
101699,2,4,1,4,2,5,2,5,3,3,3,2,4,3,3,3,5,1,5,1,4,5,3,0,10,3,3,0,0,0,1,1,1
101700,5,4,5,3,2,1,1,2,2,1,4,0,1,4,3,4,2,4,2,0,0,1,1,1,6,3,6,0,1,0,1,1,0
101701,1,0,1,4,0,2,1,4,3,0,5,4,2,0,1,4,3,1,3,0,3,2,2,3,5,1,9,0,0,0,0,0,0
101702,1,1,2,4,4,2,5,0,2,4,3,5,3,1,1,2,3,3,4,4,1,5,3,1,5,4,8,0,1,0,0,0,0
101703,4,2,1,1,3,5,3,4,0,4,3,1,4,1,0,0,1,4,1,0,1,9,0,4,22,3,7,1,1,1,1,0,0
101704,1,4,0,5,3,4,2,5,3,4,5,5,5,1,3,1,3,4,0,0,2,10,3,4,22,0,8,0,1,1,1,0,1
101705,5,0,1,5,1,2,5,1,5,2,0,4,5,5,5,1,2,5,2,5,0,2,2,3,19,3,9,1,1,1,1,1,1
101706,5,4,0,0,0,4,0,0,3,4,4,4,1,1,3,1,4,1,5,0,2,0,0,1,27,1,5,0,0,1,1,0,0
101707,5,1,4,1,0,3,3,0,0,4,5,2,1,4,0,1,5,3,4,4,1,3,2,4,30,4,8,0,0,1,1,1,0
101708,5,0,3,1,3,3,2,5,0,2,4,3,5,4,2,4,4,3,2,2,2,4,0,3,21,4,1,0,0,0,1,1,1
101709,1,5,2,5,4,5,1,1,1,4,5,1,5,4,5,5,1,2,4,2,1,4,0,3,18,6,5,0,0,1,1,0,1
101710,1,0,3,5,4,4,5,2,1,1,5,3,3,0,0,2,5,5,2,5,0,6,0,3,11,3,5,0,1,0,0,0,0
101711,2,0,3,1,4,0,5,2,0,4,3,5,4,0,1,2,1,2,0,2,4,2,3,0,27,2,3,0,1,0,0,0,0
101712,2,5,1,3,2,3,5,1,5,3,4,3,1,0,4,1,2,1,5,0,1,5,1,3,3,0,5,0,1,1,0,0,0
101713,5,3,1,1,0,4,0,0,4,4,2,5,3,5,4,3,3,0,4,2,3,0,1,4,12,3,9,1,0,0,1,1,1
101714,4,2,5,0,1,0,4,2,4,4,0,0,4,0,1,4,3,0,5,1,2,6,1,3,15,4,0,1,0,1,1,1,1
101715,3,4,0,1,4,2,2,5,5,0,0,3,1,4,0,0,4,0,3,4,1,4,3,1,12,6,9,0,1,1,0,1,1
101716,5,3,5,0,4,1,2,2,5,4,1,1,4,2,0,3,2,4,5,4,0,0,2,2,7,0,5,0,1,1,0,0,0
101717,3,3,5,5,3,4,1,4,1,4,4,3,2,5,3,2,3,3,5,0,3,9,3,3,29,2,4,1,1,1,1,1,1
101718,2,0,1,4,0,0,3,4,0,0,2,0,3,2,1,2,4,4,4,5,0,5,1,0,25,5,6,0,0,0,0,0,1
101719,2,3,1,1,4,3,5,4,4,1,4,2,0,2,1,3,3,1,4,5,1,1,2,3,26,0,9,1,1,1,1,0,0
101720,3,1,1,3,4,0,1,3,5,4,1,2,0,2,0,0,4,0,3,2,4,7,0,0,12,1,7,0,0,0,0,1,0
101721,0,4,3,1,1,5,3,2,4,2,4,3,3,4,0,4,5,4,2,2,0,9,2,2,21,3,9,1,0,0,0,1,1
101722,4,3,1,3,4,1,3,1,5,0,5,4,4,4,2,5,5,2,1,2,1,6,2,2,28,3,0,0,1,0,1,1,1
101723,3,0,4,5,3,2,3,1,3,5,1,3,3,5,1,0,3,4,3,3,5,4,3,4,22,1,4,1,1,0,1,1,0
101724,4,5,2,5,5,4,1,3,2,3,3,5,4,2,4,4,5,2,4,1,1,0,1,2,5,4,2,0,1,1,0,1,0
101725,3,1,5,4,3,2,0,2,0,2,3,1,4,5,4,3,2,0,4,2,2,8,2,2,10,3,10,1,1,1,1,1,0
101726,4,1,5,1,0,0,4,2,4,3,5,2,4,0,4,5,3,0,3,2,0,1,2,1,3,1,6,0,0,0,0,0,0
101727,5,5,2,1,3,5,3,2,1,2,2,2,4,3,4,1,0,0,4,5,2,5,2,4,6,2,1,1,1,1,1,1,1
101728,3,4,3,0,0,0,4,5,1,0,2,3,4,3,2,1,0,2,2,0,1,7,3,2,2,2,8,0,0,0,1,0,1
101729,2,5,0,0,1,2,3,3,5,3,4,5,4,0,1,0,2,1,0,0,2,1,1,0,10,2,5,0,0,0,0,0,0
101730,0,3,0,3,5,0,2,5,3,5,5,3,2,1,1,3,3,0,5,0,5,1,0,4,30,3,1,0,0,0,1,0,0
101731,4,5,3,3,5,4,1,5,2,5,0,5,2,5,3,2,2,1,1,0,3,7,3,4,4,1,6,1,1,1,1,1,1
101732,5,0,2,5,2,1,3,3,4,3,0,2,2,0,5,5,3,5,2,4,5,3,2,0,15,5,4,1,0,1,0,1,1
101733,4,3,2,0,1,5,4,0,4,0,5,3,3,3,4,3,1,3,5,2,5,2,0,2,22,1,7,1,1,1,0,0,0
101734,5,1,0,1,2,1,1,5,2,1,2,4,3,4,4,5,0,5,4,2,2,4,3,0,22,4,5,0,0,0,0,0,1
101735,5,2,5,4,1,4,0,2,5,1,3,0,3,5,5,1,4,3,5,4,1,9,3,2,20,5,0,1,1,1,1,1,1
101736,4,1,2,4,3,0,0,2,0,0,5,0,0,1,0,0,1,3,3,4,1,4,0,0,5,2,5,0,0,0,0,0,0
101737,3,1,2,2,2,0,3,2,2,0,2,2,2,3,5,4,1,2,0,5,3,1,3,0,8,0,1,0,0,0,0,0,0
101738,0,2,2,0,0,1,1,0,2,4,2,0,3,4,3,0,5,2,0,3,4,0,2,1,5,2,6,0,0,0,0,0,0
101739,0,5,2,2,3,5,4,3,0,2,5,2,0,5,5,5,0,1,4,4,4,6,0,0,16,4,1,0,1,1,0,1,1
101740,1,3,3,1,3,5,1,0,4,5,4,2,0,3,5,3,2,5,2,0,1,4,0,0,9,4,5,0,0,1,0,0,0
101741,2,2,4,3,4,3,2,4,0,0,4,3,5,1,0,3,3,0,3,1,3,2,0,2,2,0,9,1,0,0,0,1,0
101742,4,2,3,5,5,2,1,5,4,0,2,5,5,5,5,1,5,4,3,3,4,4,1,1,5,3,5,1,0,0,1,1,1
101743,2,3,0,1,4,1,2,2,4,4,4,3,3,5,3,1,2,5,3,5,2,7,3,2,2,2,1,0,0,0,1,0,1
101744,0,1,5,0,4,1,4,2,2,1,4,5,0,2,2,1,1,0,5,3,4,3,2,0,3,6,2,1,0,0,0,0,0
101745,1,3,1,4,1,2,4,4,1,1,5,3,1,2,5,4,1,5,0,4,2,0,1,4,7,4,0,0,0,0,0,0,1
101746,5,4,0,0,2,2,4,5,5,3,3,3,4,3,3,2,5,1,0,0,4,5,3,1,3,3,0,1,1,0,1,0,1
101747,5,1,0,5,2,4,3,0,4,5,5,5,4,4,3,0,1,5,0,4,1,3,3,0,2,1,9,0,1,0,1,0,0
101748,2,3,4,4,5,1,2,2,0,2,4,3,1,3,3,0,4,3,4,5,1,8,3,1,14,2,9,1,1,0,0,1,1
101749,4,4,2,2,2,0,1,1,4,4,4,5,0,4,3,4,5,2,3,2,3,10,0,1,4,2,10,0,0,1,1,0,1
101750,4,3,0,2,4,3,5,0,0,2,3,3,5,4,4,4,4,5,2,4,1,10,3,4,14,6,4,1,1,1,1,1,1
101751,5,1,4,2,3,1,4,0,3,5,2,2,4,1,2,1,3,1,5,1,3,10,0,0,13,0,9,1,1,1,1,1,0
101752,5,3,1,2,0,2,5,3,1,2,3,2,3,1,5,2,3,1,2,5,1,10,3,2,16,6,3,1,1,1,0,1,1
101753,3,4,5,5,5,4,4,4,3,0,5,3,5,5,4,4,2,3,5,4,1,0,1,0,20,5,8,1,1,1,1,1,1
101754,2,1,5,4,4,5,0,3,4,3,3,1,2,3,2,0,3,0,0,3,3,7,0,4,19,1,9,1,1,0,1,1,1
101755,3,3,0,1,1,3,1,1,4,1,4,4,0,1,3,5,4,0,2,3,1,4,0,4,11,4,5,0,0,0,0,0,0
101756,1,4,4,1,0,5,2,2,4,1,3,0,0,3,0,5,4,4,3,4,5,2,2,3,9,4,3,0,0,0,0,0,1
101757,2,1,3,3,5,1,1,5,4,1,3,4,5,1,0,0,0,0,5,1,4,10,1,2,8,0,4,0,1,0,0,0,0
101758,3,2,1,3,1,4,5,5,4,2,4,0,3,0,4,3,1,1,0,1,2,9,2,2,17,0,7,1,0,1,1,1,0
101759,3,5,2,4,0,5,2,0,5,0,0,0,4,2,2,3,4,5,2,3,1,10,1,4,18,3,4,1,0,1,0,1,1
101760,3,2,2,1,3,1,1,3,5,0,0,5,2,0,5,5,2,0,2,5,2,3,0,4,30,6,0,0,0,1,0,0,0
101761,2,3,0,2,0,4,3,3,4,3,0,4,0,5,2,3,2,3,4,5,2,0,1,3,11,2,3,0,0,0,0,0,0
101762,2,0,4,0,1,2,2,2,2,0,4,4,4,5,5,0,5,4,2,5,3,2,1,3,20,6,4,0,1,0,0,1,1
101763,0,5,1,2,5,5,0,2,1,4,5,5,4,1,4,1,0,0,1,0,2,2,1,3,22,0,3,0,1,1,1,0,0
101764,3,3,5,4,0,1,5,4,1,5,2,4,4,3,0,3,5,3,1,0,2,3,1,0,25,1,1,0,1,0,0,0,1
101765,3,4,4,1,4,5,5,5,3,1,0,0,3,2,2,2,3,2,4,1,2,9,1,2,18,4,4,1,1,1,1,0,0
101766,5,3,3,1,3,4,4,1,3,0,0,5,4,3,5,2,5,2,5,3,0,0,2,1,27,0,10,1,0,1,0,1,1
101767,3,2,0,2,1,4,1,5,2,1,2,1,1,3,4,5,2,1,4,2,0,3,1,2,24,5,8,0,0,1,0,0,1
101768,2,2,0,5,1,0,4,5,2,0,3,3,1,4,0,5,4,0,4,0,2,4,2,4,8,1,8,1,0,0,1,0,1
101769,0,4,0,3,2,0,1,0,4,1,1,5,0,4,1,1,1,3,3,2,4,1,0,1,21,1,7,0,0,0,0,0,0
101770,1,5,2,5,3,3,5,1,3,5,3,4,1,0,5,1,4,0,5,3,3,8,3,3,8,6,3,1,1,1,1,1,0
101771,2,0,4,0,5,2,5,2,0,4,0,0,2,5,2,5,1,2,1,0,0,3,3,4,19,0,5,0,1,1,1,1,0
101772,2,5,0,5,1,1,1,3,0,5,4,4,2,1,4,3,5,2,4,5,2,0,0,2,8,3,10,1,0,1,0,0,1
101773,2,4,4,0,3,5,1,1,1,4,1,4,2,3,2,3,3,3,1,2,3,2,3,3,10,1,9,0,1,0,1,0,1
101774,2,0,0,1,4,2,4,2,2,5,5,0,2,3,0,1,4,3,2,1,4,0,2,2,13,3,10,0,0,0,0,0,0
101775,4,0,1,2,0,2,1,0,4,3,4,5,1,3,3,3,5,4,0,2,4,0,3,1,10,5,7,0,0,0,0,0,1
101776,0,4,3,1,5,1,4,0,2,0,2,1,4,4,0,5,0,5,3,2,4,1,0,3,29,5,3,1,1,1,0,0,0
101777,1,5,4,5,5,5,4,2,2,4,5,0,2,0,5,0,2,3,2,4,0,6,2,1,23,4,7,1,1,1,1,1,0
101778,0,2,4,5,0,2,1,3,0,3,5,3,3,3,1,2,3,3,1,0,2,2,3,1,27,3,6,0,0,0,1,0,0
101779,1,3,3,3,1,1,4,2,0,5,1,4,3,2,5,2,0,3,4,2,5,2,1,0,19,2,4,0,1,0,0,0,0
101780,4,5,0,2,4,4,0,2,5,4,3,0,2,2,1,2,0,2,0,3,5,7,1,0,14,5,4,0,0,1,1,0,0
101781,0,1,1,4,4,0,2,2,5,3,3,0,3,0,0,1,3,3,4,4,4,4,3,1,3,3,5,0,0,0,1,0,0
101782,2,1,4,4,0,3,1,3,0,4,2,3,2,3,0,4,1,1,2,0,3,1,1,3,15,5,9,0,1,0,0,0,0
101783,0,5,0,2,5,3,0,4,2,3,5,0,2,1,0,1,2,0,5,0,4,10,3,4,19,2,8,1,1,1,1,1,1
101784,5,1,4,4,1,1,4,3,5,0,4,4,3,4,5,1,4,0,1,5,2,4,1,0,27,1,0,1,0,0,0,1,1
101785,4,2,4,1,1,4,0,0,4,3,4,1,4,2,0,3,4,1,3,5,2,5,1,1,4,3,7,0,0,0,1,1,0
101786,1,2,4,1,2,0,4,0,0,2,1,5,5,2,0,0,5,3,4,1,2,7,0,1,18,3,0,0,0,0,0,0,0
101787,1,3,1,0,4,5,0,2,2,0,5,4,0,3,1,5,0,0,2,2,0,0,3,2,9,5,4,0,0,0,0,0,0
101788,0,1,1,0,1,5,5,1,5,1,5,1,1,3,5,2,0,2,1,1,0,2,0,2,12,3,10,0,0,0,0,0,0
101789,2,4,1,1,3,1,5,3,1,5,5,4,0,4,4,5,0,0,1,4,1,8,2,4,14,4,1,1,1,1,0,1,0
101790,4,4,2,3,0,2,1,4,3,3,2,1,0,0,1,2,4,0,0,5,4,1,1,3,3,4,6,0,0,0,1,0,0
101791,3,1,3,5,0,1,2,1,1,0,5,2,4,4,2,0,0,3,5,3,4,2,0,2,19,4,6,0,0,0,0,1,0
101792,5,2,0,3,4,3,3,2,1,2,0,5,1,1,3,2,2,2,3,3,4,9,0,1,14,2,4,0,0,1,0,1,0
101793,2,0,3,2,2,2,3,1,5,4,1,5,1,1,1,3,0,4,2,4,3,2,0,2,18,0,10,0,0,0,0,0,0
101794,1,1,1,1,4,2,0,2,1,3,3,5,1,4,4,0,4,4,3,2,1,2,2,0,7,2,5,0,0,0,0,0,0
101795,2,5,3,0,4,5,5,2,3,4,4,0,5,0,1,2,4,1,0,2,5,10,0,4,28,0,8,1,1,1,1,1,0
101796,1,3,1,3,5,3,5,0,2,3,0,1,3,2,1,4,3,0,1,4,4,9,0,2,3,6,8,0,1,1,0,1,0
101797,5,3,5,0,0,5,2,3,3,0,1,0,0,3,5,5,5,5,0,1,1,3,3,2,14,6,4,1,1,1,1,0,1
101798,1,5,1,4,5,3,3,1,4,5,0,5,5,4,2,4,3,0,0,5,4,10,2,0,3,5,2,1,0,1,1,1,1
101799,2,4,5,2,5,2,1,4,3,3,0,4,5,5,5,1,4,4,5,2,1,7,0,3,26,5,1,1,1,1,1,1,1
101800,3,4,1,2,2,0,4,4,0,5,0,5,4,4,4,4,2,3,3,4,0,10,0,1,19,6,5,0,1,1,1,0,1
101801,0,4,0,0,0,0,3,1,1,1,5,0,2,1,1,4,5,4,0,2,0,2,2,1,21,4,3,0,0,0,0,0,1
101802,2,2,1,1,0,3,1,5,1,4,5,2,5,2,0,2,2,3,4,2,1,5,1,1,14,0,8,0,0,0,0,0,0
101803,2,3,2,0,3,3,1,0,4,0,3,4,0,0,0,3,1,0,4,0,1,2,0,1,20,0,1,0,0,0,0,0,0
101804,1,1,5,4,0,3,0,3,4,0,0,2,0,4,2,2,3,0,1,2,5,7,3,3,26,3,4,1,0,0,0,1,0
101805,0,5,1,2,0,5,4,4,0,5,4,1,4,0,4,2,1,4,1,4,5,8,1,4,10,5,1,0,1,1,1,1,0
101806,0,1,4,4,3,0,0,3,3,5,3,5,1,0,4,3,4,3,4,3,0,2,3,3,20,5,8,0,1,0,0,1,1
101807,0,5,4,3,3,3,3,3,2,5,4,3,0,5,2,5,3,4,1,3,5,8,2,4,9,6,1,1,1,1,1,1,1
101808,2,5,2,5,5,4,4,2,2,1,2,4,0,0,1,5,2,3,3,3,5,0,1,1,3,5,7,0,0,1,0,1,0
101809,0,0,2,4,5,3,0,0,5,5,0,4,2,1,4,0,0,5,2,2,5,2,3,4,15,4,0,0,0,0,0,0,0
101810,5,4,5,0,1,1,0,4,0,0,5,3,3,2,0,1,2,0,4,1,4,5,1,4,16,3,3,0,1,1,1,0,0
101811,1,5,4,0,1,2,4,5,4,2,5,4,2,0,2,4,3,0,3,1,0,3,2,0,11,4,8,0,0,0,0,0,0
101812,3,3,1,5,1,0,4,4,3,2,5,5,2,3,1,4,3,4,0,0,4,1,1,1,19,2,10,0,0,0,1,1,1
101813,4,2,5,1,1,1,0,0,1,4,3,2,0,1,4,4,0,0,3,4,4,6,0,2,12,4,9,0,0,1,0,1,0
101814,2,5,2,4,2,4,1,1,1,4,5,5,1,1,4,3,0,0,5,2,3,8,1,2,26,4,6,0,0,1,0,1,1
101815,5,3,0,3,5,3,3,4,0,2,0,0,5,3,5,2,4,4,4,0,0,8,0,3,24,5,7,1,1,1,0,1,1
101816,0,0,4,4,5,5,3,4,3,0,2,0,1,1,5,3,1,4,3,4,1,5,1,3,29,5,6,1,1,1,0,1,0
101817,1,1,5,1,5,4,3,2,3,2,1,2,2,1,1,4,5,5,0,2,3,5,1,0,15,2,6,1,0,1,0,0,1
101818,1,4,2,1,2,1,1,1,1,1,2,2,5,5,1,0,1,1,1,1,0,0,2,4,14,5,1,0,1,1,1,0,0
101819,0,2,4,3,3,4,3,2,2,4,0,1,0,3,2,0,2,4,5,2,5,9,3,0,17,4,5,0,1,0,0,1,0
101820,1,1,1,0,4,4,0,0,5,0,4,5,0,5,3,4,5,1,5,2,0,7,0,4,9,1,4,0,0,0,0,1,0
101821,1,4,5,1,1,1,5,0,4,2,1,0,5,2,4,0,0,5,0,2,3,3,2,2,21,3,4,0,0,0,1,0,0
101822,4,0,2,3,2,0,3,0,3,3,0,0,1,5,1,2,5,4,3,1,3,5,1,1,16,3,3,1,0,0,0,1,1
101823,1,1,1,1,3,4,2,4,0,3,1,3,1,5,3,0,0,4,4,0,2,5,0,2,7,0,2,0,0,1,0,0,1
101824,5,2,3,1,2,4,2,0,3,4,0,0,2,0,5,1,1,3,0,3,5,5,1,2,8,4,1,1,0,0,0,0,0
101825,4,0,1,5,2,0,2,3,2,1,4,1,0,0,0,1,1,5,5,4,0,2,2,0,20,2,4,0,1,0,0,0,0
101826,5,2,3,1,2,2,2,1,5,3,5,5,2,4,5,2,4,1,5,5,0,6,2,2,9,5,2,0,1,1,1,0,0
101827,0,5,4,5,0,5,1,4,1,0,0,4,0,1,1,0,3,4,3,0,0,2,3,4,22,2,7,0,1,1,0,1,0
101828,5,5,2,5,4,4,3,0,5,2,0,4,4,4,2,5,2,5,4,1,1,8,3,1,6,0,6,1,1,1,0,1,1
101829,3,5,4,4,5,4,1,5,5,5,5,2,5,2,0,4,3,1,0,2,0,10,2,1,24,6,8,1,1,1,1,1,1
101830,5,1,2,0,4,2,1,0,4,5,2,1,3,1,0,3,3,2,1,4,0,1,0,2,20,4,9,0,0,0,1,0,0
101831,2,0,5,1,5,0,5,5,3,3,0,1,1,1,1,4,4,4,0,3,3,0,1,4,22,6,7,1,1,1,0,0,1
101832,5,4,1,5,2,2,3,0,3,2,1,1,4,1,3,0,2,2,3,3,3,1,2,0,22,0,10,1,1,1,0,1,0
101833,3,2,4,0,0,4,5,0,5,5,4,1,3,3,2,3,5,4,4,3,4,4,1,1,17,4,10,1,0,0,1,1,1
101834,0,4,3,3,1,5,3,0,5,2,0,4,5,0,3,1,2,1,2,5,4,1,0,0,12,2,9,0,1,1,1,0,0
101835,2,0,5,3,5,3,4,4,4,4,2,1,5,1,4,5,5,0,2,2,4,6,1,0,18,0,9,1,0,1,0,1,1
101836,0,4,1,5,0,0,0,2,1,3,5,1,2,4,3,4,4,0,0,0,5,3,0,0,2,1,3,0,0,0,1,0,0
101837,5,3,1,5,3,3,3,2,2,0,2,1,5,1,4,0,2,1,0,2,4,10,3,1,24,5,4,1,1,1,0,1,1
101838,1,5,5,1,0,1,2,4,4,4,0,0,5,3,1,5,1,4,2,5,1,8,1,0,19,0,9,0,0,1,1,0,1
101839,1,0,5,3,1,3,0,1,0,5,4,5,3,1,4,3,3,4,2,3,5,4,2,3,19,0,0,0,0,0,0,1,1
101840,3,2,4,3,0,2,0,3,4,4,2,5,3,0,0,3,0,2,1,4,4,6,0,1,8,1,9,0,0,0,1,0,0
101841,2,5,2,5,0,3,1,1,2,3,2,1,2,2,5,0,2,4,0,4,0,6,1,2,30,1,3,0,0,1,0,0,0
101842,0,2,2,3,0,3,0,0,3,0,1,4,5,1,0,3,3,2,0,5,2,0,3,3,5,4,10,0,0,0,0,0,0
101843,4,3,3,0,3,3,2,5,5,0,4,1,0,4,3,2,2,1,4,3,5,5,1,1,21,3,6,1,1,0,1,1,0
101844,5,0,4,5,4,0,0,2,5,5,2,2,2,4,4,1,0,4,0,4,5,9,2,4,16,3,9,1,1,0,1,1,1
101845,4,4,1,3,1,5,4,5,2,2,2,5,0,5,5,1,3,0,2,3,5,1,1,3,10,0,9,1,1,1,1,1,0
101846,3,1,0,1,4,3,3,2,4,2,4,3,0,3,3,0,5,0,1,1,4,0,2,3,11,6,1,1,1,0,0,0,0
101847,2,3,0,1,2,3,5,5,0,3,2,4,5,0,4,5,2,1,1,0,3,2,3,3,14,2,1,0,0,0,1,0,1
101848,3,5,2,1,4,2,0,1,4,5,3,2,3,5,1,2,2,3,4,2,0,2,0,1,12,1,9,0,1,0,1,0,0
101849,3,3,4,4,3,0,0,3,0,2,1,3,2,5,1,1,4,2,4,5,3,4,0,2,24,4,10,0,0,0,0,1,1
101850,0,2,2,5,4,3,5,2,5,3,3,1,5,0,5,3,0,2,2,0,1,9,3,0,24,0,0,1,0,0,1,1,0
101851,0,1,3,2,5,2,2,5,1,3,2,4,0,2,3,2,5,3,4,1,1,6,2,0,18,5,2,1,0,1,0,0,0
101852,1,2,2,0,5,5,4,2,4,2,3,5,5,5,5,3,2,5,0,0,4,3,1,0,27,2,5,1,0,0,1,0,1
101853,2,5,1,5,3,3,1,4,3,3,2,0,2,4,3,0,4,1,4,2,1,6,2,0,13,0,8,1,1,1,1,1,0
101854,0,1,4,3,5,2,0,2,1,1,0,3,0,1,4,1,1,2,1,5,4,3,1,3,26,5,7,1,0,0,0,0,0
101855,0,3,4,3,4,0,2,2,5,2,5,1,1,3,1,3,1,0,1,2,2,8,1,1,17,3,6,0,1,0,0,0,0
101856,5,2,5,0,1,3,3,4,1,2,2,3,2,1,3,0,4,5,3,4,2,2,3,4,18,0,6,1,0,1,1,0,1
101857,2,1,4,5,5,5,0,3,5,3,4,2,4,5,1,5,1,5,1,3,1,5,1,4,26,0,5,1,1,1,1,1,0
101858,3,4,2,0,0,2,0,2,3,2,5,2,5,5,3,2,4,2,2,0,1,1,2,4,6,0,4,0,0,0,1,0,1
101859,3,2,4,3,2,3,1,0,2,2,2,2,0,4,1,3,4,5,0,1,4,10,3,2,29,1,1,1,1,1,1,1,0
101860,4,1,2,3,0,0,0,0,1,5,4,3,2,1,3,4,4,0,3,2,1,0,2,4,12,5,9,0,0,0,0,0,0
101861,4,3,5,3,4,2,5,3,0,4,2,1,2,2,5,2,4,0,2,1,3,2,1,0,24,0,5,1,1,1,0,0,1
101862,1,4,3,3,5,4,5,0,4,5,0,1,3,3,1,1,2,3,0,1,1,9,3,4,15,0,5,1,1,1,1,1,0
101863,5,5,5,2,4,2,0,3,4,3,5,0,3,5,4,5,5,3,1,3,4,2,1,0,18,4,7,1,0,0,1,1,1
101864,2,3,1,3,0,5,2,5,5,2,5,2,5,2,4,4,5,0,4,1,0,8,1,1,17,2,8,0,0,1,0,1,1
101865,5,3,0,2,1,2,2,4,5,2,3,3,1,3,1,4,2,3,2,5,5,4,2,1,17,1,7,0,1,0,1,1,0
101866,2,4,0,2,2,4,0,4,1,5,4,3,2,4,3,1,0,0,5,5,2,4,1,2,6,2,0,0,0,0,1,0,0
101867,0,1,3,4,0,3,3,1,3,3,4,1,1,2,5,0,0,2,5,0,1,0,1,3,13,6,4,0,1,0,0,0,0
101868,4,1,5,4,3,5,5,3,5,5,4,4,1,1,3,1,2,2,4,5,0,8,1,4,10,0,1,1,1,1,1,1,0
101869,0,2,3,0,0,3,3,1,3,5,0,2,2,2,0,4,0,1,5,3,4,6,0,2,10,1,0,0,0,0,0,0,0
101870,4,3,4,5,3,2,5,5,4,5,4,4,0,2,4,1,5,1,4,2,1,3,0,4,26,6,6,1,1,1,1,0,1
101871,0,3,2,0,3,2,3,0,4,3,1,4,4,0,0,4,2,3,2,3,1,4,2,2,9,6,6,0,0,0,0,0,0
101872,1,0,5,1,3,3,3,3,5,2,5,0,2,0,2,2,2,3,1,4,1,3,3,1,30,4,6,0,0,0,1,1,0
101873,3,4,5,2,5,5,5,2,2,5,5,0,2,4,5,1,3,5,3,0,1,3,0,2,4,6,8,0,1,1,1,1,1
101874,5,2,1,1,4,1,4,0,1,1,0,3,3,5,4,1,5,3,2,0,1,9,1,3,8,1,1,0,1,1,0,1,1
101875,2,5,5,2,1,5,4,1,5,1,3,5,3,4,4,0,3,4,5,0,3,8,0,2,7,1,7,1,1,1,1,1,1
101876,0,4,0,1,3,5,4,4,2,5,2,2,5,5,1,2,4,5,0,4,3,2,0,0,23,2,9,1,0,0,1,0,0
101877,1,5,3,2,4,4,0,3,1,4,1,3,3,5,0,5,3,2,3,4,0,9,0,1,2,1,10,1,1,1,1,1,1
101878,5,3,2,4,5,3,4,0,3,3,5,3,4,4,5,3,2,1,4,0,3,9,3,0,9,4,1,0,1,1,0,1,0
101879,4,3,1,4,3,5,4,0,5,3,2,4,4,0,1,4,0,3,3,4,5,1,3,2,4,2,0,1,1,1,0,1,0
101880,0,1,5,2,0,1,2,3,4,2,3,5,0,5,5,4,4,3,4,2,5,2,3,1,6,5,1,1,0,0,0,0,1
101881,2,2,3,1,2,3,3,3,2,5,1,3,4,2,1,4,2,3,0,0,1,10,0,3,13,0,10,1,1,0,1,0,0
101882,1,5,0,4,5,4,4,2,5,2,4,4,4,3,3,4,5,4,0,3,3,10,3,4,6,2,8,1,1,1,1,1,1
101883,1,2,0,0,0,4,0,0,0,2,1,3,3,5,4,2,0,3,0,4,2,1,2,4,20,2,9,0,0,0,0,0,0
101884,5,0,0,2,3,3,3,0,5,0,2,1,0,0,2,2,5,3,4,0,0,2,1,3,26,3,3,1,0,1,1,0,0
101885,3,1,1,1,3,2,4,0,1,0,4,3,0,1,4,2,4,4,4,1,3,6,0,4,29,2,7,0,1,0,0,1,1
101886,1,3,0,3,1,5,1,0,1,1,1,4,0,0,1,1,1,2,3,0,1,3,0,4,15,2,4,0,1,0,0,0,0
101887,3,3,1,0,2,4,1,3,1,1,4,5,4,2,2,0,3,1,2,1,5,1,2,4,24,5,3,0,1,0,1,1,1
101888,2,5,4,4,5,4,0,2,2,1,5,0,3,4,5,3,4,0,5,1,3,6,3,1,20,0,10,1,1,0,1,1,1
101889,0,5,5,1,3,3,1,1,0,4,4,2,2,2,1,3,4,1,2,5,2,4,0,1,4,2,3,0,0,0,1,1,0
101890,2,3,4,3,5,5,2,3,4,3,2,0,3,3,1,2,1,1,5,2,4,2,2,0,27,1,4,0,1,0,0,1,0
101891,1,3,2,3,2,2,5,4,0,0,1,1,2,1,0,3,4,2,0,3,1,3,0,2,23,2,0,0,0,1,0,0,0
101892,1,4,4,2,5,3,0,1,0,3,3,1,1,1,4,4,0,0,0,1,1,0,0,1,19,3,1,0,0,0,0,0,0
101893,5,0,5,2,3,4,3,3,0,0,2,5,4,3,0,5,0,4,4,3,3,10,0,4,23,1,10,1,1,1,0,1,1
101894,4,3,0,1,5,3,0,0,5,3,1,2,2,0,2,5,2,3,5,1,4,3,3,2,2,2,10,1,1,0,1,0,1
101895,0,2,5,4,1,1,4,3,0,0,2,5,3,2,1,2,0,1,3,2,4,8,1,0,13,5,8,0,0,0,0,0,0
101896,5,4,4,3,2,4,2,2,4,0,5,3,5,5,5,1,3,3,0,1,4,4,2,3,19,0,6,1,1,1,1,1,1
101897,3,4,2,1,0,2,2,0,3,4,1,0,5,3,2,2,1,0,2,3,4,10,0,1,18,2,8,0,0,0,0,0,0
101898,5,3,2,1,1,0,5,4,4,0,1,2,4,0,2,2,1,1,3,0,4,0,2,4,3,6,2,0,0,1,0,1,0
101899,4,3,2,2,0,2,4,1,2,5,2,4,5,2,3,4,3,2,4,2,4,1,2,2,20,3,0,0,1,1,0,0,0
101900,2,4,0,5,1,0,0,4,5,2,5,3,2,2,3,0,5,5,3,2,3,8,1,1,15,4,0,0,0,0,1,0,0
101901,3,3,1,5,1,5,1,2,2,4,2,2,2,4,1,1,0,3,3,2,3,5,2,3,30,1,4,0,1,1,1,1,1
101902,3,1,1,2,5,5,1,4,1,1,1,0,5,4,0,2,1,3,1,1,1,3,0,3,24,6,4,0,0,1,0,1,0
101903,4,1,0,2,2,1,3,4,5,2,1,4,5,5,1,0,2,5,0,0,4,3,1,1,11,2,5,0,0,0,0,0,0
101904,1,4,3,0,4,5,4,2,2,5,5,3,0,3,5,2,0,5,4,3,3,1,2,4,26,2,10,1,1,1,1,1,1
101905,1,3,2,3,4,4,3,4,0,0,2,4,0,1,0,0,1,3,0,5,1,9,0,0,20,6,0,1,0,1,0,0,0
101906,1,1,1,1,5,5,2,2,3,2,2,1,1,0,3,5,2,2,3,1,1,6,1,1,14,5,5,0,0,0,0,0,0
101907,1,5,1,4,3,0,4,3,1,0,2,0,4,0,4,0,2,2,2,0,5,7,1,0,19,2,1,0,0,0,0,0,0
101908,0,5,5,3,5,0,4,1,4,2,5,2,1,3,3,2,3,3,3,1,5,9,0,3,19,4,5,1,1,1,1,1,0
101909,0,3,4,1,2,5,0,2,0,5,4,1,5,3,4,1,5,4,3,1,0,1,0,2,10,2,1,0,0,0,0,0,1
101910,5,1,2,5,3,1,3,0,4,3,3,3,1,2,0,2,1,1,4,2,0,4,0,4,24,2,4,0,1,1,0,1,0
101911,0,5,4,4,4,3,4,2,4,2,1,3,1,4,2,4,1,5,0,1,5,5,1,1,8,2,2,1,1,1,1,1,1
101912,5,1,2,1,0,5,3,0,0,3,0,0,0,1,4,1,5,5,2,0,4,4,3,3,10,2,2,0,0,0,0,1,0
101913,0,2,1,0,0,2,1,2,3,1,0,2,5,4,0,4,2,3,1,4,3,3,2,3,16,0,8,0,0,0,1,0,0
101914,4,5,4,1,0,0,0,5,3,0,1,2,1,3,2,0,0,1,0,0,5,5,3,1,18,4,4,1,0,1,0,0,0
101915,1,3,4,2,4,4,1,2,5,3,4,3,4,1,4,5,5,1,5,1,2,8,2,4,30,0,4,0,1,0,1,1,1
101916,3,1,3,2,2,2,2,2,1,4,4,4,3,5,2,3,3,1,1,4,2,1,0,2,8,0,1,0,0,0,0,0,0
101917,1,0,3,4,1,0,5,5,2,1,4,2,0,5,4,5,5,1,0,3,1,9,1,2,26,6,9,0,1,1,0,1,1
101918,2,2,0,5,4,2,3,0,2,0,4,1,1,4,2,1,5,3,1,1,1,3,1,3,8,0,9,0,0,0,0,0,0
101919,2,4,3,4,0,3,5,4,2,3,3,5,0,3,0,4,3,0,4,0,1,0,2,4,29,0,10,0,1,1,1,1,0
101920,3,4,3,5,1,5,0,3,5,2,2,4,0,0,3,3,4,1,4,3,0,5,2,4,9,4,2,1,0,1,1,1,1
101921,2,1,2,0,2,1,4,2,3,5,4,5,4,5,2,1,0,5,1,0,2,6,3,0,26,5,3,0,0,0,1,0,0
101922,3,0,1,0,5,3,1,1,0,2,1,1,3,1,4,4,3,5,1,1,3,10,2,3,15,5,3,0,0,1,0,1,1
101923,4,4,5,5,4,1,3,3,5,2,0,3,0,4,5,2,0,0,2,5,4,8,2,2,18,6,2,1,1,1,1,1,1
101924,2,0,2,3,4,1,2,2,0,3,4,4,2,2,2,4,0,0,2,1,1,4,1,4,4,0,7,0,1,0,0,0,0
101925,2,0,1,1,4,1,5,2,5,5,2,5,1,4,5,0,4,1,3,2,5,0,0,4,3,6,4,0,0,0,0,0,0
101926,0,2,4,4,1,3,4,4,2,4,3,1,3,0,5,0,0,0,2,0,3,0,1,4,23,3,5,0,1,0,0,0,0
101927,2,3,2,1,2,3,2,2,4,3,5,1,0,1,2,4,0,3,3,2,1,8,2,0,10,2,3,0,0,0,1,0,1
101928,0,1,3,4,5,0,3,4,5,4,4,5,1,0,0,2,2,0,5,1,3,2,3,1,11,5,9,1,0,0,0,1,0
101929,1,1,3,5,4,0,4,1,5,4,4,3,4,4,4,1,2,1,3,0,3,6,2,4,14,2,1,0,1,0,1,1,0
101930,5,1,2,2,3,4,4,4,0,3,2,0,4,1,3,4,5,1,5,3,0,10,0,4,25,2,0,1,1,1,1,1,1
101931,0,2,0,3,0,1,3,3,2,1,1,1,5,1,3,0,4,5,1,0,3,3,0,3,14,4,0,1,0,0,0,0,1
101932,2,0,1,4,4,3,4,5,0,0,2,5,5,0,4,0,0,4,1,3,4,9,3,3,5,0,3,1,1,1,0,1,0
101933,5,0,5,5,2,0,4,2,3,3,5,5,4,0,4,3,0,4,2,1,0,3,3,2,29,2,9,0,1,0,1,1,1
101934,5,2,3,3,2,3,0,1,2,4,2,1,1,3,5,0,5,5,2,1,5,6,1,4,21,4,4,1,0,1,1,1,1
101935,0,0,2,1,4,5,2,2,5,2,5,3,4,2,1,4,4,5,5,0,5,0,1,0,12,3,4,0,0,0,0,0,1
101936,0,1,1,1,2,2,5,3,3,2,0,4,3,0,2,2,4,5,1,1,5,5,0,2,29,6,5,0,0,0,0,0,1
101937,2,3,4,2,3,3,1,2,2,2,1,2,5,5,1,5,1,5,2,2,5,7,3,0,22,2,4,1,0,1,1,0,1
101938,3,0,5,0,0,1,4,5,0,3,5,1,4,1,4,3,5,5,5,2,0,7,3,4,28,6,10,1,1,1,1,0,1
101939,5,3,4,4,1,1,3,0,1,4,3,4,4,0,4,1,2,1,1,5,1,10,2,2,18,3,7,1,1,1,1,1,0
101940,1,3,3,2,3,0,1,1,4,2,2,0,3,0,4,3,0,1,3,0,4,10,3,4,28,6,3,0,1,1,1,1,0
101941,0,3,2,4,5,2,2,5,0,3,1,1,4,2,0,3,5,2,2,2,0,6,0,0,12,4,10,0,1,1,0,1,1
101942,1,3,5,0,4,5,2,4,5,2,2,0,1,3,4,5,0,3,0,3,4,4,3,4,8,6,9,1,1,1,1,0,1
101943,5,4,5,1,2,0,0,0,3,1,5,5,0,0,3,0,0,2,1,5,0,0,3,1,21,3,4,0,1,0,0,0,0
101944,0,0,2,2,5,2,1,5,3,4,2,0,1,2,5,4,2,2,0,4,5,8,2,3,16,5,1,1,1,0,1,0,0
101945,2,1,5,0,1,5,4,2,2,3,2,5,3,2,0,3,4,2,5,3,3,2,2,3,11,4,3,0,1,0,1,1,0
101946,0,1,4,4,5,2,5,3,0,3,2,2,3,0,2,5,3,4,5,3,1,9,2,1,30,1,7,1,1,0,0,1,0
101947,0,4,5,3,2,4,5,0,1,1,5,0,2,3,5,3,0,4,1,5,1,7,1,2,23,2,6,1,1,1,1,1,1
101948,5,5,0,5,0,2,2,0,3,5,4,3,2,2,5,5,5,5,2,0,3,2,1,0,5,5,8,0,0,1,0,1,1
101949,0,5,0,4,0,3,4,4,2,4,3,1,1,4,3,3,3,4,5,4,1,3,2,3,6,3,3,0,1,1,0,0,1
101950,1,3,1,0,5,5,2,1,1,4,4,2,5,0,5,0,5,0,5,1,3,4,1,3,26,5,2,0,1,0,1,0,0
101951,5,2,4,5,3,3,4,0,4,4,2,5,1,0,3,0,3,1,3,3,4,5,3,0,21,3,1,1,1,1,0,1,0
101952,3,2,0,0,0,4,5,4,2,2,4,3,0,4,2,0,1,2,3,2,4,7,3,3,20,5,1,1,1,1,1,1,0
101953,0,0,0,5,5,4,2,1,2,3,3,0,0,1,1,3,0,5,5,2,5,2,2,1,3,6,5,0,0,0,0,0,0
101954,2,2,0,4,0,0,3,5,4,1,0,0,0,2,4,4,4,2,3,5,0,2,2,3,10,6,6,0,1,0,0,0,1
101955,5,3,1,4,2,0,5,1,0,4,2,4,5,2,3,3,0,0,1,5,5,4,0,4,16,5,4,1,0,1,0,1,0
101956,2,1,5,2,4,3,0,0,0,0,5,4,2,3,1,5,5,5,4,1,3,3,1,2,8,0,7,1,0,1,0,0,1
101957,3,4,4,0,0,2,1,2,1,3,1,2,4,4,0,3,4,3,5,2,4,3,3,3,27,6,4,1,0,1,1,0,1
101958,3,4,4,0,5,2,3,1,0,1,5,4,2,4,1,4,2,5,4,0,2,3,2,0,30,3,10,0,1,1,0,0,1
101959,3,1,1,0,4,2,1,3,2,3,4,1,5,5,3,1,3,2,4,1,2,8,0,0,6,6,6,0,0,0,1,0,0
101960,1,5,3,4,5,4,4,1,0,1,5,1,3,3,1,0,2,5,3,3,5,10,1,2,3,5,6,1,1,1,0,1,1
101961,5,0,4,3,5,5,1,5,3,5,4,2,1,1,3,4,0,0,3,1,2,1,2,3,12,0,8,0,1,1,1,1,0
101962,5,5,3,1,4,5,2,2,0,0,0,4,0,3,0,0,5,4,0,3,4,7,3,2,19,2,4,1,1,1,0,1,1
101963,0,4,5,0,1,0,4,4,1,4,1,5,1,1,2,5,4,5,0,3,4,4,2,3,10,2,9,0,1,1,0,0,1
101964,4,1,3,0,1,4,3,4,1,4,2,1,3,2,3,5,5,5,4,5,5,5,1,3,11,1,10,1,1,0,0,1,1
101965,4,3,1,1,1,4,4,5,3,5,2,3,0,0,4,1,3,2,5,4,0,4,0,4,27,1,3,0,1,1,1,0,1
101966,4,1,3,4,0,5,3,3,2,1,5,2,4,2,5,0,5,5,4,3,4,4,0,0,23,0,5,1,1,0,0,1,0
101967,2,4,5,5,3,2,3,1,4,4,5,5,1,3,0,5,0,5,4,0,4,4,2,2,5,4,2,1,1,1,0,0,0
101968,2,0,4,3,0,3,3,3,4,0,4,4,5,1,1,5,3,0,5,0,1,7,0,2,27,4,1,1,0,0,1,0,0
101969,5,1,2,5,2,2,4,2,2,4,5,1,0,0,3,3,5,2,3,4,3,8,2,2,15,3,1,1,1,1,0,1,1
101970,0,1,3,2,3,2,5,3,0,2,0,4,5,0,0,2,2,5,0,4,3,9,3,2,25,3,10,0,0,1,1,1,1
101971,4,1,5,1,3,1,0,1,5,4,4,0,5,0,3,2,2,5,1,5,1,9,2,3,20,4,4,1,1,1,1,1,1
101972,5,1,4,4,2,3,3,3,2,4,5,3,3,2,1,5,4,3,5,1,5,2,1,2,26,2,5,1,1,1,0,1,0
101973,4,3,3,0,1,0,4,5,3,2,5,1,2,5,3,3,2,1,5,3,3,9,0,1,6,4,2,1,1,1,1,0,1
101974,2,3,1,5,0,4,3,4,5,2,5,2,5,2,4,1,0,1,2,4,1,8,3,0,29,6,3,0,1,1,1,1,0
101975,3,3,5,4,5,5,2,5,3,4,4,1,4,5,1,4,1,0,0,2,4,4,0,1,12,3,9,1,1,1,1,1,1
101976,0,1,5,0,2,1,4,0,3,5,4,3,3,0,2,5,5,3,1,2,3,2,0,2,25,5,9,0,0,0,0,0,1
101977,5,1,0,1,3,1,2,3,2,2,0,5,1,5,4,0,1,0,4,4,5,7,2,4,25,1,1,0,0,0,0,1,0
101978,2,5,0,3,3,3,0,0,4,5,2,3,0,5,4,3,1,2,4,5,0,8,0,0,19,3,10,0,1,0,0,0,1
101979,0,1,0,4,2,5,1,1,1,2,5,5,5,0,1,3,2,1,5,2,3,5,3,3,6,3,8,0,0,0,0,1,0
101980,4,0,2,1,4,0,0,4,2,5,3,5,5,0,1,4,2,3,4,1,0,8,3,4,8,5,3,0,0,1,1,0,0
101981,3,2,0,4,2,2,4,0,2,3,1,1,5,3,2,3,5,0,4,5,4,8,0,2,24,5,10,1,1,1,0,0,1
101982,3,0,5,2,2,1,5,2,0,4,4,4,0,1,3,1,4,2,0,3,2,7,1,3,10,2,2,1,0,0,1,0,0
101983,0,2,5,4,4,5,2,0,1,4,0,1,2,3,4,3,4,2,1,2,2,3,3,0,7,0,10,1,1,0,0,1,0
101984,4,5,1,2,1,5,4,1,1,4,2,0,1,4,4,0,0,3,1,4,3,2,2,4,7,3,6,1,1,0,0,1,1
101985,3,1,4,2,4,0,5,0,0,5,4,1,2,0,1,3,5,4,3,2,1,4,0,3,13,2,7,1,0,1,0,1,0
101986,4,4,0,2,3,0,2,2,4,2,4,2,0,4,4,1,2,4,2,0,2,10,2,2,21,6,6,1,1,1,0,1,1
101987,4,2,4,0,0,0,5,3,4,4,3,1,3,5,4,5,0,2,0,3,3,0,2,3,18,2,10,0,0,0,0,0,0
101988,1,2,2,1,4,4,0,3,5,4,1,3,3,2,4,4,1,0,5,2,0,3,2,1,4,5,8,0,0,1,1,0,0
101989,1,3,0,1,4,5,4,5,0,3,2,3,1,5,4,4,3,5,2,5,3,9,3,0,20,5,3,1,1,1,1,1,1
101990,5,3,2,4,1,2,0,0,2,1,1,4,3,3,5,0,0,4,0,4,4,9,2,1,5,4,10,1,1,0,0,1,1
101991,3,1,4,2,5,0,4,2,3,2,5,5,3,4,4,2,4,4,4,5,4,2,3,0,8,5,7,0,0,0,0,1,1
101992,2,1,5,2,0,3,0,3,2,1,5,1,3,1,0,4,1,3,4,3,1,1,2,1,16,3,0,0,0,0,0,0,0
101993,1,5,0,5,1,5,4,0,0,0,4,5,1,3,4,2,5,3,5,2,4,1,0,2,19,2,7,0,0,1,0,1,1
101994,3,1,5,5,5,5,2,0,2,5,2,4,0,5,3,0,0,5,5,0,5,4,2,4,11,5,3,1,1,1,0,1,1
101995,4,5,1,1,5,2,1,1,0,4,0,0,1,4,2,3,5,1,2,5,1,0,1,2,16,3,1,0,0,0,0,1,1
101996,0,2,2,2,4,4,3,5,0,3,0,3,0,3,2,3,4,3,5,0,1,0,1,4,28,5,1,1,0,0,1,0,0
101997,3,5,0,2,3,5,5,3,4,2,2,1,4,2,0,4,1,5,4,5,5,6,2,0,10,3,3,1,1,1,0,1,1
101998,5,2,5,5,1,4,0,3,0,0,4,0,1,0,5,1,2,5,1,1,3,1,2,4,25,2,3,1,1,1,1,1,0
101999,1,3,4,4,2,2,1,3,1,2,2,4,1,2,0,3,0,4,4,3,0,5,1,2,5,4,6,0,1,0,0,0,0
102000,1,3,3,3,3,1,3,4,5,1,4,0,0,4,3,5,0,4,3,1,2,4,0,3,13,2,2,1,0,0,0,0,1
102001,5,2,4,1,0,2,0,3,5,3,1,1,3,3,5,5,2,0,1,2,5,6,0,1,2,2,8,1,0,0,1,0,1
102002,0,1,5,2,3,2,5,4,0,2,4,4,0,0,4,1,1,2,2,3,0,9,1,0,27,5,7,0,0,0,1,0,0
102003,2,3,0,0,0,5,3,1,2,5,0,0,2,1,5,4,4,5,1,4,5,3,2,2,2,5,2,0,0,0,0,0,1
102004,2,3,1,4,0,4,5,4,2,5,2,4,1,2,5,5,4,1,3,0,3,7,0,3,18,5,9,0,0,1,1,1,1
102005,4,1,0,5,1,5,2,0,3,3,0,0,3,0,0,0,1,2,2,5,3,8,3,1,24,6,4,1,0,0,1,0,0
102006,0,4,2,4,1,4,4,2,4,5,3,1,5,2,0,3,1,3,3,1,0,6,3,1,15,1,7,0,1,1,1,0,1
102007,2,3,2,1,0,2,1,1,0,1,1,1,3,5,0,4,5,5,3,4,4,4,2,2,10,6,0,1,0,0,0,1,1
102008,0,0,0,2,5,4,2,0,2,0,0,0,4,4,2,1,2,2,5,1,0,0,2,2,25,5,7,0,1,0,0,0,0
102009,4,5,3,5,4,3,2,3,1,3,1,3,1,5,2,1,3,4,2,5,2,2,2,4,22,4,3,1,1,1,1,1,1
102010,3,0,0,2,3,4,3,5,5,0,0,1,2,5,1,5,3,2,4,5,3,9,0,2,30,3,8,1,1,1,0,0,1
102011,2,3,4,5,2,1,1,0,1,5,2,0,4,0,0,1,4,3,2,0,5,4,1,3,8,6,1,0,0,0,0,1,0
102012,2,2,4,3,1,1,3,5,0,0,1,2,2,2,0,1,5,4,3,2,2,3,3,1,23,3,5,0,1,1,0,1,1
102013,0,3,4,2,5,1,5,5,3,5,5,2,5,1,3,4,4,5,1,2,4,10,3,3,7,3,6,0,1,1,1,1,1
102014,5,4,0,3,4,1,0,5,5,4,3,3,5,4,3,3,0,5,5,4,5,6,1,1,22,2,1,1,0,0,1,1,1
102015,3,4,5,1,4,5,4,0,4,1,2,0,4,0,1,3,2,5,3,5,5,10,1,3,20,4,4,1,1,1,1,1,1
102016,1,3,3,2,2,5,5,5,0,3,3,1,3,4,1,3,1,2,5,4,2,9,0,0,24,2,4,1,1,1,0,1,1
102017,2,5,5,1,0,0,0,2,4,3,0,0,2,2,2,2,1,0,3,1,5,2,0,1,24,5,8,0,0,0,0,0,0
102018,4,4,4,4,3,3,4,3,1,4,0,4,5,1,0,4,1,0,0,4,5,0,0,2,14,5,3,1,0,1,0,1,0
102019,4,4,3,3,2,5,2,1,0,2,0,3,5,1,0,1,5,5,3,5,2,0,1,4,15,0,6,1,0,1,1,1,0
102020,2,2,0,2,1,4,3,3,3,3,5,1,5,3,0,1,5,5,3,0,0,3,2,2,23,4,0,0,0,0,1,0,0
102021,1,1,4,4,1,3,1,3,4,2,4,3,2,2,2,2,1,1,4,1,0,9,1,0,7,5,4,0,0,0,0,0,0
102022,3,1,2,2,0,3,1,4,5,0,5,4,1,5,0,0,3,0,5,4,5,10,0,4,16,2,8,1,0,0,1,1,0
102023,3,3,5,5,5,1,1,2,3,4,4,4,5,5,2,3,2,3,0,2,4,10,3,3,12,0,3,1,1,1,1,1,1
102024,3,3,4,3,0,5,0,0,2,1,0,5,0,3,2,5,4,2,5,5,1,1,2,0,28,4,6,0,0,1,0,1,0
102025,0,0,0,5,4,0,2,3,3,1,0,1,4,4,1,4,5,2,3,5,4,7,3,0,11,6,1,1,0,0,0,1,1
102026,2,1,5,5,5,5,5,4,1,1,4,0,1,2,3,1,2,1,5,2,1,4,3,0,26,3,6,1,1,1,1,1,0
102027,3,5,0,1,0,5,4,0,0,3,3,4,4,2,0,0,2,0,2,5,5,0,3,1,27,2,0,1,0,1,0,1,0
102028,5,4,1,1,3,1,1,4,2,4,3,5,3,3,1,3,2,2,3,5,2,9,1,3,5,3,4,0,0,0,1,1,0
102029,3,4,1,5,0,3,3,4,1,4,1,1,0,0,5,3,2,2,1,1,5,4,2,0,2,4,8,0,0,1,0,0,1
102030,2,1,5,1,4,5,0,3,0,3,3,4,5,4,5,5,5,3,0,4,3,1,3,3,14,6,6,1,1,0,0,1,1
102031,3,0,0,4,3,2,0,5,4,2,5,3,5,4,0,2,0,1,0,2,1,4,3,2,14,5,3,0,0,0,1,0,0
102032,1,1,5,1,0,1,3,2,5,5,2,5,1,1,1,0,0,5,0,4,3,7,0,0,22,3,6,0,0,0,1,0,0
102033,0,5,1,5,4,0,1,0,4,2,4,1,0,0,3,5,2,4,2,3,4,5,3,2,26,0,9,1,0,0,0,0,1
102034,4,3,3,4,4,2,4,3,5,0,4,2,5,0,1,1,2,4,1,3,2,7,2,3,5,5,3,1,1,1,1,1,1
102035,5,4,0,3,5,1,0,3,2,4,5,3,2,4,0,4,2,2,1,3,3,4,0,1,15,6,1,0,1,1,0,0,1
102036,5,2,2,2,2,5,0,5,4,5,1,5,3,3,1,0,5,2,3,2,3,2,3,2,11,4,1,1,1,1,1,1,1
102037,3,2,3,3,5,5,4,1,1,1,5,4,4,3,5,5,3,5,5,3,0,6,3,4,5,2,0,1,1,1,0,1,1
102038,0,3,4,2,3,1,1,0,2,1,3,2,3,0,0,5,1,4,5,1,2,1,2,1,12,4,4,0,0,0,0,0,0
102039,5,5,5,2,3,1,0,4,0,2,4,2,2,0,3,0,1,3,3,4,4,4,1,1,28,2,9,1,1,0,1,1,0
102040,2,2,4,1,2,1,4,1,3,2,1,1,4,4,5,5,0,3,2,4,1,8,3,3,21,4,7,0,0,1,1,1,1
102041,1,3,3,0,1,2,4,1,2,1,0,2,0,2,4,4,0,5,2,1,0,1,2,4,5,4,10,0,1,0,0,0,1
102042,5,5,1,5,3,4,5,4,3,0,0,5,3,1,4,5,1,2,3,5,0,2,2,1,4,2,6,1,1,1,1,0,0
102043,4,2,1,4,4,0,3,1,5,1,2,1,3,0,1,1,4,2,5,3,4,3,0,1,22,0,7,0,0,0,0,0,0
102044,4,5,5,2,0,5,2,4,0,1,3,5,4,0,1,2,5,2,3,1,3,8,0,2,26,6,7,1,1,1,1,1,1
102045,1,3,3,4,2,4,4,1,2,1,1,1,1,4,3,3,4,5,2,1,0,0,1,0,30,5,3,0,1,0,0,0,1
102046,5,5,5,3,0,0,4,3,2,1,1,0,4,4,5,2,5,2,1,3,3,9,3,2,13,1,5,1,1,0,1,1,0
102047,2,2,2,3,2,1,3,3,4,5,4,4,1,1,2,4,1,2,0,4,2,5,2,1,13,4,5,1,0,0,0,0,0
102048,3,3,2,0,4,4,1,3,3,1,4,2,3,1,3,5,3,4,1,4,3,0,0,1,2,4,3,0,0,0,0,1,0
102049,4,1,4,3,4,3,5,1,4,4,3,4,4,1,5,5,4,5,4,3,3,10,3,1,16,0,9,1,1,1,1,1,1
102050,3,3,4,0,0,3,4,0,5,3,3,5,0,2,4,5,5,4,2,1,2,3,3,1,29,3,1,0,1,0,0,0,1
102051,1,1,1,4,4,0,5,3,1,2,5,0,5,5,5,1,1,5,5,1,2,0,0,1,3,0,1,0,0,0,0,0,0
102052,1,3,3,0,0,2,3,2,2,4,1,3,3,2,2,0,1,4,4,3,3,8,0,4,19,3,9,1,0,1,1,0,1
102053,2,4,1,3,0,3,2,5,2,0,5,1,0,4,4,1,5,4,4,1,5,6,1,0,4,4,0,0,0,0,1,0,1
102054,5,2,4,2,5,4,5,5,4,4,5,2,3,4,1,1,3,5,4,2,0,6,1,2,7,1,1,1,1,1,1,1,1
102055,4,2,0,0,0,2,3,0,2,2,2,1,1,3,0,4,4,2,0,2,2,3,3,1,21,5,6,0,0,0,0,0,1
102056,2,1,4,2,1,3,4,2,4,4,2,1,5,1,2,2,3,5,2,1,4,5,2,1,26,5,3,0,0,1,1,1,0
102057,4,4,5,1,0,1,5,2,1,5,1,3,0,5,4,2,0,2,4,4,2,6,1,0,7,4,8,0,1,0,1,1,0
102058,4,3,0,1,3,4,1,2,5,4,4,2,0,3,2,4,0,5,5,1,5,5,2,2,25,0,0,0,1,1,0,1,1
102059,2,3,3,5,3,4,1,4,2,0,1,4,4,4,1,0,1,4,4,2,1,3,2,2,5,3,9,1,1,1,0,0,0
102060,2,0,0,2,5,4,0,2,5,5,1,2,0,5,5,2,3,4,1,1,0,10,2,0,27,6,6,0,0,0,1,0,1
102061,5,0,2,2,5,4,3,0,2,4,4,3,1,3,2,2,5,5,3,5,1,5,2,4,27,6,0,0,1,1,1,1,1
102062,3,0,2,0,4,5,4,2,0,0,1,4,2,3,0,1,3,5,4,2,4,8,0,2,19,5,10,1,1,0,0,0,1
102063,0,5,3,1,2,5,5,4,1,1,0,0,5,4,1,1,3,5,5,0,3,3,3,3,27,5,0,0,1,1,0,0,0
102064,4,5,5,2,0,4,0,2,2,5,5,2,4,0,0,4,4,2,0,2,2,6,1,4,19,5,2,0,1,0,1,0,1
102065,3,0,2,4,5,2,0,1,0,5,0,3,3,5,5,4,4,2,5,4,1,5,3,1,2,1,1,1,0,0,0,1,0
102066,3,0,2,0,3,0,4,4,4,2,5,3,2,1,3,2,4,0,2,4,4,3,2,2,26,0,5,0,1,1,1,1,1
102067,4,4,0,5,1,0,1,0,2,5,4,0,4,5,0,5,1,2,5,1,1,10,2,4,5,5,7,0,0,0,1,1,1
102068,5,3,5,0,3,4,2,2,4,2,2,0,1,3,3,0,1,4,4,5,3,0,1,0,20,6,10,1,1,1,0,1,0
102069,1,1,1,3,2,5,0,0,5,5,3,5,5,5,2,5,4,3,3,2,4,4,3,1,7,2,1,1,1,0,1,1,1
102070,2,3,2,0,2,3,0,3,0,3,1,4,4,1,3,3,0,1,2,4,1,7,1,4,2,0,6,0,1,0,1,0,0
102071,1,1,0,4,2,4,3,5,1,3,2,2,3,4,5,1,4,1,1,2,2,2,1,3,25,3,7,1,1,0,1,0,1
102072,3,1,1,4,4,0,4,2,3,0,4,0,3,3,2,5,5,3,3,3,2,1,0,3,21,2,0,1,1,1,0,0,1
102073,2,2,3,5,0,3,5,5,5,5,5,1,3,3,1,0,3,1,1,3,0,4,0,2,17,2,1,0,0,0,1,0,0
102074,2,5,5,5,5,3,2,5,5,1,1,3,3,3,2,3,4,5,2,4,0,1,2,4,29,3,10,1,1,1,1,1,1
102075,4,4,1,5,0,0,3,4,1,1,3,4,4,5,4,3,3,4,1,4,1,1,1,3,11,6,6,0,0,0,0,1,1
102076,2,1,3,3,0,4,5,1,1,2,5,4,2,4,0,5,2,4,1,5,0,1,1,4,17,6,3,0,1,0,0,0,0
102077,2,3,5,5,4,2,2,0,1,4,0,3,1,1,3,1,1,4,5,4,2,10,2,2,22,2,8,1,1,1,0,1,1
102078,2,5,2,0,0,1,1,0,2,4,0,4,4,3,4,5,3,1,5,3,0,9,0,4,6,5,10,1,0,0,0,0,1
102079,1,5,1,3,4,4,4,2,3,3,3,1,1,2,5,0,5,0,3,2,3,6,3,3,29,2,5,1,1,1,1,1,1
102080,0,4,0,5,4,2,0,2,2,5,0,0,0,4,2,1,4,1,3,0,5,6,2,4,30,2,1,1,1,0,1,1,0
102081,4,0,5,2,2,3,1,1,4,4,5,2,0,2,2,0,2,0,0,1,3,3,3,0,26,5,4,0,0,0,1,0,0
102082,0,1,0,5,2,3,0,5,2,0,0,5,0,1,5,1,0,3,4,1,5,8,1,1,15,4,9,0,0,1,0,0,0
102083,1,1,1,3,5,3,3,4,3,4,4,5,3,1,4,4,5,1,5,5,3,3,1,1,17,4,0,1,1,0,0,0,1
102084,4,0,0,2,4,2,1,4,3,1,1,0,4,2,2,1,0,4,5,1,0,0,2,4,11,1,10,1,0,0,1,0,0
102085,0,1,4,1,3,4,2,3,1,3,5,1,1,2,2,0,1,4,0,0,2,2,0,1,15,0,0,0,0,0,0,0,0
102086,3,1,2,0,0,5,3,3,0,3,5,0,0,4,5,3,3,4,4,5,1,5,0,1,28,3,7,0,0,1,0,1,0
102087,4,3,4,5,3,2,1,5,1,2,4,4,3,3,2,0,5,1,2,2,2,7,2,2,14,4,6,1,1,1,1,1,1
102088,3,2,3,4,0,1,2,2,4,2,3,4,2,4,5,3,0,4,0,4,2,6,0,4,21,1,7,1,0,0,1,0,1
102089,1,2,0,2,1,1,2,0,4,1,1,5,4,0,2,4,1,1,4,0,4,4,3,4,9,6,6,0,0,0,1,0,1
102090,0,1,1,5,4,4,0,1,0,1,0,1,2,1,3,4,5,0,3,2,3,10,1,3,14,0,10,1,0,1,0,1,0
102091,5,0,0,1,2,1,5,1,2,5,1,3,3,0,3,0,0,4,1,5,1,3,2,4,22,2,8,0,0,1,1,1,0
102092,1,5,0,4,5,4,5,5,4,2,0,2,3,0,4,3,1,4,3,2,1,6,3,3,12,6,4,1,1,1,1,1,1
102093,4,3,2,2,5,3,4,3,4,2,4,5,1,0,4,1,0,4,2,2,0,1,0,2,12,5,1,0,0,1,0,0,0
102094,1,1,1,3,0,2,0,2,0,4,1,5,4,3,0,0,4,3,1,5,1,1,0,1,27,4,9,0,0,1,0,0,0
102095,0,4,0,0,5,0,2,0,4,1,2,5,4,2,5,0,1,2,2,0,5,10,0,3,28,1,6,0,0,0,0,0,1
102096,4,4,2,3,5,3,2,4,4,1,3,1,4,2,0,1,4,2,3,4,3,7,1,1,11,0,7,0,1,0,1,1,1
102097,5,5,2,4,0,4,0,3,0,1,4,2,1,4,4,4,0,4,0,2,1,7,2,4,5,0,4,1,1,1,1,0,1
102098,5,0,5,5,2,0,5,4,2,0,3,4,1,2,4,2,0,5,4,1,0,3,3,0,14,2,3,0,1,0,0,0,0
102099,4,3,3,2,5,4,2,0,0,2,4,3,1,0,3,0,0,2,2,1,3,8,1,4,20,5,5,0,1,1,0,1,0
102100,1,5,2,0,0,1,3,3,3,0,0,3,0,0,0,1,0,2,3,2,3,2,3,1,13,6,0,0,0,0,0,0,0
102101,5,4,2,0,0,2,4,2,5,2,1,0,5,1,5,1,0,1,0,3,3,6,3,2,3,4,5,0,0,1,1,0,1
102102,4,1,0,0,3,3,1,1,1,3,4,2,5,2,4,0,1,0,0,1,5,9,1,4,30,1,8,1,1,1,1,0,0
102103,1,5,2,1,5,4,2,1,2,1,4,5,4,5,3,5,5,4,3,0,2,8,1,1,7,0,0,1,0,0,1,1,1
102104,0,2,3,4,1,1,5,1,3,1,3,2,0,1,1,5,3,0,3,5,5,6,3,2,27,5,5,1,1,0,1,1,1
102105,5,2,0,1,4,2,4,4,0,3,5,5,5,4,4,0,4,0,3,4,2,3,0,2,17,6,2,1,1,0,1,0,1
102106,1,3,5,0,4,4,3,0,1,3,5,2,4,0,1,3,0,2,0,3,3,5,2,4,22,0,8,0,1,1,0,1,0
102107,4,4,3,0,0,1,3,5,1,4,0,5,0,0,2,5,5,3,2,4,5,10,2,0,24,5,2,1,0,0,1,1,1
102108,0,0,4,2,1,3,0,5,0,5,3,4,0,2,2,3,5,3,0,0,2,9,1,2,19,1,4,0,0,0,0,1,0
102109,1,3,1,3,3,2,1,5,4,1,5,3,1,3,2,2,3,5,3,5,0,0,0,4,30,2,0,0,0,0,0,0,0
102110,1,4,5,1,2,0,0,5,4,1,1,4,2,4,5,0,4,5,4,1,4,10,2,0,16,4,1,1,1,0,1,1,1
102111,1,3,2,2,1,3,4,1,0,3,0,0,2,4,4,0,2,2,5,1,3,10,2,1,23,4,5,1,0,1,1,0,0
102112,4,1,5,1,1,2,5,2,0,1,0,2,3,5,4,5,1,2,2,3,5,7,1,1,5,2,6,1,1,0,0,1,1
102113,5,0,3,4,3,1,0,0,0,4,4,0,4,2,4,3,5,1,2,5,5,5,2,0,28,4,2,1,0,0,0,1,1
102114,5,3,3,0,4,5,1,5,5,0,5,4,2,1,4,5,0,3,3,3,2,9,2,1,28,5,6,0,0,1,0,1,1
102115,4,4,1,1,2,4,2,4,3,2,4,1,2,2,4,5,2,3,0,1,4,3,0,2,3,3,1,0,0,1,1,0,0
102116,1,3,5,3,5,1,4,0,3,5,0,3,3,1,4,2,0,5,2,1,5,4,1,2,30,5,5,0,1,0,1,1,0
102117,5,5,1,5,4,3,2,5,0,4,2,5,0,2,0,4,1,2,1,2,4,3,1,2,8,3,10,1,1,1,0,1,0
102118,3,3,0,2,2,4,0,0,0,3,2,4,0,0,4,1,4,4,3,4,2,9,1,3,23,0,1,1,0,1,0,0,0
102119,3,3,2,0,4,0,3,4,5,0,5,3,4,4,1,4,4,0,0,3,2,6,0,2,29,0,9,0,0,1,0,0,1
102120,4,0,5,3,2,0,0,0,5,4,3,0,0,5,1,4,5,5,0,1,2,7,3,1,10,2,1,0,0,0,1,0,1
102121,4,3,5,1,4,3,3,4,3,2,1,3,5,0,1,3,4,0,2,3,4,0,0,4,23,1,1,1,1,0,0,1,0
102122,5,1,5,1,5,5,5,5,0,5,3,2,3,0,5,3,3,3,0,5,3,10,3,2,13,6,3,1,1,0,1,1,1
102123,3,4,3,5,4,5,0,5,0,4,4,5,3,4,4,2,5,0,4,5,0,6,0,4,22,1,2,1,1,1,1,1,1
102124,3,0,5,5,0,2,5,0,5,5,3,2,4,5,2,4,3,5,5,4,2,9,2,4,25,4,7,1,1,1,1,1,1
102125,4,5,2,1,0,4,3,0,3,0,2,4,1,0,5,3,3,5,4,3,2,0,0,3,8,4,5,0,0,0,0,0,0
102126,1,1,2,3,4,2,0,0,1,5,4,3,3,3,3,2,2,3,1,2,1,3,0,1,26,2,5,0,1,0,0,0,0
102127,1,2,1,3,5,5,1,4,0,4,1,2,2,2,5,2,1,2,4,5,5,6,3,4,20,1,7,1,1,1,1,1,1
102128,3,0,4,5,3,3,1,1,3,1,0,1,2,4,4,5,4,0,4,2,5,9,0,2,10,4,5,1,0,0,0,1,0
102129,0,1,1,5,1,5,5,2,5,5,5,1,5,3,1,0,5,5,5,2,3,10,2,1,26,2,9,1,1,0,1,1,1
102130,1,5,1,2,5,2,4,2,5,3,4,3,5,1,5,4,5,2,3,1,5,5,2,2,21,1,4,1,1,1,1,1,1
102131,4,1,2,0,2,5,2,2,4,3,4,5,2,1,5,2,4,0,2,3,1,5,0,3,3,2,9,0,1,1,1,1,0
102132,5,3,3,0,1,4,3,2,0,5,5,5,2,3,3,2,1,2,0,0,3,8,3,0,29,6,8,1,1,1,1,0,0
102133,3,5,1,0,2,4,2,2,4,3,4,1,1,1,1,2,4,0,2,2,4,7,3,0,18,5,6,0,0,0,1,1,1
102134,2,3,2,4,1,0,2,1,4,3,0,0,2,0,3,4,5,4,0,4,4,7,0,2,23,5,9,0,0,0,1,1,1
102135,2,0,1,4,1,4,3,2,5,5,5,1,2,3,5,2,2,2,2,1,2,0,0,3,12,0,2,0,0,0,0,0,0
102136,4,2,3,4,1,0,1,4,0,4,0,3,0,3,2,1,1,1,0,5,1,10,3,1,13,2,5,1,0,1,1,1,0
102137,3,2,4,0,4,5,4,0,5,3,4,2,1,4,0,5,3,1,2,3,2,0,0,0,12,4,9,1,1,0,0,0,0
102138,0,1,4,0,0,1,5,5,4,5,5,0,4,3,0,2,1,2,3,2,4,7,1,0,16,2,10,0,1,0,1,0,0
102139,3,1,0,1,2,4,5,2,4,5,2,1,4,2,4,4,5,0,2,2,5,7,3,0,25,1,0,0,0,0,1,1,1
102140,2,3,2,3,1,3,1,1,0,3,1,3,0,4,3,2,5,1,2,5,1,7,1,4,24,5,2,1,1,1,0,1,1
102141,4,2,3,0,3,2,2,2,5,0,5,1,5,2,1,5,3,1,4,5,2,10,3,3,18,1,10,1,1,0,0,1,1
102142,5,1,1,3,5,5,1,5,0,4,2,1,0,3,4,2,3,2,5,5,1,10,2,3,2,4,7,1,1,1,1,1,1
102143,5,2,0,5,4,2,3,4,1,1,5,2,0,5,1,2,1,0,1,3,2,1,3,2,3,3,6,0,0,0,0,1,0
102144,3,2,1,0,1,0,1,4,0,3,1,5,0,5,2,4,0,1,0,3,2,9,3,1,27,3,10,1,0,0,0,0,0
102145,2,1,4,4,3,0,2,1,1,2,1,5,0,2,1,4,0,2,0,2,3,6,0,2,30,0,10,0,0,0,0,0,0
102146,2,2,3,3,0,5,0,5,3,2,3,1,1,2,0,1,0,5,2,1,0,6,0,0,6,1,10,0,1,0,1,0,0
102147,1,5,0,5,2,2,3,4,5,5,2,4,5,5,5,5,2,5,2,5,0,10,0,1,17,2,8,0,1,1,1,1,1
102148,5,3,4,1,1,4,3,0,5,1,4,5,2,3,3,1,1,5,0,4,1,8,3,4,27,3,0,1,1,1,1,0,1
102149,5,3,1,1,3,0,3,2,0,0,1,1,1,4,5,5,2,1,2,2,2,10,2,4,2,6,4,1,1,1,0,1,1
102150,5,5,4,0,2,0,2,5,5,3,4,0,0,0,0,3,1,4,3,1,1,2,0,4,30,6,6,0,1,1,1,0,0
102151,1,3,3,4,4,5,4,3,0,3,2,1,1,4,2,3,4,0,2,3,0,9,1,3,6,1,3,1,1,1,0,1,1
102152,1,1,0,5,3,0,3,3,4,5,2,4,2,0,2,1,5,0,0,5,2,6,3,1,3,2,1,0,0,0,0,0,0
102153,5,2,2,0,5,4,1,2,1,0,4,0,2,2,0,0,0,0,2,5,5,2,2,3,16,1,6,1,0,1,0,1,0
102154,3,2,4,2,0,2,2,0,4,5,1,1,2,1,4,0,4,5,4,1,2,10,2,3,29,5,3,1,1,1,1,1,1
102155,4,2,2,4,5,3,3,5,2,5,1,5,1,5,5,0,5,1,2,4,5,3,1,3,24,1,7,1,1,1,1,1,1
102156,2,0,4,4,4,0,0,4,5,1,3,1,0,0,1,4,2,0,4,2,4,1,1,1,8,0,7,1,0,0,0,0,0
102157,2,0,4,5,4,1,2,1,3,4,1,2,2,3,5,3,3,0,5,3,4,6,3,4,20,1,10,1,1,1,1,1,0
102158,3,2,0,4,4,4,5,1,3,5,2,5,0,0,5,3,4,0,5,0,0,9,2,1,15,5,10,1,1,1,1,1,1
102159,4,5,5,5,0,3,2,3,2,0,2,5,5,0,2,5,3,0,1,0,4,5,2,3,15,3,5,1,1,1,1,0,1
102160,2,4,2,5,1,3,3,4,1,0,3,1,1,1,4,5,1,0,1,1,2,8,3,2,4,4,9,1,0,0,0,1,1
102161,4,5,4,5,0,5,4,0,3,3,2,1,3,0,2,2,1,3,1,4,4,10,1,1,11,3,9,1,1,1,0,1,1
102162,1,1,2,2,4,2,1,3,3,3,3,3,3,1,1,4,0,1,3,3,0,3,3,1,8,0,4,0,0,0,1,0,0
102163,2,2,3,2,2,4,4,5,0,5,1,1,0,0,1,0,4,5,3,2,1,0,3,2,30,6,2,0,0,1,0,1,1
102164,5,3,2,2,2,4,0,2,0,5,5,4,3,4,1,3,2,0,1,2,4,10,3,0,9,6,3,1,1,0,1,1,0
102165,5,2,5,5,3,2,2,0,2,0,5,4,3,1,5,2,5,1,0,0,0,7,1,0,26,5,7,1,1,1,1,0,1
102166,5,2,0,1,2,1,3,0,4,5,0,2,0,2,0,1,2,1,1,3,5,4,0,3,7,6,6,1,0,1,0,0,0
102167,1,2,5,4,3,2,1,0,2,5,0,2,3,0,2,2,3,2,0,2,1,9,3,4,3,3,4,0,1,1,1,0,0
102168,5,0,1,3,5,5,4,5,2,3,0,0,0,5,5,1,0,1,5,2,5,5,1,0,26,4,0,0,1,0,0,1,1
102169,5,5,5,0,1,1,0,2,5,2,1,4,2,2,3,3,0,5,2,4,5,10,0,0,16,5,5,0,0,0,1,0,0
102170,5,5,0,2,5,3,3,0,1,3,4,5,1,2,0,3,3,5,5,3,3,5,0,1,30,4,7,1,1,1,0,1,1
102171,0,0,0,1,3,0,3,5,2,3,1,5,1,1,2,0,4,0,5,1,0,3,3,3,6,5,8,0,0,0,0,0,0
102172,4,2,0,4,2,2,4,4,5,2,3,3,5,0,3,2,2,5,1,3,5,2,1,4,10,3,0,0,1,1,1,1,0
102173,5,3,3,2,5,5,1,0,3,0,1,4,5,1,0,1,3,5,0,0,0,2,2,1,30,2,4,0,0,1,0,0,0
102174,4,4,1,2,2,3,0,4,0,4,0,5,5,5,4,2,1,5,3,5,2,7,3,3,23,0,0,1,1,1,1,1,1
102175,1,5,3,0,0,4,3,1,1,1,0,1,5,2,3,5,4,5,0,3,4,1,2,4,7,6,4,0,0,0,0,0,1
102176,4,2,4,0,1,1,5,0,5,1,5,4,3,5,1,2,3,4,4,5,1,5,2,1,6,3,2,0,0,1,0,1,1
102177,0,4,0,4,5,4,4,0,4,2,3,0,5,1,4,3,5,1,4,5,0,1,1,0,14,1,10,1,0,0,0,1,0
102178,2,5,3,5,3,5,1,3,5,0,3,4,5,2,2,1,4,3,2,1,5,10,3,1,29,6,2,1,1,1,1,1,1
102179,3,4,4,1,3,5,2,5,2,2,1,1,1,3,2,5,5,1,3,5,5,1,3,3,5,6,2,1,1,1,1,1,1
102180,2,1,2,4,4,2,1,5,3,5,2,3,0,0,1,2,5,3,0,2,0,8,0,1,22,4,8,0,0,0,1,0,0
102181,4,4,5,3,1,4,4,4,0,4,3,0,2,2,2,1,2,0,1,4,0,4,1,0,6,3,1,0,1,0,1,1,0
102182,1,2,3,2,0,5,3,5,4,0,4,0,3,5,4,0,5,5,4,0,3,4,2,4,22,6,7,1,1,1,1,1,1
102183,3,0,0,2,2,4,2,1,3,1,3,3,0,2,0,5,2,0,2,1,0,1,1,3,26,1,10,1,0,0,0,0,0
102184,3,4,3,4,5,5,0,0,0,3,3,5,3,5,5,3,0,1,3,1,5,9,3,4,9,6,0,1,1,1,1,0,1
102185,3,5,2,5,0,0,3,0,5,5,3,0,1,0,4,0,5,0,4,1,2,10,3,3,21,5,9,0,1,1,1,1,1
102186,1,2,0,2,4,3,2,1,2,2,2,4,2,5,5,3,0,4,1,1,1,10,1,2,17,1,4,0,0,1,1,0,1
102187,1,2,5,2,5,4,0,4,5,5,4,4,2,5,3,1,0,3,2,2,1,10,0,1,3,1,7,1,0,1,1,0,1
102188,1,2,1,4,0,4,1,0,5,0,1,4,4,2,0,4,3,0,0,5,1,6,1,0,13,5,7,1,0,0,0,0,1
102189,2,0,0,3,0,0,4,2,2,5,4,1,1,3,4,1,4,3,0,0,4,10,2,3,23,4,4,0,0,0,1,0,0
102190,3,5,1,2,5,3,4,4,0,0,2,5,2,0,4,4,2,0,5,4,0,10,1,3,27,4,1,1,1,1,0,1,0
102191,2,0,4,2,0,0,2,5,0,4,3,3,3,0,2,1,3,4,4,5,3,8,2,4,25,0,1,0,0,0,1,1,1
102192,2,3,3,3,4,0,4,0,1,0,2,1,5,2,3,4,5,3,2,5,3,5,2,4,21,6,6,1,1,1,0,1,1
102193,1,0,4,0,4,0,4,1,1,5,3,5,2,1,2,1,3,0,2,2,1,2,0,3,22,6,9,0,0,0,1,0,1
102194,1,4,2,0,1,5,3,0,2,1,4,1,0,3,5,4,4,5,3,1,3,2,0,2,10,2,5,0,1,0,1,0,0
102195,3,5,0,3,1,1,1,0,5,2,1,2,3,5,5,3,3,0,3,1,2,5,2,2,21,0,5,0,0,0,1,1,1
102196,4,3,2,1,3,2,2,2,4,3,2,0,0,0,3,0,3,5,0,5,3,5,2,1,5,0,6,0,1,1,1,0,0
102197,1,3,1,3,3,1,4,1,1,0,2,2,3,5,5,5,3,4,1,4,1,6,3,1,8,0,2,1,0,1,0,0,1
102198,5,4,3,4,5,5,1,5,4,3,0,3,2,1,2,5,5,0,0,4,2,5,0,3,25,0,10,1,1,1,1,1,1
102199,3,5,1,1,3,5,3,2,0,1,5,5,3,3,1,1,2,2,3,4,4,8,1,3,9,0,5,0,0,1,0,1,0
102200,1,5,5,2,5,3,4,1,0,2,4,2,0,5,2,2,2,1,2,0,2,5,1,1,3,3,6,1,1,0,0,0,0
102201,2,1,2,5,1,4,3,2,3,1,0,3,2,4,5,0,4,5,3,5,3,7,2,1,7,3,10,1,0,1,0,1,1
102202,0,3,1,0,1,0,3,4,1,5,0,0,1,0,5,4,3,5,1,1,5,1,2,4,15,5,10,0,0,0,0,0,1
102203,0,4,5,4,1,5,1,2,2,2,5,1,3,3,0,2,0,2,2,4,3,7,2,2,17,5,9,1,0,1,1,1,1
102204,2,1,3,1,3,2,2,0,4,4,5,3,0,0,4,0,4,3,0,4,5,2,1,4,20,3,0,0,0,0,0,1,0
102205,2,4,1,5,0,2,0,2,2,0,4,0,3,1,4,3,0,1,2,2,1,5,0,2,18,4,0,0,0,0,0,0,1
102206,4,0,2,2,5,1,0,3,1,4,4,2,2,3,0,1,3,0,1,1,1,4,0,2,19,6,9,0,0,0,1,0,0
102207,0,5,1,0,4,5,3,1,5,2,5,0,0,3,3,1,1,1,5,3,1,2,0,2,6,2,1,0,0,0,1,1,0
102208,5,3,4,4,5,1,1,3,1,3,3,2,4,5,5,5,1,2,3,1,3,8,2,0,5,5,3,0,0,1,1,1,1
102209,1,4,3,0,5,5,2,1,3,5,0,1,5,1,2,4,3,0,3,3,4,9,1,1,11,0,4,0,1,0,0,0,0
102210,0,4,4,2,0,4,2,5,0,4,2,1,3,5,4,0,0,4,1,5,4,2,1,4,20,6,3,0,1,0,0,1,1
102211,4,1,5,3,4,4,2,5,0,2,1,2,3,2,2,3,2,4,1,1,1,7,2,4,17,3,10,1,1,1,1,0,1
102212,4,2,4,4,3,0,4,4,4,1,1,0,2,1,0,2,0,4,5,2,3,0,1,4,8,0,1,1,0,1,0,0,0
102213,3,5,2,2,4,4,2,5,5,5,5,4,1,3,2,0,0,4,1,1,1,4,1,4,24,0,4,0,1,1,1,0,1
102214,0,0,1,5,5,5,5,0,0,1,3,2,0,3,2,0,2,5,5,2,5,2,0,2,18,0,4,0,0,1,0,1,0
102215,0,4,3,2,3,2,2,3,5,0,5,5,2,5,2,5,3,0,5,0,0,0,0,4,25,0,2,0,1,0,1,0,1
102216,2,1,2,2,0,2,5,2,1,1,0,1,3,5,1,0,4,0,2,2,3,4,0,0,9,6,5,0,0,0,0,0,0
102217,2,3,1,2,5,0,5,4,5,0,5,0,0,3,5,3,5,2,1,3,1,8,0,1,24,1,5,1,0,0,0,0,1
102218,5,3,4,4,2,2,2,0,3,4,3,2,1,3,3,5,1,1,4,3,1,0,2,3,13,2,7,0,0,1,1,1,1
102219,1,4,5,3,2,4,4,1,4,5,3,0,3,1,3,2,2,4,5,2,0,6,2,0,6,2,9,0,1,1,1,1,0
102220,1,5,2,0,3,1,2,1,0,2,1,2,1,1,3,3,5,1,1,3,3,4,3,1,23,0,4,0,0,1,0,0,0
102221,5,2,4,4,5,4,5,3,0,3,3,4,3,3,2,2,1,2,5,0,1,2,0,1,27,0,3,1,1,1,0,1,1
102222,0,1,5,2,3,0,4,5,5,5,3,5,2,4,5,3,3,1,2,5,3,6,3,3,9,1,10,1,1,0,0,0,1
102223,0,2,0,2,1,4,2,5,0,5,4,2,5,2,2,1,4,4,4,1,1,7,2,3,2,6,6,0,0,0,1,0,1
102224,2,3,2,0,4,3,1,2,5,0,0,1,1,3,0,1,2,2,2,3,2,9,0,0,26,0,6,1,0,1,0,0,0
102225,2,4,4,5,3,1,5,0,0,0,3,2,0,3,2,3,5,3,4,0,1,4,2,1,17,6,5,0,1,1,0,1,0
102226,3,4,2,0,0,2,3,5,3,2,0,1,1,2,2,0,1,2,5,5,0,5,2,3,15,5,2,1,1,0,0,0,0
102227,5,2,4,5,3,1,4,3,2,1,0,0,4,0,2,3,0,4,1,2,5,4,0,4,9,0,8,1,1,0,1,1,1
102228,5,5,2,0,4,3,4,0,2,0,2,4,5,2,1,3,0,2,2,3,4,8,3,4,30,6,7,1,1,1,1,1,1
102229,1,0,0,3,5,3,0,3,4,0,0,4,3,1,2,5,3,5,3,2,4,2,2,4,10,4,8,0,0,0,0,0,1
102230,5,0,2,0,1,3,1,5,0,4,4,1,3,0,0,1,3,2,0,2,4,7,1,2,19,5,8,0,1,1,1,1,1
102231,3,0,2,2,3,1,5,5,2,1,2,2,4,2,2,0,3,2,0,4,5,9,1,0,8,3,6,1,0,0,0,1,1
102232,0,5,5,5,4,1,1,5,3,2,1,2,5,4,4,1,2,1,4,4,0,5,3,4,6,0,0,1,1,1,1,1,1
102233,5,1,0,3,3,4,5,5,2,0,1,2,5,4,4,4,2,4,4,0,2,3,2,3,15,4,5,1,1,1,1,1,1
102234,0,3,0,3,2,2,2,3,1,3,2,4,3,2,4,2,5,5,3,1,4,6,0,3,23,5,8,0,1,0,1,0,1
102235,3,4,0,0,1,2,5,3,0,4,3,4,2,3,0,0,2,3,3,2,0,4,2,4,3,3,4,0,0,1,0,0,0
102236,4,4,3,5,0,1,3,0,3,3,4,0,0,1,5,1,4,3,1,3,3,3,3,2,19,0,0,1,1,0,0,0,0
102237,1,5,5,2,4,5,0,3,0,1,3,1,0,1,1,4,5,5,5,3,3,9,3,3,8,1,8,1,1,1,1,1,1
102238,1,0,3,3,5,1,1,5,0,0,3,5,3,2,3,5,0,2,4,2,2,1,2,4,5,2,5,1,0,1,0,0,0
102239,2,2,4,5,3,4,5,4,1,2,3,2,0,2,5,0,1,5,2,1,5,4,2,4,30,0,4,1,1,1,0,1,1
102240,5,3,5,3,4,4,1,5,4,4,3,2,5,3,1,3,3,1,3,0,4,5,2,4,3,0,0,1,1,1,1,1,1
102241,1,4,3,4,4,1,1,1,0,0,2,4,2,4,0,5,4,0,4,0,4,7,1,0,6,1,6,1,0,1,0,0,0
102242,3,3,3,1,2,0,0,1,1,4,1,4,5,3,2,0,5,1,0,1,4,2,2,4,25,6,1,1,0,1,1,0,1
102243,2,3,1,2,3,1,3,5,0,5,3,3,5,0,0,0,4,0,3,4,0,9,3,2,5,2,4,1,1,0,1,0,0
102244,0,1,5,3,1,1,4,5,3,3,0,5,3,4,3,2,5,4,1,3,5,4,3,4,16,2,6,1,0,0,1,1,1
102245,4,0,4,1,1,4,5,3,1,5,1,3,2,2,4,0,5,0,2,2,3,10,2,4,10,5,3,1,1,0,1,1,0
102246,4,2,5,2,3,3,5,5,0,1,0,5,0,5,3,3,5,2,3,5,0,8,1,0,22,6,4,1,1,1,1,1,1
102247,3,1,5,4,3,2,5,4,1,3,2,2,5,1,1,4,3,4,4,5,3,2,0,4,27,1,7,1,1,0,0,1,0
102248,1,3,2,5,5,2,5,1,1,4,5,1,3,3,0,2,4,1,3,3,2,7,0,1,16,0,2,1,1,1,1,0,0
102249,0,4,0,4,1,5,3,3,0,4,5,0,2,1,1,5,5,5,5,3,3,0,0,4,6,2,4,0,0,1,0,0,0
102250,2,3,5,5,1,5,4,2,2,4,0,3,0,3,5,5,1,1,0,2,0,1,2,1,26,3,2,1,1,1,1,0,0
102251,3,3,2,5,0,0,3,4,3,1,4,5,5,5,2,4,3,4,1,4,0,0,1,3,26,4,6,0,0,0,0,0,1
102252,3,0,5,1,5,5,0,2,2,5,0,2,0,3,5,3,3,5,1,5,4,1,3,4,6,6,9,1,1,1,1,0,0
102253,1,3,4,5,4,2,0,1,2,4,5,4,4,5,5,0,2,1,4,4,4,8,2,0,3,5,1,0,0,1,1,1,0
102254,3,2,1,3,1,4,0,2,5,0,1,3,1,2,4,1,4,2,0,1,2,9,3,4,5,1,6,0,0,0,1,0,1
102255,1,0,2,5,5,5,2,2,1,3,0,4,3,0,1,5,4,4,1,3,2,7,3,4,14,1,3,1,0,1,1,1,0
102256,4,1,3,3,4,3,2,5,2,5,4,4,0,2,1,3,5,1,5,0,4,4,0,4,13,3,8,1,1,0,1,1,1
102257,4,4,2,0,2,3,3,0,3,0,4,4,4,4,0,2,1,3,2,1,1,5,1,4,29,4,6,0,1,0,0,1,0
102258,3,5,1,3,2,2,3,5,0,5,2,2,2,3,2,4,5,4,2,1,4,2,0,3,17,1,6,1,1,1,0,1,1
102259,0,3,1,4,3,0,2,1,5,1,3,2,2,3,2,1,5,5,5,0,3,4,2,1,30,5,2,0,0,0,0,0,0
102260,5,5,3,0,0,0,4,1,3,1,4,2,5,4,4,1,3,5,3,0,0,6,3,2,19,0,1,0,0,1,0,0,0
102261,0,1,0,3,1,2,5,2,4,2,5,4,1,1,0,2,2,1,1,1,4,8,3,2,30,2,8,0,1,0,1,1,0
102262,5,1,0,3,5,4,1,3,1,4,2,3,3,4,1,5,1,4,0,2,5,10,2,0,8,6,6,1,1,0,1,1,1
102263,0,5,0,2,1,2,1,5,4,0,4,1,3,5,2,2,4,4,1,0,4,4,0,4,23,3,3,0,0,0,1,0,1
102264,3,1,4,4,0,2,5,3,5,1,4,1,4,1,2,0,3,2,2,1,2,6,2,3,23,1,3,1,0,0,0,0,0
102265,0,3,0,0,5,3,5,0,3,4,4,1,3,1,3,2,3,5,3,2,3,1,1,4,26,3,6,0,1,1,0,0,0
102266,0,1,2,2,5,1,1,2,1,1,5,3,4,5,4,1,5,4,5,1,5,6,2,2,23,3,7,0,1,0,1,1,1
102267,4,1,0,5,4,2,3,5,4,2,5,4,2,5,5,2,4,2,2,5,3,1,0,0,10,2,0,1,1,0,0,1,0
102268,4,2,3,3,0,3,3,4,5,3,2,0,1,5,0,5,3,1,5,1,0,9,0,2,16,3,5,1,1,0,1,1,1
102269,0,2,0,1,5,5,3,1,4,1,1,4,4,5,1,1,0,0,0,1,1,1,2,1,11,2,5,0,0,0,0,0,0
102270,5,5,0,0,1,4,5,3,3,0,5,3,3,1,0,1,0,2,2,1,2,2,1,1,15,0,10,0,1,0,1,0,0
102271,1,5,2,3,0,4,0,4,2,3,2,1,5,3,1,2,4,0,2,2,5,2,0,2,17,6,2,0,0,1,1,0,0
102272,1,3,4,5,5,3,3,1,1,0,5,0,4,5,0,0,2,0,5,3,2,6,1,0,22,6,5,1,1,1,1,1,0
102273,1,3,0,0,1,4,1,3,4,2,5,0,1,4,2,1,0,4,5,2,4,7,2,3,7,6,6,0,0,1,1,0,0
102274,2,0,2,0,3,0,4,2,2,3,0,4,1,3,1,0,4,1,2,0,5,2,2,2,30,0,9,1,0,0,0,0,0
102275,1,1,4,2,0,0,3,1,1,4,0,1,4,3,3,5,4,3,5,3,4,8,0,4,11,6,9,0,0,0,0,1,1
102276,2,0,3,1,1,5,4,5,2,5,3,1,2,1,2,4,5,3,3,3,0,7,2,4,12,2,0,0,1,1,0,0,1
102277,1,5,4,0,5,3,5,1,0,5,0,2,5,2,3,0,1,3,2,5,5,7,0,1,17,1,7,1,1,1,1,1,0
102278,0,1,1,1,3,0,4,1,3,0,3,3,4,4,5,2,2,0,2,4,3,6,3,0,9,1,1,0,0,0,0,0,0
102279,2,2,5,3,5,2,5,0,3,2,0,2,2,5,0,0,3,3,0,5,2,10,2,0,14,3,9,1,1,1,0,1,1
102280,4,5,0,4,1,5,4,2,2,0,5,3,4,0,1,4,4,4,4,4,0,9,2,2,15,0,1,0,1,1,1,1,0
102281,4,4,3,1,5,0,3,3,4,4,2,2,4,2,4,0,1,4,2,4,2,8,3,2,3,2,5,0,1,1,1,1,1
102282,2,3,2,4,5,2,2,5,3,0,4,2,2,4,2,3,1,2,4,3,1,6,2,3,9,3,9,1,1,1,1,1,1
102283,1,0,0,4,5,5,2,4,2,4,2,3,2,2,5,3,3,2,2,4,2,6,2,1,2,4,6,0,0,1,0,0,1
102284,4,3,5,0,0,5,2,5,4,0,4,3,3,5,0,4,2,3,0,2,3,6,0,1,3,5,1,1,0,0,0,0,1
102285,4,3,4,5,0,2,3,5,0,0,4,4,1,3,0,5,5,3,5,1,0,10,0,4,30,0,1,1,1,1,1,1,1
102286,4,1,1,1,3,5,4,4,3,5,1,5,3,2,2,5,1,2,5,3,1,5,2,1,29,6,10,0,1,1,1,1,1
102287,5,4,0,4,0,4,2,5,0,1,4,1,1,4,3,1,0,3,1,2,3,7,3,2,16,3,6,1,0,1,1,1,1
102288,4,5,4,4,0,2,3,1,3,2,4,0,5,2,0,4,4,4,1,1,1,0,2,0,12,0,8,1,1,1,1,1,0
102289,5,1,3,5,4,4,2,4,0,3,1,0,3,2,2,1,4,4,3,5,3,8,3,0,19,2,6,1,1,0,0,1,1
102290,2,1,0,2,4,4,3,3,5,4,0,4,4,1,1,0,5,3,4,0,4,5,1,2,16,6,3,0,1,0,1,0,0
102291,2,1,5,3,5,1,4,2,0,5,2,2,3,5,3,5,1,5,2,0,1,10,0,0,27,3,1,1,1,1,0,0,1
102292,1,5,4,0,5,0,2,3,2,2,3,2,1,2,4,5,4,4,5,3,4,0,2,2,4,4,8,1,1,1,0,1,1
102293,1,0,2,2,0,4,2,4,3,3,4,4,4,5,3,4,5,5,3,0,1,10,2,0,29,2,10,0,0,1,1,0,1
102294,4,5,1,5,4,0,1,2,2,5,1,4,3,3,5,2,3,1,1,5,0,6,0,0,23,2,5,0,1,1,1,1,1
102295,4,4,1,0,0,4,2,5,1,0,2,5,0,0,3,2,1,3,4,1,5,2,3,3,29,3,2,0,1,1,1,0,0
102296,4,2,2,0,2,2,2,0,1,2,4,5,5,4,2,4,3,3,5,2,1,2,3,4,15,3,4,0,1,0,1,1,1
102297,1,3,0,4,1,4,0,1,5,1,3,4,0,1,0,1,3,2,4,3,2,2,2,4,22,6,7,0,0,1,0,0,0
102298,2,5,2,3,1,3,5,2,0,5,4,3,2,5,1,3,5,3,4,1,3,0,3,0,7,3,9,0,1,1,1,1,1
102299,1,4,1,2,4,0,5,4,4,3,4,5,0,5,2,2,2,2,5,0,4,0,2,3,24,1,3,0,1,1,0,1,1
102300,5,1,0,1,0,0,1,3,1,3,1,0,4,3,4,1,5,0,4,1,5,8,0,0,9,1,1,0,0,0,0,0,1
102301,1,0,0,1,4,3,5,5,0,1,1,5,2,2,2,3,1,2,5,0,2,2,2,3,2,3,0,1,0,0,0,0,0
102302,0,3,2,4,5,3,1,5,2,5,4,2,3,2,4,4,4,0,0,0,2,3,1,3,19,6,1,0,1,0,1,0,1
102303,3,0,2,2,3,0,2,2,0,0,4,1,5,4,0,1,4,5,1,4,1,4,3,0,9,3,9,0,0,0,0,0,0
102304,5,0,2,4,0,5,0,4,4,2,5,3,2,2,2,4,3,3,2,5,1,7,3,3,27,0,2,0,0,0,1,1,1
102305,5,5,4,2,3,1,3,1,4,4,1,5,2,0,4,5,3,3,4,2,3,8,2,4,8,6,6,1,1,1,1,1,1
102306,0,2,3,2,3,5,2,0,1,5,0,0,3,3,5,5,4,3,2,1,0,7,0,2,5,3,7,0,0,0,1,0,1
102307,1,3,1,1,2,0,1,2,4,1,1,1,5,4,2,5,0,2,5,2,5,9,3,2,10,1,3,1,0,0,0,0,1
102308,0,1,5,3,2,1,1,1,4,2,2,3,2,0,2,2,2,4,5,5,1,5,0,1,7,6,3,0,0,0,1,1,0
102309,1,0,4,1,2,3,5,4,4,0,0,4,1,2,1,4,5,2,1,1,3,5,3,4,27,4,0,1,1,0,0,0,0
102310,3,0,2,5,5,3,4,3,0,3,1,4,1,2,5,4,2,4,2,5,2,0,3,3,27,2,8,1,1,1,0,1,1
102311,1,2,0,2,0,3,0,0,0,1,0,5,3,3,0,5,0,2,4,1,1,6,1,2,19,2,3,0,0,0,0,0,0
102312,0,0,5,4,3,1,0,2,0,3,0,4,4,3,5,3,5,2,2,2,1,8,1,4,23,1,1,0,0,0,1,1,0
102313,3,2,4,2,1,1,0,2,4,0,2,4,5,4,4,5,4,1,0,1,3,7,0,4,8,6,2,0,0,0,1,0,1
102314,0,1,2,2,3,1,1,0,1,2,4,0,3,3,5,3,3,2,2,2,3,4,1,1,28,2,7,0,0,0,0,0,0
102315,1,3,0,2,0,2,4,3,3,2,2,2,2,4,0,4,5,1,4,4,1,7,0,4,24,3,2,0,0,1,0,1,0
102316,0,3,0,2,5,5,0,5,2,3,1,4,5,0,0,2,3,2,5,1,1,2,1,3,6,6,10,0,0,1,0,1,1
102317,0,1,1,2,2,2,1,5,5,1,3,4,4,5,1,0,5,2,1,0,2,0,1,0,16,1,9,0,0,0,1,0,0
102318,2,2,1,5,5,5,0,5,1,1,3,2,0,2,1,2,0,5,3,3,1,8,3,4,21,4,10,1,1,1,1,1,0
102319,5,0,1,4,0,1,3,5,4,4,2,3,3,2,1,2,2,2,3,4,0,5,1,1,5,2,3,1,0,0,0,1,0
102320,4,1,2,0,3,1,4,5,0,5,0,1,4,4,2,4,3,4,2,1,3,8,0,3,8,1,8,1,0,0,1,1,1
102321,0,5,0,0,4,0,3,0,5,1,1,5,4,2,1,4,3,2,5,4,1,6,0,4,3,6,9,0,0,0,0,0,0
102322,0,5,1,0,4,1,5,2,3,2,0,3,0,4,4,3,2,2,4,2,4,8,1,0,10,5,4,0,0,0,0,0,0
102323,2,2,5,4,0,1,4,3,1,0,0,0,3,4,1,1,0,2,0,4,0,8,1,4,5,5,2,1,1,1,0,0,0
102324,3,5,5,1,3,2,4,5,2,0,3,3,4,3,1,4,1,4,1,1,5,8,1,0,17,0,0,0,1,1,1,0,1
102325,4,3,0,2,0,4,1,2,4,2,1,1,5,3,5,4,4,1,0,0,3,9,1,0,6,4,6,1,0,0,1,0,0
102326,4,0,4,4,2,2,5,4,2,4,2,2,5,5,1,5,5,3,5,2,3,2,3,4,13,1,7,1,1,1,1,1,1
102327,2,5,5,0,0,4,3,4,0,4,2,2,4,4,2,1,0,3,3,0,2,5,0,2,9,2,7,0,0,1,0,1,0
102328,1,2,3,0,0,0,0,3,1,4,5,5,4,4,2,4,5,3,3,0,5,8,1,2,18,4,0,0,0,0,0,0,0
102329,0,3,2,0,4,5,0,1,5,0,0,5,2,4,2,0,5,0,1,1,0,5,1,2,13,1,8,0,0,0,0,0,0
102330,0,3,2,1,4,0,5,0,2,0,0,0,3,4,1,4,5,5,1,3,1,2,3,1,13,0,8,1,0,1,0,1,1
102331,0,1,1,0,5,0,1,2,2,1,3,1,0,4,3,4,1,1,1,0,4,10,2,4,15,5,1,0,0,1,0,0,1
102332,5,4,2,3,4,2,2,1,1,1,3,2,0,4,4,4,2,3,0,0,3,3,1,0,23,0,3,1,1,1,0,0,0
102333,1,3,5,4,3,3,4,3,0,3,3,5,1,2,2,2,1,1,2,2,3,5,0,0,23,2,3,0,0,0,0,1,0
102334,4,2,3,1,0,1,4,1,1,3,4,1,5,4,5,2,3,5,3,4,2,2,1,0,8,4,9,0,0,0,1,0,0
102335,3,1,2,3,4,0,0,5,5,1,5,4,1,3,3,0,0,5,4,1,3,1,3,0,26,6,1,0,0,0,0,1,0
102336,3,4,0,1,1,5,3,5,3,4,3,0,1,5,1,2,1,3,4,2,4,2,2,2,4,6,3,0,0,1,1,0,1
102337,2,1,5,0,0,4,5,5,2,4,3,5,4,2,1,4,3,5,2,5,3,4,3,0,18,1,3,0,1,0,1,0,0
102338,4,0,0,2,4,4,2,3,3,1,4,2,0,0,0,5,2,4,1,4,1,6,1,3,24,0,6,1,1,0,0,1,0
102339,0,5,4,4,3,1,3,0,4,3,1,1,1,4,0,0,2,5,0,2,4,10,1,4,24,6,7,1,1,1,1,1,1
102340,0,1,1,1,0,3,1,5,5,1,1,4,0,3,4,3,1,3,5,0,0,6,0,2,27,6,0,0,0,0,0,0,1
102341,2,3,1,4,3,4,4,0,1,0,2,3,3,0,4,1,1,3,1,3,5,4,2,0,12,1,0,0,0,1,0,0,0
102342,2,4,1,5,4,2,0,3,4,4,4,3,4,4,2,2,3,3,3,3,2,8,3,1,25,3,9,1,1,0,1,1,1
102343,3,5,2,0,2,1,3,4,4,0,5,5,5,0,0,4,1,4,3,1,2,8,2,2,28,3,5,0,1,1,1,0,1
102344,4,3,4,0,4,4,2,0,0,1,3,2,4,0,2,0,1,2,5,1,4,2,1,0,14,5,8,0,1,1,0,0,0
102345,3,4,2,1,3,5,3,2,5,1,3,3,4,4,3,0,0,2,0,1,5,8,2,3,17,5,9,1,0,1,1,0,1
102346,1,5,0,5,2,0,2,2,1,5,4,2,4,0,2,1,1,3,0,3,4,5,3,1,14,4,6,0,0,0,0,0,0
102347,1,5,1,0,1,4,5,1,4,3,1,1,5,1,2,1,1,5,5,2,0,8,2,3,11,5,9,0,0,1,1,1,1
102348,4,0,0,2,1,5,5,0,5,4,0,1,3,2,2,4,2,0,3,2,4,6,3,0,10,2,1,0,0,0,0,0,0
102349,1,4,2,3,4,3,1,5,3,5,4,3,0,5,0,1,1,5,1,4,4,0,1,0,8,4,7,0,0,0,0,0,0
102350,3,1,5,0,2,0,0,5,1,5,0,0,3,3,0,5,0,4,5,3,3,4,2,1,15,0,7,0,0,0,0,0,1
102351,3,5,5,0,4,4,2,0,5,3,0,4,1,5,0,5,2,0,4,4,2,0,0,2,29,1,7,1,1,1,0,1,1
102352,4,0,5,0,2,5,3,1,2,2,2,3,5,4,3,4,5,3,2,0,0,2,0,0,3,4,8,0,0,0,1,0,0
102353,4,1,0,0,3,1,4,2,4,2,4,3,3,1,5,2,3,5,1,4,0,0,0,2,6,0,10,0,0,0,0,0,0
102354,2,1,2,3,3,0,3,1,4,0,2,4,3,3,5,4,1,4,4,5,4,0,0,2,21,6,9,0,1,0,0,0,1
102355,1,3,0,5,2,1,3,0,1,3,0,2,3,2,3,0,5,3,4,2,5,4,1,4,23,0,0,1,1,0,0,1,1
102356,2,0,2,2,4,4,0,3,3,3,0,4,2,1,5,5,3,0,4,2,3,3,3,2,22,2,6,1,0,1,1,1,1
102357,2,0,3,1,5,3,4,2,1,5,1,4,5,3,2,2,4,2,4,1,5,6,0,0,9,3,5,0,0,0,0,0,0
102358,1,3,4,1,5,0,1,4,0,1,0,1,5,5,4,2,0,1,2,4,0,5,1,4,25,3,2,0,1,1,0,0,1
102359,3,5,2,5,5,3,2,1,4,4,1,1,5,4,3,5,1,4,4,3,5,9,2,4,2,4,3,1,1,1,1,1,1
102360,1,3,0,5,0,4,2,3,1,1,0,2,5,1,2,0,2,3,4,1,1,1,1,0,20,3,10,0,0,1,0,0,0
102361,3,2,2,3,4,1,0,1,3,0,5,0,0,1,4,0,4,1,0,0,2,2,2,1,30,3,10,0,1,0,1,0,1
102362,4,3,2,2,4,3,2,0,0,2,0,3,3,5,5,3,0,2,2,4,1,9,3,3,7,0,6,0,1,1,0,1,0
102363,5,3,3,0,2,1,2,4,3,5,1,5,2,3,2,5,1,4,5,3,2,10,1,0,30,1,4,1,1,0,1,1,1
102364,0,2,0,5,1,0,1,4,1,2,0,4,3,2,3,5,5,0,2,5,0,7,0,4,26,0,0,1,0,1,0,0,1
102365,4,3,3,0,0,2,1,3,1,1,1,4,2,4,1,5,1,2,2,1,2,10,1,3,10,4,8,1,0,0,0,0,1
102366,0,0,2,0,5,4,0,0,0,1,4,1,5,0,3,2,5,0,3,5,0,1,1,4,12,6,10,0,0,0,0,0,0
102367,2,1,4,4,5,4,5,4,5,4,3,4,4,4,3,3,1,1,0,2,1,10,3,3,9,3,10,1,1,1,1,1,1
102368,1,4,5,1,0,0,1,3,3,1,5,0,4,2,1,4,5,2,1,4,5,2,2,0,20,4,10,0,0,0,1,0,0
102369,0,2,1,0,3,1,5,2,3,1,3,2,3,2,4,1,2,3,1,2,0,10,2,3,25,6,7,0,0,1,0,0,1
102370,1,0,4,3,3,3,5,3,2,1,2,5,0,3,4,5,1,2,5,2,2,0,2,3,8,6,2,1,0,1,0,1,1
102371,0,0,0,0,1,1,2,0,5,0,5,4,1,1,5,5,3,5,1,3,3,10,1,1,21,0,4,0,0,0,0,0,1
102372,4,5,5,1,3,1,4,1,0,4,1,0,5,5,4,0,3,2,0,1,2,9,1,0,13,6,0,1,0,1,1,1,1
102373,0,1,2,3,4,2,1,0,2,1,0,3,0,0,3,2,0,3,3,5,2,4,0,4,8,3,7,0,1,0,0,0,0
102374,2,0,4,1,1,4,1,2,0,1,1,5,4,3,3,2,5,5,5,1,4,2,1,0,20,6,2,0,0,1,0,0,1
102375,4,4,4,4,4,3,5,5,4,1,5,2,3,2,5,4,4,3,0,3,2,1,2,0,15,5,7,1,1,1,0,1,1
102376,5,3,3,0,5,5,3,0,5,4,4,3,4,5,1,2,2,1,3,4,2,10,0,3,21,1,6,1,1,1,1,1,1
102377,5,2,2,3,2,0,4,2,4,5,3,2,5,3,0,5,5,0,5,2,1,10,2,3,20,6,6,1,0,1,1,1,1
102378,0,5,4,0,0,2,5,1,0,4,5,2,2,2,2,2,0,4,4,1,1,10,2,4,10,3,0,1,1,0,0,0,1
102379,5,1,2,4,1,3,0,5,4,3,3,3,3,2,2,2,5,1,3,3,5,9,0,2,11,3,10,1,1,0,1,1,0
102380,3,3,3,4,0,4,1,3,1,4,1,1,0,1,3,1,2,1,5,1,1,2,0,1,19,2,10,1,0,0,0,1,0
102381,1,4,3,4,2,3,5,1,2,1,0,5,2,0,0,5,4,5,0,2,1,8,1,3,5,5,10,1,1,0,0,1,1
102382,2,3,2,1,3,5,0,1,3,5,0,5,1,2,1,2,5,0,5,1,0,10,2,3,2,4,1,1,1,1,0,0,0
102383,5,1,0,1,1,5,2,3,2,3,5,0,4,0,5,2,5,1,1,3,5,8,0,0,4,4,1,0,0,1,0,0,0
102384,2,4,1,5,3,4,0,0,1,5,1,1,1,3,2,4,0,3,5,1,1,3,0,3,19,5,10,0,0,1,0,0,0
102385,1,4,5,4,5,2,1,0,3,1,2,3,1,5,2,4,2,5,4,4,1,6,1,1,22,4,2,0,0,0,0,1,1
102386,5,0,3,1,1,1,1,4,1,0,2,2,2,0,0,4,0,5,4,3,4,3,0,1,28,6,8,0,0,1,0,0,1
102387,5,0,3,0,5,3,1,4,4,4,0,4,3,5,0,0,1,3,2,0,5,7,2,4,24,4,4,1,1,0,1,1,0
102388,5,4,1,2,1,2,4,4,0,1,0,0,4,0,4,5,3,1,3,4,3,10,1,1,17,0,10,1,1,1,1,1,1
102389,5,0,4,3,3,0,1,1,4,1,4,4,5,2,3,4,4,1,3,4,1,0,2,3,22,1,10,1,0,0,1,1,1
102390,5,5,2,2,0,1,4,5,5,4,4,0,2,3,2,4,1,3,1,2,3,6,1,3,14,5,0,1,1,1,1,0,1
102391,2,0,1,4,1,5,5,1,4,3,1,1,3,3,2,3,0,3,5,3,4,3,2,1,27,6,1,1,1,0,0,0,0
102392,1,5,0,3,5,2,3,5,3,4,0,4,2,2,2,4,2,3,2,2,2,7,1,4,15,5,1,0,1,1,0,0,0
102393,3,4,2,5,3,5,3,1,2,1,3,2,3,0,4,4,3,5,4,3,4,4,3,3,27,2,8,1,1,1,0,1,1
102394,1,2,3,5,3,1,2,2,3,0,0,1,1,4,5,1,2,4,3,4,2,4,0,0,4,5,10,0,0,1,0,0,0
102395,2,1,1,2,3,5,4,5,3,2,1,5,1,2,2,2,5,0,0,0,4,2,1,4,13,1,5,1,0,1,1,0,1
102396,3,2,1,5,1,4,4,2,5,5,4,3,4,1,2,0,4,3,1,1,3,5,3,2,14,1,0,1,0,0,1,1,0
102397,5,4,1,2,5,2,5,4,0,3,1,1,4,2,2,0,3,4,5,3,2,5,3,2,13,4,6,1,1,1,1,1,1
102398,1,4,1,0,2,3,1,3,3,5,4,4,4,2,2,3,0,5,3,3,2,8,0,1,26,1,2,0,0,1,1,0,1
102399,1,1,4,1,0,5,4,0,3,5,5,0,4,3,1,4,5,2,2,4,4,3,1,0,13,5,8,1,0,0,1,1,1
102400,4,3,2,2,5,3,0,4,1,5,1,2,2,3,1,4,3,1,3,3,1,1,0,0,29,2,2,0,0,0,0,0,0
102401,0,5,2,5,0,5,2,2,2,2,3,1,4,3,2,4,5,2,3,3,3,2,2,0,13,3,6,1,0,0,1,1,0
102402,3,1,0,4,5,0,0,2,2,1,4,3,1,5,4,2,2,4,4,2,1,10,2,0,7,2,5,0,1,0,0,0,1
102403,4,4,3,0,1,0,3,1,0,5,3,1,0,5,1,3,4,1,5,0,3,6,2,1,29,5,5,1,1,1,0,0,1
102404,3,1,5,0,0,0,5,5,2,3,1,1,1,0,2,4,3,5,3,5,1,8,3,4,22,5,9,1,1,1,1,1,1
102405,2,5,4,3,1,1,4,3,1,1,5,1,4,3,1,0,5,4,0,2,3,6,0,0,16,2,7,1,0,1,0,0,0
102406,4,1,2,3,3,4,4,3,2,2,1,4,3,1,2,3,4,2,5,0,3,2,0,3,16,6,7,1,0,1,0,0,1
102407,2,1,1,4,3,5,3,3,1,4,1,5,4,0,0,2,2,2,0,3,0,5,3,3,13,3,0,0,0,1,0,0,0
102408,4,2,2,1,0,3,3,1,4,2,0,1,4,0,2,1,3,4,2,4,0,7,0,4,29,6,3,0,1,0,0,1,0
102409,2,2,0,4,1,2,0,3,5,4,5,0,1,3,4,3,0,3,1,1,1,8,3,4,27,2,3,0,0,0,1,0,1
102410,0,1,0,2,1,5,4,4,0,1,1,3,4,5,4,2,4,3,3,2,0,0,2,1,15,1,5,1,0,0,0,0,1
102411,3,3,4,2,3,3,4,0,1,1,0,3,2,4,3,3,2,1,5,5,1,7,2,1,22,6,3,0,1,1,0,1,0
102412,0,0,5,2,5,3,0,0,0,0,0,5,5,0,3,4,1,1,3,4,3,8,1,4,8,3,8,0,1,0,0,1,0
102413,5,5,5,5,1,0,3,0,2,5,1,4,0,1,3,3,5,1,0,4,2,8,2,1,13,4,10,1,1,1,1,1,1
102414,3,0,3,2,5,1,2,5,2,5,4,4,4,4,2,3,5,2,2,2,4,8,0,0,3,5,1,0,1,0,1,0,0
102415,2,2,5,3,2,4,3,3,2,1,4,0,4,3,5,2,0,3,1,0,2,5,0,4,11,2,10,1,0,0,1,0,0
102416,2,5,2,5,0,4,4,2,0,3,5,0,2,3,3,0,3,5,3,1,1,1,0,4,23,2,2,0,1,0,0,0,0
102417,3,0,1,0,1,2,1,1,5,4,4,1,5,1,1,2,0,5,2,5,0,8,0,4,12,6,5,0,0,1,0,0,1
102418,1,0,1,3,5,4,5,4,5,3,0,2,1,4,3,3,2,2,1,3,0,3,3,0,22,0,3,1,0,1,1,1,0
102419,1,4,1,4,4,4,2,3,5,3,5,4,2,5,1,2,5,2,5,2,5,0,1,1,30,0,6,0,0,0,1,1,1
102420,2,0,4,5,4,0,3,3,2,1,1,5,2,1,4,0,3,1,4,5,4,7,0,0,28,3,5,0,1,0,0,0,0
102421,1,5,0,0,2,5,0,4,4,0,5,4,2,5,2,3,0,5,3,1,5,0,1,2,12,6,4,0,1,0,0,0,1
102422,4,2,5,4,4,4,0,0,0,5,2,5,1,2,2,3,1,5,5,0,0,7,2,4,3,5,10,0,1,1,0,0,1
102423,0,5,4,4,4,1,1,4,3,5,0,2,4,0,3,5,0,2,4,1,1,3,1,3,28,0,10,1,1,0,1,1,1
102424,4,1,2,2,4,1,5,4,3,5,2,3,0,5,5,5,4,1,1,5,1,0,3,4,30,5,10,1,0,1,1,1,1
102425,2,0,4,4,3,5,1,1,4,0,2,0,0,1,3,3,5,5,2,5,0,9,0,2,29,0,6,1,1,1,1,1,0
102426,3,5,0,2,3,1,2,1,4,4,4,0,0,0,3,0,1,0,3,3,2,4,0,2,7,5,9,0,1,1,0,0,0
102427,0,4,2,3,5,0,5,3,0,1,3,4,2,2,5,4,1,2,2,0,5,0,3,4,4,0,2,0,0,0,0,0,0
102428,2,5,0,2,5,0,1,2,2,1,0,2,0,3,4,2,3,1,5,4,4,5,2,4,18,1,2,1,1,0,0,1,0
102429,4,1,0,1,3,1,4,5,2,2,0,4,3,3,0,3,4,3,2,5,1,3,0,4,20,3,0,0,1,0,0,0,0
102430,1,2,0,4,1,3,0,0,2,1,3,5,1,5,2,4,5,5,3,4,4,7,2,0,18,3,10,0,0,0,0,1,1
102431,0,3,4,1,2,2,0,1,3,3,0,3,4,2,4,3,5,0,0,4,1,8,0,0,3,2,2,0,0,0,0,0,0
102432,3,2,4,1,3,4,0,4,4,3,3,0,5,0,2,2,3,1,2,0,2,3,2,4,3,1,7,0,0,0,1,0,0
102433,0,1,5,5,4,1,0,4,3,5,5,3,5,2,1,5,3,0,1,5,4,4,2,3,12,5,3,0,0,0,1,1,1
102434,1,2,5,5,1,1,3,5,1,4,5,4,3,5,3,2,0,5,4,2,5,3,0,1,20,0,10,1,1,0,0,1,1
102435,2,3,5,3,0,2,0,0,3,4,3,1,3,0,1,3,0,0,5,4,4,1,3,4,8,6,9,0,1,0,1,1,0
102436,3,0,5,3,4,4,3,0,3,5,1,2,2,1,3,3,5,5,2,3,2,2,3,4,11,5,10,1,0,1,1,1,1
102437,3,2,0,2,5,3,3,5,1,2,3,3,0,4,4,4,1,2,0,2,1,6,1,4,19,3,10,0,1,1,0,1,1
102438,4,1,4,3,0,4,1,4,3,0,0,4,1,1,1,5,3,0,2,4,2,10,3,2,26,1,3,1,1,0,0,1,1
102439,5,0,4,3,1,0,0,4,3,5,4,1,1,2,3,1,1,2,2,1,4,8,2,3,17,3,7,1,0,0,1,1,0
102440,0,0,0,3,2,2,0,5,4,2,0,0,3,0,4,5,1,4,5,1,2,1,1,3,17,5,0,0,0,0,0,0,1
102441,2,2,0,3,4,2,0,1,2,2,0,3,0,0,1,3,4,1,0,1,2,8,3,0,9,5,1,0,0,0,0,0,0
102442,0,0,5,3,4,0,3,0,5,2,3,0,5,4,2,1,2,3,2,5,3,5,1,3,4,5,6,0,0,0,1,1,0
102443,0,2,5,5,2,1,5,1,3,5,3,2,0,4,3,3,0,2,0,0,3,3,1,1,22,0,5,0,1,0,0,0,1
102444,1,3,1,4,1,1,2,5,5,2,3,1,2,0,3,5,2,3,5,0,2,1,2,0,18,1,10,0,0,0,0,1,1
102445,3,5,0,2,2,2,3,3,0,4,2,2,1,3,3,3,2,1,4,0,1,3,0,4,7,3,3,0,0,0,0,0,0
102446,5,0,2,3,1,0,1,0,0,4,3,5,5,2,1,0,2,2,4,3,5,0,3,1,29,0,0,0,0,0,1,1,0
102447,4,2,0,1,2,1,0,4,1,3,2,5,3,2,0,2,4,5,3,0,5,4,3,2,15,3,8,0,0,1,0,0,1
102448,3,0,4,1,1,5,1,5,4,3,0,4,5,4,2,1,2,0,2,3,5,7,3,2,25,2,6,1,1,0,1,1,1
102449,4,2,2,4,0,0,2,0,3,0,3,2,5,3,1,1,3,1,4,1,1,4,3,3,10,3,6,0,1,0,1,1,0
102450,1,2,0,3,4,4,5,3,4,5,0,3,4,0,2,4,4,0,5,3,2,1,0,1,23,3,1,0,0,1,0,0,0
102451,5,4,5,0,4,3,1,4,0,2,0,0,0,5,4,0,5,2,1,5,2,4,2,1,8,2,1,1,1,0,0,1,0
102452,5,2,4,2,1,0,5,5,2,1,3,5,3,1,2,5,1,0,0,0,0,6,2,3,28,2,4,1,1,0,1,0,1
102453,0,5,5,5,2,2,3,3,2,1,4,5,3,3,5,5,3,0,3,3,3,6,3,3,24,3,7,1,1,1,1,1,1
102454,2,0,5,3,2,3,2,2,5,2,0,2,1,0,4,1,3,1,5,2,3,6,1,4,22,2,7,1,1,0,0,1,0
102455,4,0,0,5,0,1,3,5,0,3,2,0,0,3,1,1,4,4,3,0,4,2,2,2,12,3,9,0,0,0,1,0,1
102456,2,0,4,3,3,1,4,2,5,3,5,5,0,0,0,1,4,3,4,1,1,10,0,0,6,0,0,0,1,0,0,0,0
102457,5,2,4,0,2,4,4,3,2,5,4,0,2,1,3,0,0,3,1,3,2,7,2,4,20,0,10,1,1,1,1,1,1
102458,5,1,4,1,5,0,5,5,4,4,4,0,4,2,1,0,5,1,3,3,1,4,0,3,12,4,10,1,1,1,1,1,1
102459,2,0,1,0,2,5,3,3,1,2,3,0,1,0,5,4,4,5,0,4,0,9,0,1,21,2,3,1,0,1,0,0,0
102460,0,1,2,4,4,1,0,4,0,4,1,1,5,2,2,2,1,2,2,2,2,0,1,4,4,3,1,0,0,1,0,0,0
102461,2,5,5,4,2,2,2,5,4,4,2,5,1,3,0,1,2,3,5,0,1,3,2,4,9,2,0,1,0,0,1,1,0
102462,1,4,0,2,1,0,5,3,1,5,3,2,4,5,1,3,1,3,5,4,4,5,1,2,16,6,4,0,1,0,0,0,0
102463,2,0,3,4,2,5,1,2,0,0,3,1,0,2,5,1,3,5,3,1,2,10,2,3,17,3,1,0,1,0,0,0,0
102464,3,5,4,3,5,1,2,3,5,3,0,5,0,4,1,3,5,3,4,0,4,1,2,4,9,0,4,1,1,1,1,1,0
102465,2,1,4,4,1,4,3,2,1,3,5,2,3,1,2,1,2,2,2,1,1,8,1,0,16,2,6,0,1,0,0,1,0
102466,1,2,3,4,5,1,3,4,5,1,5,4,0,5,4,1,5,5,3,2,3,5,2,0,22,3,2,1,1,0,0,0,1
102467,1,1,4,2,3,0,5,0,2,3,0,3,3,5,5,5,4,3,2,1,1,4,1,0,2,1,8,1,0,0,0,0,1
102468,4,2,5,3,4,2,3,0,1,4,3,0,2,4,0,1,4,2,4,5,4,5,3,3,4,3,1,1,1,1,1,1,1
102469,0,4,4,1,4,3,0,2,2,0,0,4,1,1,4,1,0,0,0,3,5,5,0,3,16,6,5,0,1,1,0,0,0
102470,1,4,0,4,3,2,1,0,1,5,1,5,5,5,3,4,2,4,3,3,1,4,2,1,4,3,1,0,0,0,0,0,1
102471,5,3,1,5,3,5,3,4,5,5,5,5,2,2,1,2,2,4,1,0,2,6,3,3,3,0,8,0,1,0,1,0,1
102472,0,3,1,1,0,3,4,1,3,1,4,4,0,1,2,0,5,2,4,1,2,8,0,1,29,0,8,0,0,1,0,0,0
102473,2,4,2,4,4,4,3,2,4,1,2,4,0,2,0,4,4,3,3,3,1,5,3,3,7,4,0,1,1,1,1,1,1
102474,1,1,2,0,4,2,4,1,0,1,0,4,1,1,0,0,3,4,3,4,0,4,2,2,26,1,1,0,1,1,0,0,0
102475,0,2,1,2,0,0,1,5,1,0,5,5,2,2,5,2,5,4,4,5,4,3,2,2,14,4,0,0,0,0,0,0,1
102476,2,0,4,4,3,2,0,5,3,0,1,3,3,2,1,2,1,5,1,2,0,8,0,4,12,0,8,0,0,0,0,0,0
102477,3,4,0,1,3,3,5,0,2,1,3,5,2,5,2,3,0,3,4,5,0,0,2,3,20,2,0,1,0,0,0,1,0
102478,1,2,4,1,1,2,3,2,5,3,1,2,0,2,0,3,4,2,1,3,0,8,0,3,2,1,3,0,0,0,1,0,0
102479,0,3,3,2,0,4,4,5,4,4,4,1,1,4,2,3,4,2,3,4,2,1,1,4,10,4,7,0,0,0,1,0,1
102480,0,3,5,0,0,5,5,2,1,3,2,0,0,4,0,5,2,2,4,3,4,4,3,4,10,3,10,1,1,1,1,1,0
102481,3,1,0,3,1,0,1,5,2,3,4,2,3,5,4,3,1,1,0,5,5,9,0,2,2,3,0,0,0,0,1,0,1
102482,5,0,1,0,1,0,5,0,4,0,0,3,0,3,2,0,0,1,1,0,5,3,0,3,9,5,7,0,0,0,0,0,0
102483,1,5,5,1,1,1,2,2,2,5,3,2,4,3,5,0,0,1,1,3,5,3,0,2,11,1,1,0,1,0,0,0,0
102484,1,1,2,1,3,3,3,5,3,1,5,0,3,5,4,2,4,3,5,3,3,0,1,3,23,2,3,0,0,0,1,1,1
102485,2,0,3,5,2,0,2,1,4,2,2,2,1,4,4,0,3,2,1,3,2,10,2,4,13,4,4,0,0,0,0,1,0
102486,2,1,0,5,0,1,1,0,1,3,2,3,1,1,2,5,4,3,3,4,0,8,3,4,15,2,6,0,0,0,1,0,1
102487,1,5,4,0,0,2,5,4,0,0,4,0,0,3,5,4,0,0,2,0,2,3,0,2,7,0,1,0,0,0,0,0,0
102488,0,1,1,0,3,2,2,0,2,2,5,3,0,3,3,4,5,4,0,3,3,8,2,1,18,3,1,0,0,0,1,0,0
102489,3,5,5,4,5,5,0,1,1,5,4,2,3,3,0,4,3,5,1,3,4,9,0,1,28,3,1,1,1,1,1,1,1
102490,2,2,2,1,4,3,0,4,3,1,0,3,3,3,0,3,0,4,4,4,1,1,1,3,27,4,2,0,1,1,0,0,0
102491,2,5,1,3,4,5,5,5,5,3,1,0,0,2,5,2,5,4,2,3,1,0,1,2,29,6,0,1,1,0,0,1,1
102492,1,3,3,5,1,4,4,0,4,3,5,4,4,0,5,0,2,2,4,1,5,1,1,4,14,4,2,1,0,1,0,1,0
102493,5,0,2,0,4,2,3,2,4,0,5,2,5,2,3,0,2,0,4,5,5,5,2,2,26,5,2,0,1,1,0,1,0
102494,3,3,2,5,0,5,4,4,3,0,3,2,4,4,1,2,4,1,3,1,4,8,0,3,2,2,7,1,1,0,1,1,1
102495,2,2,5,0,1,5,3,2,5,0,0,0,5,5,4,1,2,1,1,4,2,5,3,1,15,6,6,0,0,1,0,1,1
102496,1,1,2,1,0,2,5,2,5,0,4,2,4,3,1,5,4,1,5,1,2,1,3,3,29,1,0,0,0,1,0,0,1
102497,4,3,2,3,1,5,0,3,4,3,5,2,5,4,5,4,3,1,3,4,3,2,1,0,18,0,8,0,0,0,1,0,0
102498,5,0,3,5,2,1,0,4,0,1,4,0,3,1,2,4,5,3,4,1,2,8,3,0,17,3,5,1,1,0,0,1,1
102499,0,4,1,3,0,1,4,0,1,3,4,3,4,4,2,2,1,2,5,5,4,8,2,4,30,3,10,1,1,0,1,1,0
102500,5,4,4,0,4,4,5,0,5,1,3,1,4,2,5,4,3,5,4,2,4,2,3,4,5,4,6,1,1,1,1,0,1
102501,4,0,1,1,4,4,3,0,0,2,5,2,1,4,5,2,1,0,2,2,1,2,3,2,24,4,5,0,0,1,0,0,0
102502,0,2,1,4,3,1,5,2,3,0,3,0,0,3,3,3,1,4,3,1,5,5,3,1,26,1,8,0,0,1,0,0,1
102503,4,3,0,3,1,4,2,1,3,4,3,3,2,4,0,4,5,1,0,1,2,0,2,4,20,1,0,0,1,0,1,1,0
102504,0,0,2,0,5,3,4,2,2,0,5,0,1,4,0,2,2,1,4,5,1,2,1,2,7,0,0,0,0,0,0,0,0
102505,0,2,3,3,0,3,3,1,4,5,0,3,5,3,3,3,4,2,1,5,2,7,0,3,30,3,0,1,0,0,1,0,1
102506,0,1,4,2,5,5,5,3,0,1,0,2,4,2,0,1,1,5,2,0,4,2,0,0,22,5,10,0,1,1,0,0,0
102507,2,0,5,0,4,0,3,1,1,5,5,4,5,4,1,1,0,5,2,3,2,8,2,4,20,4,8,1,0,0,0,1,1
102508,3,4,4,1,1,2,2,5,1,4,0,2,2,4,4,4,3,5,2,5,4,6,3,0,11,6,6,1,0,0,1,1,1
102509,2,2,1,5,1,1,1,1,1,4,5,3,3,0,1,5,1,0,5,3,3,3,2,3,3,2,0,0,0,0,1,0,0
102510,0,4,4,4,4,3,1,1,2,4,5,5,1,1,5,2,2,2,3,2,1,9,0,0,29,4,2,0,1,0,1,0,0
102511,1,3,1,0,4,0,0,5,2,2,1,1,2,1,4,0,4,4,5,4,3,5,2,4,25,3,8,0,0,0,1,1,1
102512,5,5,1,0,2,0,0,3,5,1,5,0,0,1,0,1,3,4,4,3,1,6,1,3,18,5,0,1,0,1,0,1,0
102513,5,5,2,2,0,4,3,0,2,4,3,3,2,4,0,5,0,2,3,1,4,5,0,2,12,1,1,1,1,0,0,0,0
102514,4,3,3,2,2,0,0,0,4,3,3,0,5,0,1,3,4,0,0,1,1,2,2,1,10,6,7,0,0,0,0,0,0
102515,0,2,1,2,2,2,2,0,0,4,5,1,3,1,0,1,2,2,0,0,1,3,1,1,11,5,3,0,0,0,0,0,0
102516,4,2,5,4,1,5,0,4,0,1,4,4,5,2,0,5,1,5,2,5,1,6,3,4,12,1,7,1,1,0,1,1,1
102517,4,4,1,1,5,5,0,3,2,4,5,4,4,1,2,0,4,1,5,1,1,0,3,1,14,6,3,0,0,0,1,0,0
102518,3,2,2,0,2,1,4,5,1,5,5,0,0,1,0,2,5,0,0,0,1,1,3,0,15,1,1,0,0,0,0,0,0
102519,0,3,3,4,1,5,0,1,5,4,4,3,2,2,5,2,1,4,5,5,2,0,3,0,2,6,4,0,0,0,0,0,0
102520,5,1,2,5,4,2,2,0,2,1,2,3,1,3,0,0,0,5,3,1,0,5,1,0,27,4,3,1,0,1,0,0,0
102521,2,5,2,1,3,1,1,2,2,1,1,1,0,2,5,1,5,4,3,3,4,3,2,4,12,3,5,1,0,1,0,1,0
102522,0,3,5,2,3,3,0,0,5,0,0,4,1,5,2,3,1,2,2,5,1,2,0,0,14,6,1,0,0,0,0,0,0
102523,1,1,2,3,3,2,1,0,5,4,1,4,0,2,3,0,1,2,2,0,2,10,2,3,29,2,9,0,0,1,1,0,0
102524,2,3,0,0,1,2,0,4,4,2,2,3,1,5,0,2,0,4,0,2,2,8,1,0,18,4,9,0,0,0,1,0,1
102525,0,2,4,5,1,2,0,2,2,1,0,1,4,3,4,4,0,0,2,1,5,5,1,0,11,2,6,0,0,0,0,0,0
102526,1,0,4,1,0,0,3,5,1,0,2,1,1,2,4,3,2,1,2,1,3,9,3,1,7,6,2,0,0,0,0,0,1
102527,2,5,1,3,1,1,0,3,0,2,4,3,4,0,3,2,3,0,2,5,5,0,1,0,12,0,6,0,0,0,1,0,0
102528,5,5,5,2,3,1,5,3,0,1,0,0,1,4,2,5,5,3,1,1,2,6,1,4,7,6,5,1,1,1,1,1,1
102529,0,5,2,4,2,5,2,5,4,5,1,2,0,3,3,2,2,5,3,1,4,10,2,4,19,5,1,1,1,1,1,1,1
102530,3,2,0,1,4,2,2,2,0,2,5,5,4,5,2,2,4,3,5,0,1,4,2,4,5,5,7,0,0,1,0,1,1
102531,5,1,1,0,4,3,5,1,2,2,1,3,0,5,5,3,5,0,0,4,3,10,3,2,3,3,9,1,0,1,1,1,1
102532,4,0,4,3,3,2,4,4,3,3,4,5,5,3,5,1,2,2,2,2,0,9,0,1,7,3,2,0,1,1,1,0,1
102533,5,4,1,5,0,5,2,4,3,4,3,1,2,1,2,2,3,3,1,0,1,8,3,4,16,5,6,0,0,1,1,1,1
102534,1,1,2,3,0,4,5,1,0,0,4,4,0,2,1,5,2,2,0,1,3,3,2,0,11,4,7,0,0,1,0,0,0
102535,4,5,4,4,1,4,3,4,3,0,4,4,1,0,4,1,4,2,4,5,2,5,1,1,27,3,1,1,1,1,1,1,0
102536,5,5,5,2,1,1,4,5,1,1,3,1,1,0,0,4,0,5,2,1,5,3,2,3,11,4,5,1,0,0,0,1,1
102537,1,0,2,0,0,1,5,1,2,4,5,1,2,2,3,4,5,1,3,4,3,7,0,1,7,2,1,0,1,0,1,0,0
102538,2,5,5,2,4,5,4,5,4,5,1,2,4,1,2,1,2,2,3,0,3,1,2,3,23,3,7,1,1,1,1,1,1
102539,3,0,1,5,2,5,3,0,2,5,1,3,1,5,3,1,0,2,1,2,0,8,0,4,21,2,6,0,1,1,1,1,1
102540,2,2,5,4,4,1,3,5,2,1,3,4,1,5,2,1,1,0,5,3,3,9,1,4,20,0,8,1,1,1,1,1,0
102541,1,2,1,4,1,2,3,5,0,4,4,5,5,1,4,2,3,5,5,0,0,7,3,0,16,4,8,0,0,0,1,0,1
102542,5,5,0,1,0,1,5,5,5,1,4,0,1,1,2,3,0,2,5,4,2,1,2,4,9,0,2,0,0,0,0,1,0
102543,5,3,4,3,0,4,4,2,3,1,5,3,4,4,1,4,4,2,1,5,0,0,2,4,23,1,4,0,0,1,1,1,1
102544,2,5,4,3,2,5,1,5,4,3,3,5,1,1,2,2,5,5,2,4,3,10,0,1,9,0,0,1,1,1,0,1,0
102545,4,3,5,3,2,5,0,3,2,0,4,1,1,1,4,2,3,1,1,4,3,3,3,0,16,4,6,1,1,1,0,1,0
102546,2,4,5,5,2,5,4,0,1,0,0,5,3,4,2,4,4,1,3,0,4,8,1,4,10,3,1,1,1,1,0,1,0
102547,4,5,0,4,5,2,2,5,1,5,0,5,0,2,2,0,0,5,1,2,5,6,2,4,15,2,6,1,1,1,1,1,1
102548,3,5,3,1,3,1,2,5,0,4,4,0,0,5,3,1,5,1,5,3,1,9,3,2,13,2,6,1,1,0,1,1,1
102549,2,2,4,1,4,5,5,1,5,4,2,1,5,3,3,0,2,2,1,2,4,2,3,1,3,6,8,0,1,0,1,1,0
102550,0,2,3,3,0,2,0,1,3,1,1,1,0,1,5,1,2,1,0,5,5,5,2,4,17,0,5,0,0,0,0,0,0
102551,3,5,0,5,2,1,0,3,2,0,4,0,0,0,5,5,1,1,2,4,3,5,2,3,18,5,4,0,1,1,0,1,1
102552,1,4,0,5,3,5,4,2,4,0,2,2,4,4,2,1,2,2,5,5,0,2,3,3,21,5,9,1,0,1,1,1,0
102553,1,5,4,3,3,2,5,3,0,2,0,2,2,2,3,5,0,1,0,4,4,10,1,2,21,1,0,1,0,1,1,1,0
102554,1,3,5,3,5,0,4,2,2,4,3,2,2,2,3,5,3,2,5,5,2,5,3,2,18,4,1,1,1,1,0,1,1
102555,5,5,1,4,2,5,5,1,2,3,0,4,4,4,4,2,1,4,4,4,0,9,2,4,19,6,7,1,1,1,1,1,1
102556,0,4,0,5,2,1,5,1,5,5,5,2,5,1,5,0,5,2,5,0,5,8,2,2,11,3,0,1,0,0,1,0,0
102557,4,4,2,0,5,1,4,3,4,5,1,1,0,5,5,1,1,1,3,5,2,3,3,1,9,5,5,1,1,1,1,1,0
102558,5,1,1,1,2,3,5,2,4,4,1,4,2,3,2,3,1,1,5,5,4,5,1,1,16,6,6,1,0,0,1,1,1
102559,0,3,5,2,3,1,2,0,1,0,5,3,5,5,5,2,3,2,2,3,1,4,3,2,7,0,6,1,1,0,0,0,1
102560,3,4,5,3,0,4,4,3,3,1,0,2,0,4,0,5,0,2,0,1,0,3,2,2,27,2,6,1,0,1,0,1,1
102561,3,4,3,1,0,4,0,4,5,2,4,3,2,3,4,2,3,2,0,2,3,1,2,3,27,5,3,0,0,1,1,0,1
102562,2,5,5,1,0,3,3,0,0,3,5,1,1,0,2,1,3,2,3,0,2,6,3,1,18,3,8,0,1,1,1,0,1
102563,4,1,1,0,2,1,1,1,3,4,0,4,0,4,2,4,3,3,0,0,4,1,1,4,23,2,4,1,1,0,0,0,1
102564,2,1,5,0,5,2,5,2,2,5,5,1,5,0,3,5,3,2,0,2,4,0,2,2,5,6,3,1,0,0,1,0,0
102565,2,5,2,2,0,1,2,5,4,5,3,0,3,4,4,3,4,1,5,1,5,2,2,3,12,6,5,1,0,0,1,1,1
102566,2,5,2,5,5,5,1,2,2,2,1,2,0,5,5,4,3,3,1,1,3,8,0,1,16,6,0,1,1,1,0,1,1
102567,4,1,0,1,5,4,3,5,4,5,5,1,2,3,1,3,4,3,1,1,4,3,3,2,5,4,0,1,0,1,1,0,1
102568,3,2,1,1,0,0,0,4,1,5,4,3,1,5,5,1,5,4,4,4,5,7,1,2,29,4,10,1,0,0,1,0,1
102569,2,5,1,1,0,3,0,5,5,0,5,2,5,3,5,3,1,4,1,2,5,10,2,3,30,3,5,0,1,1,1,0,1
102570,5,1,2,5,5,4,2,3,5,4,5,5,1,3,4,5,5,4,5,5,4,2,1,4,18,3,3,1,1,1,1,1,1
102571,4,4,1,3,3,3,3,1,3,2,3,2,0,3,4,5,3,4,1,5,3,10,3,2,30,5,6,1,1,1,1,1,1
102572,5,0,0,3,1,0,3,4,2,5,0,0,5,0,2,4,2,1,2,4,3,2,3,2,5,1,5,0,0,0,1,0,1
102573,4,1,3,1,5,0,0,0,0,5,4,3,0,0,1,3,4,0,0,4,5,7,0,3,22,3,4,1,0,0,0,0,0
102574,2,4,5,5,3,4,4,4,1,1,4,4,5,0,1,0,4,3,4,4,3,8,3,0,25,0,1,1,1,1,0,1,0
102575,4,3,0,1,3,3,0,1,2,3,4,1,1,5,2,2,4,1,5,1,3,1,2,2,7,0,4,0,0,0,1,1,0
102576,1,3,3,5,4,3,4,4,4,5,1,1,4,0,2,4,2,1,1,1,5,3,3,3,10,5,2,1,1,1,1,0,0
102577,1,5,5,5,1,1,0,3,5,4,4,1,3,3,1,5,0,3,3,3,4,5,3,1,11,6,1,1,0,1,1,1,1
102578,2,1,2,3,2,1,0,1,3,5,4,4,1,1,1,3,3,3,2,4,3,6,0,3,12,2,10,0,1,0,1,1,0
102579,5,3,1,5,0,2,3,2,5,4,0,1,3,2,1,0,4,1,5,3,3,7,3,0,10,4,4,1,0,1,0,1,0
102580,3,3,0,5,3,3,4,3,1,4,0,1,1,4,5,5,4,5,0,1,0,6,0,0,30,6,1,0,1,1,1,0,1
102581,2,4,5,3,5,2,4,4,4,5,0,0,3,5,3,5,0,0,5,0,2,0,1,1,5,0,6,1,1,0,1,1,1
102582,2,1,2,4,3,5,3,2,3,5,4,2,0,0,0,3,1,5,4,1,4,6,3,1,7,3,9,0,1,1,0,0,0
102583,1,3,0,3,4,1,1,0,0,1,1,5,1,3,2,2,4,4,3,5,1,1,0,3,16,2,7,1,0,0,0,0,0
102584,3,2,5,3,1,2,5,0,4,4,4,2,0,0,3,4,0,3,1,2,3,0,1,1,12,1,7,0,0,0,0,0,0
102585,2,3,4,2,3,1,0,3,5,2,5,0,3,1,2,1,5,2,1,5,2,7,3,2,25,2,10,1,0,1,0,1,0
102586,3,5,4,3,5,0,2,5,2,3,0,4,5,4,2,4,4,1,0,5,5,5,2,2,29,0,8,1,1,1,1,1,1
102587,2,2,0,1,0,2,4,2,1,3,4,2,0,0,3,1,4,3,0,0,1,3,3,0,11,3,3,0,1,0,0,0,0
102588,1,4,0,1,1,0,3,0,1,3,4,0,3,1,4,4,1,0,2,1,2,8,3,1,28,3,1,0,0,1,0,0,1
102589,5,5,1,1,4,2,4,1,3,1,0,0,3,3,4,4,3,4,3,3,1,3,0,3,20,1,6,1,1,1,0,1,1
102590,2,4,0,0,0,3,4,5,4,4,0,2,1,1,3,0,1,2,2,5,0,8,2,4,2,6,6,1,0,1,0,0,0
102591,0,5,3,5,1,2,5,4,1,4,4,0,4,2,4,0,0,3,0,1,3,3,0,2,2,6,8,1,1,0,0,0,0
102592,2,3,2,1,5,4,3,0,4,4,0,3,4,3,0,3,0,2,4,2,3,4,0,1,24,5,0,1,1,1,0,0,0
102593,3,1,4,4,0,1,4,1,4,3,1,2,5,5,0,2,1,0,0,2,3,3,3,1,3,5,10,1,0,0,1,1,1
102594,0,5,0,2,2,2,0,4,0,3,5,3,0,0,4,5,5,4,2,0,5,1,1,0,5,3,7,0,0,0,0,0,1
102595,1,3,4,2,1,5,1,3,2,1,4,1,1,3,2,4,0,4,5,3,4,2,1,0,23,4,9,0,1,1,0,1,0
102596,0,1,5,1,2,1,0,1,1,3,5,0,3,3,2,5,5,0,1,4,0,5,3,1,18,0,2,0,0,0,0,0,0
102597,3,1,0,4,1,3,1,4,4,1,1,0,4,2,4,1,3,2,2,3,3,4,2,3,16,2,4,0,1,0,0,1,1
102598,4,1,3,3,1,4,0,5,3,5,4,0,1,0,3,4,4,0,0,4,1,6,2,0,22,3,0,0,0,0,1,0,0
102599,5,5,3,2,4,2,4,5,3,0,3,1,2,4,3,2,3,2,0,4,0,10,2,2,4,6,8,1,1,1,1,1,1
102600,2,0,0,3,0,1,2,4,1,0,5,4,2,1,0,1,3,4,4,5,1,8,3,1,16,1,10,0,0,0,0,0,0
102601,5,4,1,4,0,4,2,2,2,4,1,3,3,0,5,2,5,3,1,5,4,10,1,1,10,3,0,1,0,1,0,0,1
102602,1,3,4,3,1,0,3,0,5,4,0,2,1,2,3,5,0,3,0,1,0,8,0,4,30,3,0,0,1,1,1,0,0
102603,4,0,5,2,4,1,2,2,5,3,2,1,1,1,2,3,3,3,5,0,5,2,3,1,2,0,1,0,0,0,0,0,0
102604,3,3,2,5,2,2,3,0,0,3,3,0,0,3,3,0,5,2,2,0,3,4,0,2,16,1,3,1,0,0,0,1,0
102605,4,4,0,5,0,1,0,3,2,0,3,0,1,3,5,2,3,2,0,4,2,4,3,2,3,2,4,0,0,0,1,1,0
102606,4,4,1,5,3,3,4,3,4,5,5,1,5,1,0,4,1,4,1,2,0,6,2,1,5,0,4,0,1,1,1,0,1
102607,3,3,5,0,3,3,5,2,1,5,4,2,4,5,0,4,1,4,0,2,1,1,0,3,11,5,2,0,0,0,1,0,0
102608,1,2,3,5,2,5,0,0,5,1,5,3,5,5,3,2,4,2,5,1,5,5,1,4,3,6,5,1,0,1,1,0,0
102609,3,0,2,1,0,3,0,3,2,0,4,5,5,1,4,4,3,4,4,1,2,9,1,2,20,5,6,0,0,0,0,0,1
102610,4,0,0,3,5,3,0,0,2,3,2,5,2,5,5,5,3,4,3,3,1,2,2,2,21,5,4,1,0,0,0,0,1
102611,5,2,4,3,5,4,3,1,5,1,4,1,1,1,5,0,0,2,4,1,5,5,2,4,25,4,4,1,1,1,1,1,1
102612,5,3,2,1,5,1,4,5,3,0,1,4,4,2,0,3,1,5,0,3,0,2,1,3,14,6,8,1,0,1,0,0,0
102613,1,0,3,0,5,2,4,5,0,0,4,0,5,3,3,5,2,0,2,4,2,7,2,2,18,3,6,1,0,0,1,0,0
102614,3,5,5,5,1,4,4,3,0,3,4,4,1,1,1,2,2,4,4,2,2,7,0,1,21,1,2,1,1,1,0,1,0
102615,0,3,3,5,2,1,3,2,5,2,1,5,4,3,0,5,3,3,4,3,2,6,0,3,26,2,7,1,0,0,1,1,1
102616,4,1,5,1,5,1,4,0,3,4,0,3,2,0,1,5,3,5,5,5,2,7,0,1,20,3,1,1,1,1,0,0,0
102617,5,5,3,3,2,1,1,3,5,1,5,3,5,3,5,1,2,1,4,4,2,2,1,3,5,1,8,1,1,0,1,1,0
102618,0,1,2,0,5,5,4,2,5,3,4,2,1,5,3,1,4,0,4,1,4,7,2,2,13,2,6,1,1,1,1,1,1
102619,3,5,5,3,3,2,1,4,4,1,0,5,3,1,1,2,3,0,1,1,0,0,0,2,4,1,4,1,1,0,0,0,1
102620,5,1,3,1,5,1,5,0,5,3,1,5,0,0,4,2,4,0,3,1,3,3,0,2,12,2,5,1,1,1,0,0,0
102621,5,2,4,4,0,4,0,4,5,4,2,4,5,3,5,4,1,3,3,3,3,4,3,3,16,4,1,1,0,1,1,0,1
102622,2,2,1,3,4,5,5,4,2,2,3,0,2,1,3,5,0,4,1,2,5,5,2,4,15,3,3,0,1,1,0,1,1
102623,0,5,4,2,4,0,2,2,3,5,2,5,2,4,2,3,5,4,3,1,5,6,1,3,5,3,1,1,0,0,1,1,0
102624,5,1,3,4,1,5,3,0,4,3,1,4,4,1,2,0,5,4,3,3,2,2,1,2,15,6,2,1,0,1,1,1,1
102625,5,5,0,2,4,4,0,2,5,1,4,2,1,0,1,5,1,1,4,3,3,5,2,0,2,5,2,0,1,0,1,0,0
102626,3,2,1,0,1,5,1,2,4,5,4,1,4,1,5,2,4,2,0,3,0,7,0,4,8,2,7,0,0,0,1,1,1
102627,5,1,5,3,5,0,5,4,4,2,3,4,0,4,1,2,1,0,1,2,4,4,0,2,24,1,7,1,1,0,1,1,1
102628,0,3,3,4,5,0,0,1,1,4,5,3,2,0,2,4,4,3,1,4,5,3,3,4,2,1,10,0,0,0,0,0,0
102629,3,4,4,2,0,2,1,0,2,2,2,4,2,5,0,4,0,4,1,1,5,3,3,4,15,0,1,0,0,0,1,0,0
102630,0,2,1,1,3,5,3,5,4,0,3,5,2,1,4,5,2,1,5,0,3,3,3,2,26,0,0,1,0,0,1,1,0
102631,5,0,1,0,2,2,4,1,0,3,1,2,3,1,2,5,3,3,1,0,5,7,3,1,3,1,4,1,0,0,0,0,0
102632,4,2,5,1,5,4,2,0,0,3,5,5,3,4,4,0,4,2,4,5,3,3,0,3,26,0,2,1,1,1,1,1,0
102633,5,3,2,4,1,1,0,5,4,4,2,2,1,5,0,1,1,5,5,1,0,1,0,0,26,5,3,0,1,0,0,0,1
102634,3,0,5,1,4,2,0,4,5,4,2,5,5,1,0,2,3,0,0,0,2,0,3,3,23,3,9,1,1,0,1,0,0
102635,0,0,4,5,0,5,5,1,2,4,4,1,3,5,2,5,2,4,4,0,0,5,3,4,8,3,0,1,1,1,1,0,1
102636,0,5,2,1,1,2,1,2,5,3,1,4,0,4,0,2,2,0,4,3,1,4,1,1,13,4,2,0,0,0,1,0,0
102637,2,0,5,2,5,4,3,4,2,0,2,4,0,0,4,2,4,2,5,1,2,9,2,1,22,2,2,1,0,1,0,1,0
102638,4,2,4,4,2,3,5,4,3,3,5,2,2,2,5,5,1,3,5,3,2,5,0,1,16,5,3,1,1,1,1,1,1
102639,0,4,0,3,4,1,2,2,5,5,0,5,5,1,5,5,4,2,1,4,0,5,0,1,10,0,8,0,0,0,0,1,1
102640,5,1,0,0,5,5,0,1,2,5,0,2,5,0,2,3,3,3,4,1,1,0,1,4,3,2,6,0,0,0,0,0,0
102641,1,2,0,0,5,5,4,0,5,0,5,4,1,5,1,3,4,3,1,1,2,8,0,4,23,3,4,0,1,0,0,0,1
102642,2,0,4,1,0,4,4,5,5,5,1,3,3,4,4,2,4,4,3,2,2,4,2,2,29,4,0,1,0,0,1,0,1
102643,1,4,0,5,1,2,3,4,4,0,4,0,1,5,0,4,4,0,5,2,2,2,1,1,27,3,9,1,0,0,0,1,1
102644,2,3,1,0,4,2,5,5,0,0,4,1,4,3,0,5,2,2,2,2,1,10,1,0,11,0,0,0,1,1,0,0,1
102645,2,5,2,0,5,1,4,4,5,0,1,4,4,4,2,1,2,3,5,5,2,0,0,0,21,1,1,0,1,1,0,0,1
102646,0,5,0,4,5,3,4,1,2,3,1,2,2,3,4,4,5,4,3,0,3,5,3,2,21,0,2,1,1,1,1,1,1
102647,3,2,1,3,4,1,2,1,1,1,5,5,2,0,5,3,3,3,5,4,1,3,2,2,18,1,4,1,1,0,0,1,0
102648,4,0,4,5,0,1,0,1,2,3,5,0,5,0,2,4,5,2,5,2,4,4,0,1,15,5,9,1,0,0,1,0,1
102649,5,2,5,1,4,0,4,2,2,2,1,4,2,5,0,2,5,4,0,5,1,6,3,0,22,2,9,1,1,1,1,1,1
102650,1,0,2,3,1,2,5,5,2,5,2,5,5,3,3,3,4,1,1,2,5,6,3,2,4,1,0,1,1,0,1,0,0
102651,5,3,4,0,4,4,4,4,4,1,5,5,0,1,4,3,4,4,0,0,2,6,1,1,18,0,6,1,1,0,0,0,1
102652,5,0,3,3,3,4,3,2,0,1,1,4,2,4,0,2,0,3,4,2,0,4,1,3,22,5,7,1,1,1,0,0,0
102653,5,5,2,0,1,5,4,4,3,3,3,2,3,3,2,1,4,4,4,4,3,0,0,0,16,4,6,1,0,1,0,0,1
102654,2,3,3,5,5,3,1,5,1,0,2,0,0,5,0,0,3,3,3,2,5,1,3,4,9,5,4,1,1,1,1,1,1
102655,5,1,5,2,5,5,0,2,4,2,5,1,0,2,2,5,3,4,0,0,3,9,2,2,12,5,4,1,1,1,1,0,1
102656,3,5,0,1,3,4,3,5,5,3,1,3,3,4,4,3,5,4,0,5,2,8,1,2,20,6,2,1,1,0,1,1,1
102657,0,4,3,5,4,4,5,0,2,3,2,5,4,5,3,2,1,3,5,4,5,10,0,3,29,1,5,1,1,1,0,1,1
102658,1,2,0,0,0,3,0,1,4,2,4,4,1,2,3,2,1,2,1,5,3,8,0,0,26,1,2,0,0,0,0,0,0
102659,4,0,5,4,1,0,0,1,1,0,4,3,5,5,1,2,1,2,3,5,2,3,1,0,20,1,10,1,0,0,0,0,0
102660,0,2,3,3,0,2,4,1,5,1,0,5,1,4,4,2,0,5,5,4,0,8,1,3,12,5,3,0,0,0,1,0,1
102661,2,3,0,4,1,5,2,1,3,0,0,1,0,0,4,2,1,3,1,2,3,5,1,1,17,5,6,0,0,0,0,0,0
102662,4,4,3,1,2,4,5,2,3,5,5,1,2,0,0,5,3,2,1,5,0,2,1,3,26,1,6,1,1,1,1,1,1
102663,0,1,2,5,2,0,2,4,0,3,4,0,0,0,4,2,2,1,1,0,4,4,3,3,15,4,1,0,0,0,0,0,0
102664,2,4,0,2,1,0,3,3,3,1,0,3,2,2,1,4,1,0,2,1,4,6,1,3,12,1,8,0,0,0,0,1,1
102665,1,1,5,2,3,3,0,2,4,1,3,1,0,4,5,2,5,1,3,2,3,5,1,0,29,2,2,0,1,0,0,0,1
102666,3,1,2,2,1,5,5,2,3,0,1,1,5,4,5,4,4,3,1,1,3,5,3,1,12,4,5,1,0,0,1,1,1
102667,1,2,0,1,2,4,1,1,0,2,2,0,3,4,4,0,1,0,1,0,5,2,1,0,14,6,5,0,0,0,0,0,0
102668,5,0,3,1,5,5,2,4,4,0,3,5,0,2,3,4,5,4,3,2,1,7,2,0,28,1,3,1,1,0,0,1,1
102669,0,2,2,0,3,0,3,4,3,4,3,1,5,0,2,1,3,2,0,1,0,4,2,4,11,1,0,0,0,0,1,0,1
102670,5,2,3,2,0,5,5,3,5,1,2,5,1,0,4,2,2,2,0,4,5,7,3,2,22,4,3,1,1,1,0,1,1
102671,4,1,0,2,1,0,4,4,5,0,4,1,3,0,3,3,2,3,3,4,1,1,0,1,16,2,5,0,0,0,0,0,0
102672,5,4,4,2,4,5,4,4,1,0,3,0,3,0,1,3,4,1,2,4,5,4,2,3,19,5,8,1,1,1,0,1,0
102673,5,1,2,5,1,5,0,4,1,0,4,5,2,5,3,0,2,3,5,3,0,10,2,0,19,1,4,1,1,0,1,1,1
102674,1,4,2,0,5,3,0,0,5,2,3,1,3,1,3,3,4,3,2,3,2,8,2,1,6,6,0,0,0,1,0,0,1
102675,5,4,4,5,1,3,4,0,0,0,2,4,0,1,5,0,2,1,1,2,4,6,3,1,14,2,10,1,1,1,0,1,0
102676,3,3,3,5,3,2,5,2,5,0,1,0,1,4,4,1,4,4,4,1,1,6,1,3,3,0,2,1,1,1,1,1,1
102677,5,1,0,0,2,3,3,0,0,1,0,1,4,1,5,2,4,1,0,1,1,0,3,3,15,6,5,0,0,0,0,0,0
102678,5,4,3,4,3,4,5,0,2,3,3,2,1,4,1,3,0,3,1,1,2,8,2,0,22,0,6,1,1,1,1,1,0
102679,3,1,3,1,4,1,1,0,0,1,3,4,1,2,3,3,0,0,4,3,4,1,1,0,18,2,0,0,0,0,0,0,0
102680,2,1,1,0,0,1,2,0,5,2,5,0,1,4,1,2,4,2,2,1,4,7,2,3,14,3,6,0,0,0,1,0,1
102681,0,5,1,5,2,5,1,1,3,2,1,3,0,1,1,0,1,2,2,2,4,2,3,4,9,4,10,1,0,1,0,1,0
102682,0,2,0,0,3,5,4,1,5,3,0,4,5,5,0,0,4,2,3,2,1,8,0,4,3,4,7,1,1,1,1,0,0
102683,2,4,5,1,1,3,4,4,0,0,5,0,5,4,3,2,2,5,3,3,4,7,2,2,11,6,8,1,1,1,1,1,0
102684,4,0,0,0,2,1,1,5,0,5,3,2,1,1,5,5,0,4,4,2,2,6,0,1,4,5,1,0,0,0,0,0,1
102685,3,3,3,0,5,5,5,1,3,0,0,5,5,3,3,4,2,4,3,3,2,2,0,2,28,0,4,1,1,0,0,1,1
102686,2,5,5,0,1,5,0,2,0,5,1,3,2,4,5,2,5,1,4,4,5,6,0,0,2,0,10,1,0,1,1,1,0
102687,1,4,2,5,1,1,4,3,3,1,5,4,1,5,4,1,5,2,4,3,5,6,0,3,10,5,6,1,1,1,1,1,1
102688,3,3,1,0,3,3,1,1,4,2,5,4,5,2,0,2,2,2,0,4,5,1,2,2,16,4,9,1,0,1,1,0,1
102689,3,5,4,4,0,2,4,1,2,0,3,2,0,5,4,2,3,4,3,1,3,5,3,0,12,3,7,1,1,0,1,1,1
102690,5,1,3,0,0,5,2,4,4,2,0,4,0,4,4,3,4,3,2,1,2,5,2,2,24,3,7,1,1,0,1,0,1
102691,4,2,0,5,5,4,1,2,0,5,3,5,2,2,4,3,2,0,2,4,0,2,3,3,20,6,6,1,1,1,0,1,0
102692,3,0,3,5,1,2,0,4,1,4,0,1,5,4,3,2,4,2,1,4,5,9,1,0,23,1,3,0,0,0,1,0,1
102693,5,4,0,3,0,5,3,0,0,3,2,0,1,3,3,3,5,3,4,3,1,6,3,1,26,6,7,1,1,1,1,1,0
102694,2,4,2,4,3,3,0,2,2,2,2,4,4,5,5,5,4,2,0,2,2,3,0,0,9,1,8,0,0,0,0,0,1
102695,5,4,1,1,2,2,2,1,2,5,4,1,5,0,5,2,3,0,0,0,2,8,2,4,29,3,5,0,0,1,1,0,1
102696,2,4,5,4,2,5,5,1,3,4,4,3,2,4,3,0,0,0,1,0,2,4,0,0,21,6,5,1,1,1,0,1,0
102697,0,0,5,1,2,2,5,2,0,1,2,0,0,4,4,5,4,5,5,4,2,1,2,0,6,1,7,1,0,0,0,1,0
102698,2,3,4,3,0,2,2,1,2,3,0,1,5,0,1,4,3,3,3,3,1,6,1,4,29,5,8,0,0,0,1,0,1
102699,0,4,4,5,5,2,4,4,4,2,0,4,4,3,3,3,2,0,2,2,2,6,2,2,28,0,5,1,0,1,1,1,1
102700,0,1,0,4,0,1,4,1,0,1,4,0,0,4,5,0,1,5,4,4,1,3,1,1,25,1,3,0,0,0,0,0,0
102701,5,2,0,1,2,1,3,5,4,3,3,2,3,5,5,5,2,5,0,3,4,1,0,3,16,1,0,0,0,0,1,0,0
102702,4,5,4,4,1,0,1,2,1,2,2,4,5,0,5,1,2,5,5,4,4,2,2,2,14,0,5,1,1,1,1,1,1
102703,1,2,2,5,3,4,4,3,5,0,4,2,3,1,0,5,0,3,2,2,0,6,2,3,16,0,7,1,1,0,0,0,0
102704,5,4,3,5,3,3,0,1,4,5,5,0,1,3,3,1,0,4,2,1,4,9,3,3,23,5,0,0,0,1,1,1,1
102705,0,3,4,4,2,5,3,5,2,3,0,3,5,3,3,0,1,5,5,4,3,2,3,1,8,4,9,0,1,1,1,1,0
102706,1,3,2,4,3,3,4,3,0,3,5,0,2,0,2,2,3,2,1,2,3,0,2,1,6,2,5,1,0,0,0,1,0
102707,4,3,4,4,1,0,3,4,2,5,1,3,0,4,0,2,0,5,1,4,2,7,2,4,16,5,7,1,1,1,1,1,0
102708,1,3,4,4,0,3,2,5,3,4,4,2,0,2,4,5,4,4,3,4,3,2,2,3,24,0,0,1,1,1,1,1,1
102709,4,4,1,0,5,1,2,5,2,5,3,3,2,2,4,0,0,3,1,2,0,7,3,3,26,1,6,1,1,1,1,1,1
102710,5,5,4,4,3,0,2,1,3,4,4,5,2,4,0,1,1,5,3,0,1,6,1,0,8,4,2,0,1,0,1,0,0
102711,0,1,1,1,3,3,4,1,4,1,0,5,3,3,2,3,5,2,3,5,3,4,1,1,12,5,9,0,0,0,0,1,0
102712,0,5,1,3,5,0,5,1,5,2,3,4,1,1,5,3,0,1,3,5,5,9,1,4,12,3,9,1,1,1,1,1,0
102713,5,3,4,2,5,2,4,3,2,3,5,2,0,2,1,5,1,5,2,5,1,5,1,1,22,2,4,1,1,0,0,1,1
102714,3,3,5,1,3,5,1,5,5,1,4,4,1,0,5,2,5,2,4,0,4,1,2,2,19,1,8,1,1,1,1,1,1
102715,3,1,0,1,4,1,0,4,1,1,4,0,0,5,0,3,0,4,4,2,5,3,0,4,11,3,5,0,0,0,1,1,0
102716,2,2,3,0,3,4,2,3,5,3,1,1,0,1,1,1,1,5,2,1,5,3,2,2,18,6,4,0,1,1,1,0,0
102717,2,3,3,2,1,2,5,2,0,2,1,2,3,2,5,2,3,0,1,3,4,2,3,4,9,6,7,1,1,0,0,1,1
102718,4,2,3,2,3,0,3,4,3,0,4,5,1,1,0,2,1,4,1,3,4,8,0,2,18,5,4,1,1,0,0,0,0
102719,3,1,4,2,5,1,1,2,4,3,2,2,0,2,3,3,3,4,0,4,3,6,0,4,29,0,3,1,1,1,1,1,1
102720,0,4,0,0,5,0,0,5,0,3,3,2,0,1,0,5,5,5,3,2,2,1,3,1,24,1,1,1,0,0,1,0,0
102721,3,2,4,3,3,0,1,3,2,4,1,5,4,0,1,1,2,1,5,3,5,3,1,4,19,2,4,1,1,0,0,0,0
102722,4,3,1,1,5,0,4,3,1,0,4,5,4,4,5,4,2,5,3,3,4,0,3,2,8,6,9,0,0,1,0,1,1
102723,0,0,0,5,1,5,4,4,4,2,2,0,0,2,2,1,1,0,4,5,5,0,2,1,5,5,0,0,0,1,0,1,0
102724,2,0,2,0,0,4,2,4,2,5,2,3,3,4,4,2,1,1,2,2,0,0,3,0,27,2,2,0,0,0,0,0,0
102725,4,5,0,0,2,2,2,2,0,1,5,4,3,1,5,0,3,3,5,0,0,0,1,4,17,3,0,0,1,0,0,0,1
102726,3,0,3,1,1,4,1,2,0,4,3,3,3,3,2,1,0,3,1,5,2,9,3,4,3,1,0,0,0,1,0,1,0
102727,0,4,3,2,5,1,5,2,0,2,2,5,4,1,4,4,0,5,3,1,0,2,3,1,15,4,8,0,1,1,0,0,0
102728,0,5,3,5,0,3,2,5,0,1,2,5,4,1,5,3,4,0,5,5,3,8,0,4,6,0,7,1,1,1,0,1,1
102729,3,2,0,3,3,1,4,0,2,4,3,1,4,5,2,5,2,5,0,5,5,7,0,0,17,0,9,1,1,0,0,1,1
102730,2,5,4,2,4,3,2,4,1,4,2,5,0,3,5,1,4,3,4,4,1,5,1,1,30,4,9,1,0,0,1,1,1
102731,5,2,0,5,0,2,3,5,1,5,1,2,5,0,0,2,5,4,2,2,5,10,1,4,7,3,7,1,1,1,1,1,1
102732,3,5,1,1,0,5,3,0,2,4,2,0,1,5,5,0,1,0,3,3,4,9,0,4,23,4,9,1,1,1,1,1,0
102733,5,1,2,5,3,5,2,3,2,1,1,2,4,4,2,1,2,1,4,5,0,7,3,3,19,2,8,1,1,1,1,1,1
102734,1,2,4,2,5,2,5,3,3,4,4,1,4,2,3,0,3,2,1,2,2,1,3,3,6,3,10,0,1,0,1,1,1
102735,2,2,2,1,0,0,2,2,2,0,3,5,2,1,1,1,4,3,5,1,2,1,1,1,10,4,8,1,0,0,0,0,0
102736,0,4,4,1,0,1,4,0,5,2,1,3,2,2,4,0,0,3,5,3,5,0,3,1,15,3,1,0,0,1,0,0,0
102737,3,0,5,0,5,1,5,4,2,1,0,1,5,4,1,4,3,0,3,5,3,5,3,4,25,5,0,1,1,0,0,1,1
102738,1,4,4,4,3,2,2,3,2,3,5,0,3,2,0,5,1,4,3,4,4,5,1,1,2,3,10,0,1,1,1,1,1
102739,2,0,0,3,4,3,1,4,2,4,5,2,1,1,0,0,2,1,4,2,2,5,0,1,17,1,7,0,0,0,1,1,0
102740,2,1,4,3,1,5,5,0,0,3,4,1,0,1,0,2,4,1,1,4,1,8,0,2,17,0,0,0,1,0,0,0,0
102741,1,3,1,3,1,0,4,5,4,1,4,2,0,5,3,5,0,0,2,5,4,0,3,3,17,0,6,1,0,0,1,1,0
102742,0,0,5,0,2,3,4,3,3,2,5,1,2,1,3,0,5,5,2,0,0,0,1,1,30,3,8,1,1,0,1,0,0
102743,3,2,5,5,1,1,5,2,2,0,3,3,3,3,1,4,2,4,0,4,2,8,2,1,21,6,7,0,1,0,0,0,1
102744,5,5,0,3,2,3,0,2,2,3,5,3,2,4,0,3,4,0,2,4,0,3,0,3,20,6,7,0,0,1,1,1,0
102745,1,4,0,4,5,3,5,5,3,4,5,4,4,0,1,4,1,0,5,3,0,8,0,0,11,5,10,0,1,1,1,1,0
102746,2,0,4,0,4,4,0,3,5,1,2,3,4,0,0,2,4,3,0,1,0,1,0,1,19,5,4,0,0,0,0,0,0
102747,1,3,0,4,5,3,0,3,2,3,1,4,4,1,1,0,5,3,5,4,0,8,2,2,28,2,6,1,0,1,1,1,1
102748,4,3,5,4,2,1,1,3,2,5,5,1,5,3,0,3,4,5,2,3,1,7,0,4,26,4,8,1,1,1,1,1,1
102749,2,0,3,2,4,5,0,1,0,0,4,0,0,5,1,5,5,5,1,5,5,1,3,2,9,3,4,1,0,0,0,0,1
102750,5,3,3,5,2,2,0,1,1,5,2,3,3,2,2,3,0,5,1,4,0,2,0,4,18,6,3,0,1,1,0,0,0
102751,1,3,5,3,3,2,0,4,4,1,5,5,2,1,1,0,5,5,1,1,5,4,0,2,14,0,5,0,1,0,1,0,0
102752,0,4,1,5,4,3,2,1,4,1,0,2,4,1,2,0,3,3,2,5,2,6,3,2,20,6,0,0,1,0,1,0,0
102753,3,1,3,4,4,1,2,0,4,4,4,4,4,4,1,2,1,5,1,2,4,5,2,3,18,2,2,0,1,1,1,1,1
102754,3,1,5,1,5,5,2,2,2,2,0,5,3,3,5,4,4,0,3,0,3,0,0,2,10,4,3,0,0,1,0,0,0
102755,5,4,0,5,0,0,1,0,5,2,0,0,4,3,0,1,2,3,4,0,4,6,0,1,27,2,2,0,0,0,0,1,0
102756,5,4,1,4,4,0,5,3,3,1,0,0,5,1,2,2,4,0,2,1,4,4,1,1,18,0,9,0,1,1,0,1,0
102757,5,0,0,1,4,5,1,3,0,0,0,3,3,3,1,5,4,4,5,1,4,4,1,3,29,6,4,1,1,1,1,1,1
102758,3,1,2,4,4,2,2,5,0,5,1,5,4,1,3,5,4,4,0,0,5,0,0,4,23,0,3,1,0,1,0,1,1
102759,2,3,0,2,0,5,0,3,2,0,2,4,0,5,2,5,5,5,0,5,5,1,1,4,19,0,10,1,0,0,0,0,1
102760,2,4,1,5,2,5,1,2,2,0,2,5,1,3,4,3,1,0,5,4,0,9,1,4,16,5,3,1,1,1,0,1,1
102761,0,1,5,1,5,5,1,3,0,4,2,0,5,0,4,5,1,4,5,0,1,1,0,4,4,6,4,0,0,0,0,0,0
102762,2,1,2,1,5,4,5,3,0,4,5,3,1,3,4,2,3,0,0,1,5,7,1,3,13,4,4,1,1,1,1,1,1
102763,2,4,2,2,1,4,1,4,3,1,3,4,0,0,2,5,1,0,2,5,4,7,3,0,19,1,9,1,0,1,1,0,0
102764,0,4,2,2,2,3,3,5,4,4,1,4,5,5,1,2,4,2,2,0,3,6,1,0,8,4,5,1,1,0,0,0,1
102765,1,5,5,3,5,4,3,0,1,4,0,0,2,2,3,5,5,5,0,0,2,2,0,3,21,3,7,1,1,1,0,0,1
102766,3,4,2,1,5,1,0,4,1,1,5,0,3,4,4,3,2,1,4,0,3,3,3,2,9,3,1,1,0,1,1,1,1
102767,2,5,2,4,1,4,2,4,3,0,1,5,4,5,1,5,4,1,2,4,4,6,0,0,20,0,0,1,0,1,0,0,0
102768,5,1,5,0,4,1,0,1,0,4,4,2,2,2,5,2,2,4,5,4,1,0,2,3,28,0,9,1,1,1,1,1,0
102769,2,1,0,1,5,2,1,2,5,4,4,1,0,0,2,5,5,5,2,3,5,9,0,0,8,3,7,1,0,0,0,1,0
102770,5,1,2,3,0,2,4,2,3,2,5,1,4,0,4,3,0,3,3,0,2,4,1,4,5,0,2,0,1,0,0,0,1
102771,3,0,4,1,0,4,3,2,2,1,0,1,3,1,0,4,5,2,5,3,4,3,2,4,30,6,0,1,0,0,0,1,0
102772,0,4,3,2,0,1,2,5,3,2,4,3,1,1,1,5,3,5,1,2,2,2,1,4,20,1,3,0,0,1,1,0,1
102773,1,3,5,3,0,1,1,1,0,1,4,3,3,4,2,0,5,3,2,1,5,10,2,1,28,5,3,0,1,0,0,1,1
102774,4,0,5,1,4,4,3,2,1,5,5,5,4,0,4,2,4,2,3,0,2,5,1,3,23,4,4,0,0,0,1,1,0
102775,3,1,2,5,2,2,5,3,3,1,4,2,5,4,1,0,4,1,4,0,2,4,1,1,5,3,1,0,0,0,0,0,0
102776,1,1,4,5,4,4,5,1,5,2,0,0,3,1,4,1,2,5,2,3,2,1,1,0,7,3,1,0,1,1,0,0,0
102777,3,2,1,5,0,5,1,4,5,3,2,3,0,0,4,0,3,2,0,4,3,10,0,2,21,0,3,0,0,1,0,0,0
102778,5,2,1,2,3,5,4,3,3,0,2,2,5,0,1,2,4,5,4,0,0,6,0,2,6,0,8,0,1,1,0,1,1
102779,2,1,5,2,4,2,1,1,2,3,2,1,2,4,5,2,4,1,4,1,1,2,2,1,28,2,4,1,1,1,0,0,1
102780,0,5,0,5,5,1,5,1,5,3,2,4,3,4,4,0,5,3,2,1,1,9,1,4,8,2,5,1,0,1,1,1,1
102781,1,1,2,4,1,5,2,0,0,3,4,5,5,5,3,2,0,2,4,5,4,5,3,1,8,2,4,0,1,0,1,1,0
102782,5,3,3,4,3,1,4,3,1,3,1,2,1,3,0,2,1,1,0,5,4,4,3,1,17,1,6,1,1,1,1,1,0
102783,4,2,2,1,2,4,3,4,2,2,2,4,0,3,3,0,2,5,3,0,3,8,2,4,15,1,3,0,0,1,1,0,1
102784,5,2,5,5,2,4,4,5,3,3,2,3,5,0,1,5,3,0,3,0,1,0,2,3,7,2,4,1,1,0,1,1,1
102785,5,4,1,3,3,2,5,3,4,5,3,4,0,0,2,1,3,0,0,5,0,5,3,4,27,5,10,1,1,1,1,1,0
102786,0,5,3,4,3,0,0,5,2,2,2,2,2,3,0,1,2,5,0,0,4,6,0,4,10,3,8,1,1,0,1,1,1
102787,1,0,0,4,4,2,5,5,5,2,5,1,4,3,4,0,0,1,5,1,3,9,0,0,16,2,9,0,0,0,1,0,0
102788,0,2,1,0,0,0,2,3,2,4,5,3,4,4,0,0,1,3,3,4,2,10,3,1,12,3,4,0,0,0,0,0,0
102789,0,0,1,0,1,2,0,2,3,0,2,2,0,3,3,4,4,0,5,0,2,5,3,2,24,1,2,0,0,0,0,0,0
102790,5,2,4,0,3,2,2,5,0,1,1,0,1,0,0,0,3,1,1,1,5,10,1,0,3,5,10,1,0,1,0,0,0
102791,5,3,1,3,3,3,0,3,0,0,4,4,4,3,1,0,0,5,3,4,3,5,2,2,18,5,6,0,0,1,0,1,0
102792,0,2,4,5,5,1,3,4,1,2,5,3,2,0,5,3,2,2,5,1,2,4,2,4,2,0,9,0,1,0,0,1,0
102793,4,1,2,0,4,5,2,1,0,0,5,3,3,5,1,2,2,5,2,3,1,5,1,2,8,1,10,1,0,0,1,0,0
102794,3,1,3,0,0,0,2,5,5,1,1,3,4,2,0,4,3,5,3,0,5,4,1,4,2,1,5,0,0,0,1,1,1
102795,0,1,5,2,2,5,2,2,3,2,0,5,5,2,5,4,4,5,5,5,2,5,3,0,16,6,1,0,0,1,0,1,1
102796,5,1,5,2,5,1,3,5,5,3,3,1,4,0,0,4,3,5,0,3,0,3,3,2,27,3,8,1,0,1,1,1,1
102797,5,2,0,0,5,2,4,2,1,2,1,0,1,1,5,0,5,2,3,3,1,10,3,1,13,2,0,0,0,1,1,0,0
102798,3,4,4,3,4,5,2,5,0,4,1,3,5,0,4,3,2,1,3,2,0,9,2,4,28,5,0,1,1,1,1,1,1
102799,4,0,5,5,2,3,0,4,1,4,0,5,3,0,2,5,4,4,5,3,0,8,0,3,8,2,5,1,1,0,0,1,1
102800,2,0,4,1,0,0,3,1,0,0,5,2,4,3,3,4,0,3,4,5,1,2,2,2,18,6,8,0,0,0,0,0,1
102801,4,3,1,0,1,3,5,0,1,4,0,2,3,2,3,5,1,0,1,5,2,9,1,4,6,1,5,1,0,0,0,1,0
102802,2,4,3,1,5,3,2,0,0,0,3,3,1,3,3,5,5,4,0,0,5,6,3,1,3,3,0,0,1,0,0,1,0
102803,5,1,3,1,2,5,0,2,1,1,5,2,3,4,1,5,0,5,1,2,4,7,3,1,6,0,6,1,0,0,1,0,1
102804,0,1,3,2,4,3,5,0,3,4,0,3,5,4,5,2,5,4,4,5,4,5,3,1,17,6,3,1,1,1,1,1,1
102805,1,3,2,0,0,5,2,3,5,3,3,5,4,5,2,1,3,2,1,4,5,7,2,4,23,4,0,1,0,1,1,1,1
102806,5,2,3,2,2,3,2,3,1,1,5,2,5,0,3,3,1,3,4,0,1,0,1,4,27,4,4,0,0,1,1,0,0
102807,1,4,3,0,5,1,1,4,5,0,2,2,0,0,4,1,0,0,5,5,5,9,1,0,16,4,1,0,1,1,0,0,0
102808,1,0,2,4,1,3,4,5,4,1,1,4,5,5,4,3,5,4,4,1,0,5,2,2,26,5,0,1,0,1,1,1,1
102809,4,0,4,2,0,5,0,4,0,4,4,4,1,5,2,5,1,5,0,0,0,5,2,2,15,3,3,0,0,0,0,0,1
102810,1,3,4,0,1,0,3,5,0,3,5,2,5,0,2,2,5,4,2,0,4,6,1,0,19,2,4,0,0,1,1,0,0
102811,3,2,1,0,0,2,2,3,0,0,3,3,3,0,3,2,5,2,1,1,2,10,3,1,28,5,8,0,0,1,1,0,0
102812,1,4,3,2,3,0,2,5,4,2,0,2,4,1,3,3,1,3,3,4,5,3,2,2,5,2,5,1,0,0,1,0,1
102813,1,3,4,3,1,5,1,4,4,1,4,2,4,3,4,3,4,0,2,1,0,3,1,2,30,5,9,1,0,1,0,0,0
102814,5,2,2,1,1,3,4,4,5,0,1,2,4,0,4,3,2,2,2,1,1,1,1,0,11,5,8,0,0,0,0,0,0
102815,1,0,4,1,3,4,2,2,3,0,5,0,1,2,3,2,3,3,3,3,5,6,0,3,4,1,9,0,1,0,0,1,1
102816,0,0,0,3,1,5,5,3,0,4,1,2,3,1,2,0,0,4,2,0,0,4,2,0,30,3,2,0,0,0,0,0,0
102817,4,4,2,2,3,4,4,5,5,0,3,1,3,5,2,1,2,5,5,2,5,2,1,3,6,2,5,1,0,1,0,1,1
102818,5,1,4,0,5,2,4,2,5,1,4,4,1,4,0,0,2,4,0,3,5,10,3,3,25,3,1,1,1,1,1,1,1
102819,0,3,5,2,5,5,2,3,4,5,2,3,0,3,1,0,3,0,4,3,1,4,0,2,13,0,9,1,1,0,1,1,0
102820,4,4,3,1,4,2,5,3,5,4,4,4,4,0,2,4,1,1,2,1,2,10,2,3,22,5,8,1,1,1,1,0,1
102821,3,5,3,5,5,5,3,1,1,3,5,1,2,1,3,0,2,5,4,1,1,8,0,1,24,6,10,1,1,1,1,1,1
102822,4,1,2,4,4,5,2,0,3,4,3,0,1,1,2,0,0,3,4,3,1,4,2,2,11,4,0,0,0,0,1,0,0
102823,0,0,4,1,0,1,2,4,3,0,4,2,2,5,0,1,1,4,5,1,4,5,2,4,16,3,2,0,0,0,1,0,0
102824,5,4,2,1,5,4,5,4,1,1,0,2,2,3,1,3,3,3,0,2,5,8,1,3,7,1,6,1,1,1,1,0,1
102825,3,4,0,0,3,4,1,3,5,2,1,2,5,2,1,0,3,0,2,5,4,2,3,0,8,5,4,0,1,0,1,0,0
102826,5,1,1,4,0,4,5,3,3,4,2,0,2,0,4,0,0,5,0,0,4,8,3,2,14,0,4,1,1,0,1,1,1
102827,2,3,3,5,3,1,1,0,5,0,0,1,0,4,5,5,3,5,2,5,0,9,0,3,2,3,8,0,1,1,0,1,1
102828,5,1,5,1,1,3,4,1,1,3,2,4,1,3,4,4,2,2,1,5,1,10,1,0,8,0,6,0,1,1,0,1,0
102829,3,4,2,3,3,0,1,4,2,0,0,5,5,1,2,1,1,1,3,5,1,7,2,2,28,5,1,1,0,0,1,1,1
102830,0,4,5,1,3,5,5,3,5,5,2,5,4,5,0,3,5,1,1,1,2,7,1,3,11,5,9,1,1,1,1,1,1
102831,5,1,4,5,0,5,5,1,1,1,0,3,0,4,5,4,4,4,2,2,1,9,1,2,30,4,7,1,0,1,1,1,1
102832,4,2,3,1,2,3,4,3,3,4,2,3,2,0,2,1,4,1,3,0,2,3,0,3,25,3,8,1,1,1,1,0,0
102833,1,2,4,0,0,0,5,0,4,3,2,3,1,0,4,3,2,3,0,2,3,5,1,4,18,0,9,1,0,0,1,0,1
102834,3,0,2,5,0,3,3,4,4,2,2,2,3,0,1,5,4,5,4,3,2,10,0,2,6,2,2,1,0,0,0,0,1
102835,2,0,2,5,1,2,5,0,4,4,5,1,3,1,1,0,2,3,2,4,4,1,3,4,25,2,3,0,0,0,0,1,0
102836,3,5,4,2,4,4,3,5,3,3,3,0,3,2,3,0,1,3,0,4,4,3,0,3,9,0,8,1,1,1,0,1,0
102837,5,2,3,5,2,0,0,1,0,2,0,0,2,5,4,5,2,2,0,1,2,7,0,4,21,2,9,1,0,1,0,0,1
102838,5,0,3,1,0,2,2,1,1,3,3,1,4,5,0,5,3,1,4,2,0,1,1,0,9,1,2,0,0,0,0,0,0
102839,1,0,2,1,4,2,0,5,4,1,5,2,4,5,2,4,3,1,5,0,5,8,1,4,16,3,2,0,0,0,1,0,1
102840,5,2,5,3,3,5,3,4,3,4,1,3,1,5,5,5,1,2,4,5,2,5,0,1,28,4,0,1,1,0,0,1,0
102841,2,5,0,3,0,1,0,2,2,4,0,5,4,0,3,4,3,2,1,4,2,7,2,0,18,3,7,0,0,0,1,1,1
102842,4,2,0,2,3,5,1,1,5,2,5,5,3,4,0,3,2,0,2,0,3,10,2,2,4,1,3,1,1,1,1,1,0
102843,4,5,2,4,1,5,5,0,2,3,1,1,2,5,3,0,1,5,1,5,4,10,2,4,8,1,2,1,1,1,1,1,1
102844,2,2,0,4,3,3,4,2,2,4,4,3,1,3,4,5,3,0,1,1,3,7,0,1,15,3,0,0,0,0,0,1,1
102845,2,4,2,0,5,1,2,3,2,3,2,3,3,5,5,1,1,1,5,5,5,3,0,0,4,1,5,0,0,0,1,1,0
102846,2,4,3,5,1,1,3,2,2,1,4,5,5,2,1,4,2,2,0,3,0,6,2,1,28,3,10,0,1,1,1,0,0
102847,5,0,2,0,4,0,3,5,3,1,4,2,2,4,1,0,5,5,2,3,4,7,3,2,4,5,8,1,0,0,1,1,0
102848,2,0,1,3,0,4,2,4,5,5,4,2,0,4,4,2,3,4,0,4,4,3,2,3,26,4,0,1,0,0,1,1,1
102849,1,5,1,2,2,4,4,1,5,4,4,4,1,1,5,3,3,0,2,1,4,7,2,4,24,2,0,1,1,1,1,1,0
102850,2,5,3,2,5,1,0,5,2,1,3,0,5,4,1,0,3,4,1,0,3,8,1,3,21,5,0,1,1,1,1,1,1
102851,1,0,5,0,0,4,2,2,2,4,1,0,4,2,0,2,0,2,2,4,1,5,0,3,12,5,2,0,0,0,1,0,0
102852,2,3,4,2,5,3,1,0,5,0,5,3,0,1,4,0,0,0,3,3,5,1,1,0,22,6,7,1,1,1,0,1,0
102853,0,5,3,0,0,4,4,5,3,4,1,1,4,0,4,2,2,2,1,3,4,7,0,4,10,3,1,0,1,1,1,0,0
102854,0,5,0,5,2,0,3,4,1,1,2,1,0,4,5,0,0,4,2,4,2,1,1,4,22,6,7,0,0,0,0,0,1
102855,4,1,1,0,1,1,4,2,3,1,1,4,1,4,4,1,1,2,1,4,5,2,1,0,14,4,1,0,0,0,0,0,0
102856,0,4,2,2,0,4,2,5,4,5,2,1,5,4,5,3,0,4,3,0,5,9,0,2,5,3,9,0,1,0,1,0,1
102857,3,3,1,1,2,2,1,5,2,0,1,0,3,5,4,2,3,5,4,0,2,0,3,4,23,2,1,0,1,1,1,0,1
102858,4,5,4,1,3,5,0,5,3,4,4,0,3,5,5,0,5,1,5,0,0,5,1,3,3,4,9,1,1,1,1,1,1
102859,4,0,2,2,4,5,5,5,4,2,2,5,1,1,4,4,0,3,5,2,1,4,2,2,15,4,4,1,1,1,0,1,1
102860,2,3,5,5,1,0,1,1,0,2,5,3,1,4,2,2,5,0,0,3,5,9,2,2,2,4,7,1,0,1,1,1,0
102861,1,0,1,2,2,2,4,3,5,2,0,0,0,1,0,1,2,2,4,4,5,2,3,1,6,2,7,0,0,0,1,0,0
102862,5,2,2,5,1,4,2,1,0,5,2,1,3,4,2,1,0,4,5,2,4,0,2,2,16,3,3,0,0,1,0,0,0
102863,5,0,4,4,4,0,1,4,0,3,3,1,2,2,1,0,1,2,0,0,0,5,1,1,12,4,10,1,1,0,0,0,0
102864,3,2,1,2,1,5,1,2,1,1,5,5,0,5,5,5,2,3,1,2,2,7,3,3,22,4,6,1,0,1,1,0,1
102865,0,4,4,5,5,0,4,5,0,0,4,3,1,0,2,4,2,2,0,3,3,0,3,3,20,5,0,0,1,0,0,0,0
102866,0,3,3,2,1,0,1,5,3,1,3,5,0,1,5,0,1,2,2,5,0,1,2,2,15,5,7,0,0,0,1,0,0
102867,1,1,3,3,3,3,1,1,3,0,5,2,0,3,2,5,5,4,4,1,3,3,0,0,24,6,2,0,0,0,0,0,0
102868,0,2,2,4,1,1,4,1,2,0,2,4,0,3,2,4,3,3,4,0,4,1,2,3,2,5,6,0,1,0,0,0,0
102869,5,2,5,3,5,3,3,0,5,5,5,0,1,5,4,4,1,1,4,3,4,4,3,0,9,1,1,1,0,1,0,1,0
102870,1,4,4,4,1,2,4,3,1,2,5,2,1,5,2,0,1,4,4,4,2,2,1,2,22,1,3,1,0,0,1,1,0
102871,1,1,1,0,5,1,0,2,5,5,5,2,1,1,4,1,2,4,4,2,4,9,3,0,30,0,6,1,0,0,1,1,1
102872,5,0,3,2,5,5,5,5,3,3,3,0,1,3,0,3,5,0,4,4,3,0,1,3,13,0,1,1,1,1,1,1,0
102873,4,3,5,3,2,0,1,4,4,1,0,1,5,4,3,4,5,3,2,1,2,0,2,2,15,0,7,1,0,1,0,1,1
102874,1,4,1,1,2,2,0,2,5,0,5,4,2,5,2,2,1,3,4,2,2,10,3,3,25,1,0,0,0,1,1,0,0
102875,2,2,3,5,2,1,0,3,1,4,2,4,3,2,1,4,4,3,0,5,4,10,1,3,17,1,10,1,0,0,1,0,1
102876,3,1,4,1,2,0,1,3,0,0,4,0,5,0,2,3,2,1,0,4,1,7,3,3,29,5,10,0,1,0,1,0,0
102877,3,0,1,1,2,1,2,5,4,0,0,1,5,2,0,5,1,0,2,5,5,0,3,1,10,4,2,0,0,1,0,0,0
102878,5,5,3,1,0,1,0,5,3,2,0,2,2,1,4,0,1,1,2,3,0,9,2,4,15,3,6,1,0,1,1,0,0
102879,5,4,3,4,1,2,3,2,1,1,2,1,4,0,5,1,3,3,4,1,1,1,0,2,26,1,6,0,1,1,0,1,0
102880,5,0,1,0,5,2,3,2,5,1,5,0,2,1,1,3,2,4,2,1,5,1,0,4,15,4,4,0,0,1,0,0,0
102881,0,0,1,0,5,0,4,4,4,3,0,0,1,1,2,4,0,1,1,1,3,0,1,3,12,6,4,0,0,0,0,0,0
102882,1,0,3,4,0,0,0,1,3,3,0,3,0,0,1,3,1,3,5,3,1,8,0,0,13,5,3,0,0,0,0,0,0
102883,3,2,1,1,4,0,0,0,0,2,2,2,2,4,5,1,0,4,4,2,0,5,1,1,2,0,4,0,0,0,0,0,0
102884,0,4,5,0,1,3,1,1,5,3,4,3,5,3,0,5,0,5,5,0,2,1,3,3,14,1,2,0,0,1,0,0,0
102885,2,0,3,1,3,5,2,1,3,4,0,4,1,0,0,0,1,4,3,2,5,5,3,0,12,0,4,0,0,0,0,0,0
102886,0,4,4,2,3,0,3,3,3,0,4,3,0,2,0,0,5,2,1,4,3,1,3,2,19,4,4,1,0,1,0,1,0
102887,5,0,2,0,5,0,1,4,0,2,2,3,1,5,3,2,2,2,1,3,0,7,2,4,28,6,0,0,0,0,0,0,1
102888,0,4,1,5,4,4,2,0,4,0,4,4,2,1,4,0,3,3,4,0,4,9,1,0,23,1,9,0,1,1,0,1,0
102889,0,1,2,0,4,4,3,0,5,5,4,1,2,1,4,1,5,1,0,2,2,10,1,0,30,6,0,1,0,0,1,0,1
102890,1,5,4,2,4,4,3,0,4,3,5,1,5,4,0,5,4,0,1,1,1,1,1,1,13,3,7,1,1,0,1,0,1
102891,0,2,2,1,3,1,3,5,2,4,0,4,5,2,2,2,5,3,4,0,3,5,1,4,14,3,2,1,0,0,1,0,1
102892,3,1,1,1,2,5,3,1,1,4,3,1,2,4,5,2,2,5,4,2,4,8,0,1,8,0,0,1,0,1,0,0,0
102893,2,1,0,0,2,3,4,3,2,0,2,5,5,1,4,2,0,2,3,2,4,9,0,1,17,0,9,0,0,1,0,0,0
102894,5,4,3,5,2,0,5,3,3,2,2,2,2,0,0,4,0,3,1,2,0,10,2,2,5,1,7,1,1,1,1,0,1
102895,1,2,4,5,2,0,5,1,1,5,4,0,2,3,0,2,5,3,0,4,1,1,2,1,9,3,3,1,0,0,0,0,0
102896,3,2,3,0,1,3,2,5,3,3,3,4,4,2,4,1,5,5,4,3,4,0,2,3,23,4,6,1,0,1,1,0,1
102897,3,4,1,1,1,4,1,0,5,3,2,2,5,5,3,0,3,3,1,1,1,4,0,3,5,0,10,0,0,0,1,0,1
102898,3,3,1,5,3,4,1,3,0,5,4,0,0,4,0,3,2,3,0,3,5,10,0,1,14,6,5,1,0,0,0,0,0
102899,4,3,2,2,1,3,2,2,1,4,3,1,3,2,1,4,0,5,3,1,0,0,3,2,2,1,7,0,0,0,0,0,0
102900,1,2,2,0,2,3,3,4,2,4,2,5,1,0,3,2,4,0,4,5,5,6,1,4,22,2,3,1,1,1,1,0,0
102901,3,0,1,0,4,4,3,1,1,4,2,2,2,3,4,1,2,0,2,3,2,3,1,4,11,2,1,0,0,0,0,0,0
102902,4,0,5,2,1,0,0,5,4,2,1,1,3,4,4,4,5,3,2,2,0,6,1,4,12,4,10,1,1,0,1,1,1
102903,5,0,1,3,0,2,5,4,0,5,1,3,3,1,0,5,4,5,2,1,0,7,0,2,5,6,10,0,0,0,0,0,1
102904,3,3,1,3,0,0,0,4,0,5,2,0,5,3,1,2,3,5,4,3,2,9,3,3,20,5,3,1,0,0,1,0,1
102905,3,3,3,0,4,5,2,2,2,0,1,2,2,0,3,1,5,2,5,0,0,8,3,1,6,6,3,0,1,1,0,0,1
102906,5,4,4,2,5,3,2,3,2,3,5,3,5,4,3,4,2,1,0,0,5,7,2,4,14,2,10,1,1,1,1,1,1
102907,3,5,2,1,4,4,2,1,4,1,3,5,4,5,5,3,3,4,1,3,0,4,3,3,11,3,8,0,1,1,1,0,1
102908,5,1,4,3,0,2,1,0,0,3,3,1,3,1,4,1,1,1,5,5,4,10,3,0,29,6,0,0,1,0,0,1,0
102909,0,5,0,1,3,5,3,4,4,4,3,4,3,4,1,4,5,1,2,5,5,3,2,4,24,4,5,1,1,1,1,1,1
102910,2,5,3,1,1,5,0,2,1,4,5,2,2,4,1,1,0,3,3,2,5,10,1,1,15,4,1,0,0,0,0,0,1
102911,0,3,0,4,1,3,4,2,5,4,4,5,3,1,0,0,1,4,0,3,1,0,0,1,26,3,3,0,0,0,0,0,0
102912,0,3,0,3,5,5,4,1,3,2,2,0,3,1,3,1,0,3,2,3,4,2,0,1,21,1,5,0,0,1,0,1,0
102913,2,1,3,2,4,3,4,3,4,0,2,0,0,2,0,4,5,2,3,1,4,0,1,0,9,0,9,0,1,1,0,0,0
102914,1,1,1,0,4,4,4,3,0,5,5,2,5,5,3,3,4,1,2,5,5,8,3,0,18,3,1,1,1,0,0,1,0
102915,2,0,0,0,3,1,5,4,4,0,3,4,5,2,3,4,1,5,1,0,4,7,1,1,4,5,6,1,0,0,1,0,1
102916,2,3,1,4,3,5,0,5,2,1,4,1,4,1,4,2,5,0,1,4,0,4,1,3,26,5,9,0,1,1,1,1,1
102917,3,2,4,5,5,1,5,5,3,4,0,0,4,1,3,0,4,3,4,5,3,4,3,2,9,6,6,1,1,1,1,1,1
102918,5,1,3,3,3,4,3,1,0,2,2,1,0,1,2,4,4,0,3,2,1,1,2,2,22,3,6,1,1,1,0,0,0
102919,5,0,2,0,3,3,0,1,3,2,1,1,3,3,5,4,3,2,1,3,0,7,3,2,13,6,8,0,0,0,1,0,1
102920,2,0,5,2,0,0,5,0,5,0,2,2,5,4,3,5,1,3,0,2,4,3,2,4,13,4,7,1,0,0,1,0,0
102921,1,3,2,1,5,4,4,3,5,1,3,3,0,1,3,0,5,4,1,0,2,6,2,4,3,5,0,0,1,1,0,0,1
102922,4,4,5,0,4,0,1,4,5,4,5,4,5,2,5,0,0,5,4,0,4,0,2,1,6,1,7,0,1,1,1,0,1
102923,0,3,2,0,2,3,5,1,4,3,0,0,2,2,5,1,1,5,4,1,4,0,2,4,25,1,2,1,1,0,0,1,0
102924,3,0,0,2,1,4,4,5,1,1,5,4,1,1,4,4,1,3,4,3,1,5,3,4,14,1,6,1,1,1,1,1,1
102925,2,0,0,2,5,0,2,2,2,2,4,5,5,2,0,0,4,3,5,4,2,3,2,4,2,1,1,0,0,0,0,0,0
102926,1,0,1,3,5,2,0,4,0,2,2,2,3,0,0,5,5,2,1,3,4,0,0,3,28,5,6,0,0,0,0,0,1
102927,3,4,1,4,2,3,4,1,1,5,1,1,4,2,3,5,5,1,4,4,3,9,0,2,26,4,8,1,0,1,0,1,1
102928,1,4,0,1,1,5,5,0,1,5,5,5,5,4,0,4,1,1,0,3,1,1,0,1,23,3,10,0,0,1,0,0,0
102929,1,1,2,1,4,2,1,3,4,2,0,5,0,2,5,5,3,0,5,4,4,7,1,3,17,1,5,1,1,0,0,1,1
102930,3,0,5,4,3,0,0,3,0,1,5,0,1,2,2,4,3,5,5,1,3,10,1,3,13,4,6,1,0,0,0,1,1
102931,1,1,1,1,5,0,1,2,5,3,5,5,1,3,1,0,5,4,2,1,5,4,0,0,17,3,9,0,0,0,0,0,0
102932,4,4,1,0,3,1,1,2,4,0,1,5,5,2,2,5,5,5,3,4,3,10,2,4,12,6,5,1,1,0,1,1,1
102933,0,0,5,5,3,5,2,3,4,3,3,1,3,2,4,4,1,1,1,3,4,1,3,0,7,2,5,0,0,0,1,0,0
102934,2,4,1,1,0,4,5,3,3,3,3,5,1,1,1,5,5,4,4,1,4,6,3,0,3,6,1,0,0,1,0,0,1
102935,4,2,4,0,3,2,5,0,1,5,4,1,4,4,0,0,5,0,1,0,1,9,3,3,14,3,8,1,1,1,1,0,1
102936,1,0,3,4,2,5,4,4,3,2,4,3,2,3,2,2,1,3,3,2,2,10,3,2,10,3,5,1,1,1,1,1,1
102937,4,5,5,3,1,5,1,1,3,3,5,4,3,0,2,1,4,2,2,3,2,3,3,3,15,5,2,1,0,1,1,0,1
102938,4,3,3,0,4,5,1,4,5,0,0,0,5,3,5,3,5,5,1,0,1,5,2,0,20,3,6,1,0,1,0,1,1
102939,5,4,3,5,2,0,0,2,4,4,4,5,1,2,0,3,1,2,4,5,3,6,1,4,17,0,4,1,1,1,1,1,0
102940,1,0,1,1,1,0,4,1,4,1,4,5,5,0,4,3,1,3,4,4,4,5,3,3,28,2,3,0,0,0,0,1,1
102941,4,2,3,4,5,4,1,1,2,4,4,2,4,3,1,0,5,5,0,4,0,5,2,0,11,0,5,1,1,0,0,1,0
102942,5,3,4,3,5,2,5,5,2,1,1,2,0,0,0,0,4,2,2,1,5,4,2,0,21,4,6,1,1,1,0,1,0
102943,4,3,5,4,2,0,3,4,4,2,4,2,2,1,0,5,4,5,3,4,4,1,3,2,27,4,8,1,1,0,1,1,1
102944,1,0,0,4,1,3,2,1,3,1,2,1,5,3,2,1,1,1,1,3,3,0,0,2,2,5,8,0,0,0,0,0,0
102945,4,3,0,4,0,2,5,3,2,5,1,5,5,3,3,5,1,5,1,4,5,10,0,0,18,5,3,1,0,0,1,0,0
102946,0,5,0,0,3,5,0,0,2,4,2,5,4,1,4,3,0,0,3,4,5,3,2,0,11,1,8,0,0,0,1,0,0
102947,3,4,4,5,3,3,2,5,3,4,2,3,4,5,4,0,4,3,2,3,5,6,2,0,19,3,2,1,0,1,1,1,1
102948,2,1,0,0,3,1,1,4,3,1,4,2,5,5,0,2,4,2,5,3,0,5,2,0,24,0,9,1,0,0,1,0,1
102949,3,5,5,1,4,5,1,4,2,4,1,4,0,0,3,5,4,0,4,0,5,1,0,1,17,3,2,1,1,1,0,0,0
102950,3,4,2,2,2,3,5,2,0,2,1,2,2,1,0,3,2,2,4,3,3,5,2,3,26,2,6,1,0,1,1,1,1
102951,0,0,1,1,4,1,3,0,5,4,2,4,2,0,2,5,0,0,5,5,4,8,1,3,2,3,6,0,1,0,0,0,0
102952,3,0,5,3,3,0,0,2,1,1,2,3,5,0,5,4,5,1,4,5,2,5,3,0,4,3,0,0,0,0,0,0,0
102953,5,5,4,0,4,3,0,3,0,3,5,1,4,2,3,5,5,4,3,1,2,7,0,1,26,6,9,1,1,1,1,1,1
102954,2,1,3,2,4,4,1,1,1,5,1,5,4,0,4,4,2,3,1,5,4,3,0,0,9,0,6,1,1,1,0,0,0
102955,1,0,5,2,0,5,5,2,5,0,5,2,0,5,0,4,4,4,1,2,2,9,2,4,21,4,10,1,1,0,1,1,1
102956,5,2,4,3,3,0,0,0,1,4,0,3,4,4,5,1,2,4,1,1,1,7,0,1,11,2,2,0,0,0,1,0,0
102957,0,3,3,3,5,2,4,3,4,4,3,3,5,0,2,3,5,4,0,3,0,6,1,3,6,5,2,1,0,1,0,1,0
102958,2,3,1,4,3,5,0,1,2,2,5,5,2,1,4,1,3,3,4,2,0,10,2,2,27,1,4,1,1,1,1,1,0
102959,3,3,5,0,3,3,2,5,3,5,1,2,5,4,2,3,5,3,5,2,5,0,1,1,13,6,9,1,1,1,1,1,1
102960,2,5,4,5,3,0,3,4,4,4,1,1,2,1,4,3,4,4,4,2,2,8,0,1,18,6,9,1,1,1,1,1,1
102961,5,4,5,2,3,5,0,3,1,3,3,0,3,2,3,4,3,5,1,4,1,5,0,4,28,6,8,1,1,1,1,1,1
102962,2,0,5,2,2,4,2,1,2,1,1,3,1,0,4,2,0,4,5,0,3,3,0,2,7,4,0,0,0,0,0,0,0
102963,5,0,3,3,5,2,1,4,4,4,0,2,3,5,5,1,2,2,3,2,5,8,0,3,22,4,10,1,1,0,1,1,0
102964,0,0,2,0,0,4,0,5,5,0,0,3,0,0,3,5,3,0,5,2,4,3,3,1,18,4,8,0,0,0,0,0,0
102965,4,2,5,4,4,3,0,3,5,1,2,5,0,0,0,1,3,1,4,4,3,7,1,0,26,4,3,1,1,1,1,1,0
102966,3,2,5,1,0,1,0,4,1,2,3,1,5,1,1,3,1,5,2,4,4,9,3,1,23,0,3,1,0,0,0,1,1
102967,1,5,0,5,1,4,4,5,1,1,0,3,4,2,2,5,3,4,3,5,0,6,1,3,15,1,10,1,1,0,1,1,1
102968,1,2,3,0,3,1,0,5,5,3,1,1,3,2,0,1,1,0,3,5,5,2,1,2,12,0,8,0,0,0,1,1,0
102969,4,0,3,5,3,1,3,0,4,5,4,4,2,4,2,2,5,2,2,5,4,7,0,3,22,1,4,1,0,1,1,1,0
102970,3,5,4,2,5,3,0,5,1,2,3,0,3,3,3,0,0,4,3,4,4,1,0,0,29,2,2,1,1,0,1,0,0
102971,3,1,5,3,1,0,1,4,3,2,3,1,4,0,3,1,1,5,4,3,1,2,0,1,21,5,4,0,0,0,0,0,1
102972,0,5,1,5,0,3,1,4,1,2,4,1,2,0,1,4,0,3,1,0,1,2,3,0,26,0,1,0,0,1,1,0,0
102973,3,4,5,0,1,3,2,1,0,4,5,1,1,1,2,0,1,5,1,5,3,3,3,1,12,2,6,0,0,1,1,1,0
102974,5,5,3,2,3,4,4,2,0,4,0,4,4,2,4,1,1,3,3,2,5,5,3,4,20,0,8,0,1,1,1,1,1
102975,0,4,0,5,2,0,2,5,2,1,2,2,3,4,0,0,5,4,4,2,1,6,1,1,25,2,3,0,0,1,0,0,1
102976,2,0,3,0,1,3,0,5,1,5,1,1,2,5,3,1,3,5,5,5,4,0,1,3,13,2,6,0,0,0,0,0,1
102977,2,3,0,0,5,2,0,0,4,3,4,1,2,1,4,4,0,3,5,3,1,9,0,0,7,4,9,0,0,0,1,0,0
102978,5,2,5,3,3,1,1,2,0,5,2,4,4,4,5,1,2,4,5,3,5,2,3,1,2,6,10,1,0,0,1,0,0
102979,1,3,4,0,4,2,1,3,1,5,0,3,3,1,3,2,0,1,1,1,3,10,3,1,15,6,1,0,0,0,0,0,0
102980,2,4,5,5,4,5,3,0,3,3,5,5,0,5,2,4,0,0,3,5,2,2,0,1,4,6,4,1,1,1,1,1,0
102981,4,3,3,5,2,4,2,1,2,4,3,3,4,3,3,5,3,2,1,2,5,10,0,3,28,0,0,1,1,1,1,1,1
102982,0,1,2,1,4,0,4,3,1,3,0,4,1,0,2,3,2,3,1,2,0,6,1,1,25,4,5,0,1,0,0,0,0
102983,4,5,2,1,5,5,1,3,0,3,1,5,0,0,4,2,1,1,0,4,2,9,3,0,21,2,7,1,1,1,0,0,0
102984,4,3,5,4,4,3,4,0,0,3,4,4,1,2,1,0,4,2,5,2,4,8,0,4,27,3,7,1,1,1,1,1,0
102985,4,5,0,3,1,0,0,2,1,1,2,4,0,2,1,2,5,2,2,5,2,5,1,3,14,3,5,0,1,1,0,1,1
102986,3,1,5,4,4,5,5,3,1,2,5,3,0,1,1,3,5,2,5,2,0,10,3,4,5,2,1,1,1,1,0,1,1
102987,4,5,2,5,1,3,5,5,3,4,0,5,4,0,4,0,5,4,1,4,1,4,1,3,21,4,10,1,1,1,1,1,1
102988,4,1,3,2,0,5,1,5,4,4,0,5,3,5,2,3,3,0,3,5,5,2,1,1,4,6,0,1,0,0,0,1,0
102989,5,2,4,1,2,0,1,1,0,2,4,0,1,4,4,0,1,1,2,5,1,5,3,4,5,2,9,0,0,1,1,0,0
102990,2,5,0,3,3,1,0,4,2,0,1,4,4,5,0,4,3,5,2,1,3,7,0,3,21,1,8,1,1,0,1,1,1
102991,2,2,0,3,2,5,5,3,2,0,5,0,0,1,4,5,1,5,3,2,0,8,0,1,10,1,10,0,0,0,0,0,0
102992,3,1,0,2,1,1,0,1,0,5,4,1,2,3,5,0,2,1,1,2,2,2,0,1,18,2,5,0,0,0,0,0,0
102993,1,5,4,1,1,3,0,3,2,0,0,4,3,3,0,5,2,2,2,2,2,8,3,0,7,4,1,0,0,1,1,0,1
102994,5,5,0,1,5,3,0,0,0,1,5,4,4,1,0,1,2,5,1,4,0,6,0,3,12,4,10,1,1,0,1,0,0
102995,4,1,3,3,1,5,1,0,1,0,5,3,1,3,3,0,4,2,5,5,4,2,2,0,16,1,0,0,1,0,0,1,0
102996,3,1,0,2,4,2,5,2,4,1,1,4,5,3,5,4,4,4,0,1,1,2,0,4,10,5,1,0,0,0,1,0,1
102997,1,1,4,2,1,4,0,1,1,5,3,0,2,5,5,1,4,0,5,0,3,8,2,1,30,0,4,0,1,1,1,0,0
102998,2,0,5,0,0,4,3,0,4,1,3,4,4,5,2,2,2,4,2,2,1,5,1,0,9,0,2,0,1,0,0,0,0
102999,2,3,2,5,0,4,3,0,0,5,0,0,1,5,5,5,0,3,5,0,2,5,1,4,18,1,1,1,0,0,0,1,0
103000,3,1,1,4,1,3,4,3,2,4,4,1,4,3,2,5,5,3,0,5,0,5,0,0,7,1,0,0,0,0,1,1,0
103001,4,5,2,5,5,0,4,0,5,4,5,0,3,0,3,3,1,1,2,4,1,6,2,1,17,6,7,1,1,1,1,1,1
103002,4,1,4,4,2,1,5,4,3,1,2,3,2,4,5,4,3,4,3,2,0,10,3,3,8,1,10,1,1,1,1,1,1
103003,5,3,4,3,4,3,3,0,4,5,5,5,1,2,1,1,0,1,1,2,3,7,2,1,7,4,9,1,1,1,1,0,0
103004,5,3,3,1,5,2,5,3,1,3,4,5,3,4,4,0,2,1,1,3,3,2,2,2,11,0,9,1,1,1,1,0,1
103005,4,3,3,3,0,1,1,0,1,4,4,0,2,4,2,4,0,2,0,4,1,5,2,3,26,5,5,0,0,0,1,1,0
103006,2,0,3,3,0,4,2,3,2,2,3,5,1,0,1,2,5,3,5,0,0,9,3,2,16,5,10,0,1,0,1,1,0
103007,3,2,1,5,5,2,4,0,1,3,4,1,3,1,2,5,2,0,3,2,2,10,1,1,15,1,1,0,1,1,0,1,0
103008,2,3,1,1,3,4,5,2,4,3,5,2,1,4,1,1,5,3,0,5,2,8,3,1,30,4,10,1,1,1,1,1,1
103009,3,2,5,0,3,3,0,3,2,3,3,1,3,3,3,1,2,1,5,2,0,5,0,1,22,3,10,0,1,0,1,0,0
103010,4,5,3,0,2,2,2,1,4,3,3,2,0,1,0,4,2,2,2,3,3,6,2,0,2,4,2,1,1,0,0,0,0
103011,2,3,5,1,4,0,4,0,0,4,1,0,1,5,3,3,2,1,5,1,2,8,3,4,15,5,1,1,1,1,1,1,0
103012,3,2,3,3,3,0,0,3,2,5,3,1,2,5,3,0,4,3,0,5,1,7,0,2,24,1,9,1,0,1,0,1,1
103013,0,0,2,0,1,3,2,3,1,5,5,1,0,1,4,3,4,0,1,3,2,5,0,1,9,3,7,0,0,0,0,0,0
103014,4,1,3,0,3,2,3,2,4,1,4,4,1,1,3,5,5,4,3,4,5,3,1,0,5,6,8,1,0,0,0,0,0
103015,2,2,4,2,0,4,0,0,1,5,4,5,2,1,4,3,0,1,4,5,5,7,2,2,12,1,6,1,0,0,0,0,0
103016,2,2,1,4,1,3,5,1,2,2,0,0,2,3,5,4,3,1,1,4,2,6,3,1,17,6,3,0,0,0,0,1,1
103017,3,5,2,2,1,1,2,1,2,1,5,2,2,4,3,0,1,0,2,1,5,7,1,0,13,4,3,0,0,0,0,0,0
103018,1,4,4,1,4,4,4,3,4,1,3,5,4,1,1,3,5,5,0,0,4,1,3,0,7,3,5,0,1,1,0,0,1
103019,3,0,0,1,4,3,2,1,2,4,2,5,3,0,4,4,1,4,5,1,1,10,1,4,27,4,10,0,1,1,0,0,0
103020,4,3,0,4,0,5,2,2,4,2,0,3,2,0,0,3,0,2,3,2,1,8,2,4,2,1,5,0,0,1,0,0,0
103021,2,2,0,2,5,5,5,1,0,4,5,4,3,1,2,5,2,1,5,1,0,8,0,3,8,2,3,0,1,1,0,0,0
103022,0,0,3,2,4,5,5,1,4,5,3,1,1,4,1,5,5,4,3,0,0,3,2,1,5,1,2,0,0,1,0,0,1
103023,2,3,1,4,2,0,3,4,3,3,1,4,0,2,4,3,3,2,4,0,2,0,3,0,9,0,2,0,0,0,0,0,1
103024,1,3,2,2,1,3,2,2,0,1,3,0,2,4,5,5,4,5,1,3,0,10,1,2,8,3,3,1,0,0,0,0,1
103025,2,0,0,2,2,0,4,3,0,0,5,3,2,5,1,0,3,4,1,0,4,5,3,0,19,2,9,0,0,0,0,0,0
103026,3,2,1,4,3,5,4,1,1,5,5,3,2,5,5,5,0,5,5,5,1,4,3,4,10,5,8,0,1,1,1,1,1
103027,0,4,0,1,3,4,5,0,5,1,1,1,3,1,5,0,5,5,1,1,1,1,2,3,19,5,8,0,0,1,0,1,1
103028,4,1,4,3,2,1,1,4,1,0,4,3,1,3,2,4,0,3,4,2,1,10,3,4,7,0,3,1,0,0,0,0,0
103029,1,2,2,3,0,3,0,4,2,2,0,5,2,4,1,2,1,0,5,1,3,5,3,2,29,4,7,0,0,1,1,1,0
103030,5,0,1,1,3,3,1,0,2,4,2,4,3,1,2,2,4,5,3,2,1,2,2,3,10,5,4,0,0,0,0,0,1
103031,4,1,3,0,4,3,3,5,1,0,3,0,1,4,5,5,5,1,4,3,1,3,3,2,15,0,6,1,1,0,0,0,1
103032,1,5,5,5,1,3,1,5,2,4,3,3,0,1,5,1,1,3,5,1,2,3,3,1,10,1,10,1,1,0,1,1,1
103033,3,3,4,1,3,5,4,5,1,2,0,4,1,3,4,3,5,4,0,3,5,6,1,0,10,2,0,1,0,1,0,0,1
103034,0,1,5,2,3,4,5,2,4,5,1,3,2,2,2,1,0,1,4,3,0,8,3,2,28,5,9,0,1,1,1,1,0
103035,0,2,2,3,3,2,1,4,0,2,1,0,4,2,2,1,3,4,5,4,0,5,1,4,13,4,0,0,0,0,1,1,0
103036,5,1,2,0,0,4,5,0,3,3,2,1,3,1,5,5,1,3,2,5,5,9,3,2,24,3,1,1,1,1,0,1,1
103037,4,2,1,0,1,0,3,3,1,2,4,2,4,2,3,0,5,5,0,1,4,7,0,3,24,4,5,0,0,0,1,0,0
103038,0,0,1,2,2,1,1,0,3,4,0,1,2,2,5,5,0,0,5,3,1,5,2,4,7,3,1,0,0,0,0,0,0
103039,1,3,5,5,5,0,1,5,3,0,4,2,5,1,4,0,3,1,4,0,0,9,2,1,6,4,10,0,1,1,1,1,0
103040,1,3,0,3,4,5,0,5,3,0,0,1,5,1,4,1,1,4,3,4,4,0,1,3,20,1,2,0,0,0,0,0,1
103041,2,3,5,3,5,0,2,0,3,3,3,0,0,2,5,2,0,5,4,2,3,1,3,2,8,2,0,0,0,1,0,0,0
103042,1,2,5,3,2,5,0,3,1,2,4,2,0,5,3,1,3,1,0,2,5,3,1,4,13,4,7,1,1,0,1,0,1
103043,1,1,5,5,1,4,0,3,3,1,5,0,2,3,2,1,1,4,5,5,0,0,2,3,28,4,4,1,1,1,1,1,0
103044,3,1,3,5,2,5,4,4,1,4,5,4,2,0,1,3,3,2,0,2,5,8,1,0,15,3,3,0,1,1,1,1,0
103045,1,1,5,0,4,4,2,2,2,4,2,0,1,0,0,0,1,5,0,1,3,6,2,0,12,4,7,0,0,0,0,0,0
103046,5,2,0,3,3,2,3,5,1,0,2,0,1,4,1,3,2,2,0,1,3,5,2,4,11,4,4,1,0,0,0,0,1
103047,4,2,4,3,3,4,1,2,3,1,5,1,0,3,5,2,1,5,4,4,4,4,2,1,22,6,5,1,1,0,0,1,1
103048,4,4,3,1,2,5,3,1,4,4,0,3,5,3,5,3,4,1,2,0,1,7,2,3,21,6,0,1,0,1,1,1,1
103049,1,0,5,5,4,5,2,4,3,2,5,2,4,2,2,2,5,5,5,5,3,8,3,4,22,1,0,1,1,1,1,1,0
103050,4,1,0,1,5,4,0,3,0,1,0,0,1,3,1,5,0,4,0,5,5,4,0,4,2,1,4,1,0,1,0,0,0
103051,5,5,5,5,4,4,3,0,0,3,0,2,2,3,0,1,2,1,1,0,3,6,0,3,6,3,0,1,1,1,0,1,0
103052,1,5,3,0,2,3,0,3,1,2,0,0,3,3,1,3,5,1,3,4,5,0,1,3,12,5,3,1,0,0,0,1,1
103053,4,5,0,3,5,5,4,1,3,0,1,2,2,5,1,2,5,0,2,0,0,8,3,3,22,0,6,1,1,1,1,1,1
103054,2,1,3,4,5,2,5,5,1,3,5,1,2,5,5,3,5,5,2,0,4,7,1,3,24,4,3,1,1,1,1,1,1
103055,4,0,0,3,4,3,4,5,5,4,1,5,3,5,4,2,0,0,0,3,5,3,1,4,14,2,5,1,1,1,1,1,1
103056,2,1,0,0,5,5,3,2,3,0,2,2,5,4,0,3,5,0,2,3,3,3,2,0,30,6,0,1,1,1,0,0,0
103057,4,0,3,0,1,1,5,5,5,1,4,3,3,4,0,1,0,3,0,4,0,0,3,1,17,4,5,0,0,1,1,1,0
103058,0,5,4,3,2,4,1,5,5,3,5,1,3,1,4,3,1,2,2,3,0,5,0,0,5,2,5,0,0,1,1,0,1
103059,2,5,0,5,1,0,4,4,0,4,2,2,1,5,0,5,2,4,1,0,1,9,2,3,27,6,2,0,1,0,0,0,1
103060,1,4,1,3,2,3,1,3,5,5,2,5,2,1,3,3,5,2,2,5,3,10,2,1,11,6,6,1,0,1,1,1,1
103061,1,4,2,0,4,0,0,5,0,3,2,0,4,0,2,1,2,1,4,1,4,7,1,0,10,2,3,0,0,0,0,0,0
103062,1,2,3,4,4,5,1,5,0,0,3,1,3,4,0,4,4,3,5,0,1,2,3,2,13,1,4,1,1,1,0,1,0
103063,2,2,0,2,0,5,3,2,3,2,1,2,2,2,3,1,3,5,3,2,0,1,2,0,27,0,5,0,0,0,0,0,1
103064,0,5,3,0,4,1,0,0,3,1,4,2,4,2,1,5,2,0,2,0,1,3,0,3,17,4,0,0,0,1,0,0,1
103065,4,4,2,2,1,0,1,3,3,5,4,2,1,3,1,4,0,1,0,1,1,2,1,2,13,0,9,0,0,0,0,0,0
103066,3,3,5,1,1,3,0,2,0,0,0,5,0,4,1,5,5,5,5,1,2,1,3,1,16,4,4,0,1,1,0,0,1
103067,4,5,1,5,3,5,1,2,0,2,4,0,1,0,5,5,0,5,5,5,4,1,3,2,30,0,3,1,1,1,1,1,0
103068,4,2,2,5,1,1,4,1,4,3,4,1,1,2,1,4,1,1,5,1,2,0,0,4,26,3,3,0,1,1,0,1,0
103069,0,2,0,0,5,5,0,4,3,1,0,2,5,4,1,3,5,4,3,3,4,0,1,3,5,6,3,0,0,1,1,0,0
103070,0,5,5,3,0,2,1,5,2,4,4,3,1,4,1,1,3,2,2,0,3,4,0,3,20,2,4,1,0,1,1,0,0
103071,2,2,5,0,0,2,0,3,1,0,2,0,5,3,5,2,1,4,0,0,4,9,0,3,26,2,6,0,0,0,1,0,1
103072,2,4,2,2,4,2,2,1,1,5,0,4,2,2,5,5,1,3,0,5,2,1,2,3,25,6,8,1,1,1,1,1,0
103073,1,2,2,0,1,1,4,0,1,2,0,3,4,2,5,3,0,2,5,2,4,8,2,3,10,3,5,0,1,0,1,1,0
103074,4,1,5,4,4,2,3,4,2,2,0,1,3,2,5,4,1,0,5,5,0,3,3,4,22,5,10,1,1,1,1,1,1
103075,3,1,1,0,4,1,1,0,4,5,2,2,0,1,3,1,4,2,4,1,2,7,0,1,17,6,3,0,0,1,0,0,0
103076,4,3,1,5,1,2,1,0,2,0,3,0,5,5,1,2,4,3,1,3,2,9,3,2,29,5,6,0,1,1,1,1,1
103077,0,2,1,1,3,1,4,1,2,2,1,3,2,1,2,1,4,4,0,0,4,6,2,3,18,1,2,0,1,0,0,0,1
103078,4,2,4,1,3,0,2,1,5,0,5,4,3,2,3,3,3,1,0,4,1,0,0,0,23,5,4,0,0,0,1,0,0
103079,1,4,1,5,0,2,2,2,0,3,0,5,1,4,4,3,1,1,5,5,1,1,2,2,8,2,7,0,0,1,0,0,0
103080,2,0,0,5,4,0,5,1,0,1,5,1,1,1,2,2,4,4,5,3,3,6,0,2,4,2,5,1,0,0,0,0,0
103081,2,0,0,0,5,1,4,1,5,4,0,1,0,5,0,4,5,1,3,4,3,6,3,1,20,0,1,0,0,0,0,0,0
103082,4,5,5,0,5,4,1,4,5,3,0,1,3,3,2,5,2,1,3,3,2,4,3,2,21,1,9,1,1,1,1,1,1
103083,1,3,5,5,0,0,4,4,2,3,2,0,1,0,3,5,3,2,4,3,3,6,1,3,28,2,4,0,1,1,0,1,1
103084,1,3,5,5,1,1,4,1,1,5,4,2,2,0,5,2,5,3,1,5,2,4,1,4,2,1,9,0,0,1,0,1,0
103085,2,0,1,2,4,4,5,2,0,5,3,0,5,1,3,2,0,1,5,4,0,0,0,2,15,1,7,0,0,0,0,0,0
103086,2,3,2,0,1,0,1,4,0,1,4,0,3,1,0,2,2,2,1,5,5,5,0,0,7,4,9,0,0,0,0,0,0
103087,1,2,2,0,3,4,4,5,5,3,2,2,4,0,3,5,4,5,1,1,0,1,2,4,6,4,8,0,1,0,1,0,1
103088,1,3,3,1,2,0,1,4,4,4,5,5,3,3,5,4,1,5,4,1,4,3,3,1,29,3,10,0,0,0,1,0,1
103089,1,0,0,4,1,0,2,3,5,0,4,5,1,3,2,5,0,2,5,0,1,5,0,1,24,4,5,0,0,0,0,0,0
103090,2,3,3,0,3,1,0,5,3,2,0,5,3,0,1,1,1,2,0,4,4,0,1,3,29,2,9,1,0,0,1,1,0
103091,2,3,0,3,1,5,3,4,3,3,3,5,5,4,0,3,5,2,1,2,1,9,1,1,20,0,1,1,0,1,1,1,1
103092,2,1,1,4,0,0,4,4,5,5,5,5,5,2,3,3,1,3,4,0,3,9,1,3,5,1,4,0,0,1,1,1,1
103093,4,0,1,0,3,0,2,0,2,0,4,3,0,3,1,2,5,2,4,5,5,0,0,0,25,5,10,0,0,0,0,0,0
103094,1,5,4,5,1,5,2,3,3,5,4,1,0,3,5,2,4,3,2,0,5,2,3,4,13,1,6,1,1,1,1,1,1
103095,5,4,5,5,1,3,1,1,1,1,4,4,5,5,1,5,3,3,3,5,1,3,0,2,3,3,9,1,1,0,0,1,1
103096,4,3,4,1,4,3,4,3,3,5,3,5,4,1,3,2,1,0,5,1,3,7,2,4,30,2,5,1,1,0,1,1,1
103097,1,4,2,0,3,0,5,3,1,3,2,2,0,0,3,2,2,3,1,3,1,0,2,3,30,5,10,1,1,0,0,0,0
103098,1,4,3,1,3,2,0,0,1,2,0,3,5,1,4,0,1,3,3,2,0,8,1,2,4,4,5,0,0,0,0,0,0
103099,1,0,3,1,0,3,1,2,2,0,1,2,5,4,2,3,2,5,1,2,5,6,0,2,9,0,9,1,0,0,0,0,1
103100,1,2,0,1,0,3,3,3,5,2,1,3,1,4,0,0,2,2,5,1,3,2,2,4,28,4,6,0,0,0,1,0,0
103101,2,5,5,5,2,3,2,0,1,4,4,0,1,1,1,4,2,2,0,2,2,5,2,0,5,4,2,0,1,1,0,0,0
103102,0,1,5,0,2,0,0,5,3,1,2,4,4,5,3,3,1,1,5,5,3,1,1,4,30,4,9,1,0,1,0,0,0
103103,0,5,1,1,2,5,0,5,3,4,2,3,1,4,1,5,2,0,2,1,1,3,1,1,10,4,4,1,0,0,0,0,0
103104,2,0,0,4,0,4,1,0,3,1,5,4,0,1,1,3,3,3,2,3,5,10,3,0,27,5,9,0,0,1,1,0,0
103105,4,1,0,0,5,1,5,0,0,0,1,2,4,5,0,4,3,2,1,5,2,0,2,0,11,0,3,1,0,1,0,0,0
103106,1,2,3,0,2,5,3,0,4,3,4,2,3,1,2,5,5,3,2,2,3,0,2,2,25,5,4,0,0,1,1,0,0
103107,5,3,0,1,4,1,1,2,4,4,2,0,1,0,3,1,1,1,5,5,5,5,1,4,9,5,1,0,0,0,1,0,0
103108,2,1,0,5,2,0,0,3,0,5,5,3,1,5,1,1,5,0,5,4,1,4,3,2,18,0,5,0,1,0,0,0,0
103109,5,1,3,5,2,5,4,1,2,3,5,5,2,2,4,3,5,5,1,3,5,8,2,0,24,6,4,1,1,1,0,1,1
103110,1,3,0,5,0,0,2,5,5,3,2,3,1,5,3,0,5,3,0,4,2,0,3,3,28,4,6,1,0,0,0,0,1
103111,3,1,0,5,4,0,2,1,1,4,4,5,0,5,2,1,4,3,0,4,0,6,0,1,7,6,6,0,1,0,0,1,0
103112,4,5,0,0,0,3,3,1,3,2,5,0,3,5,3,2,3,2,2,4,2,4,1,0,4,6,7,0,0,0,1,0,1
103113,0,5,4,2,4,1,1,3,4,0,3,4,1,4,4,1,2,0,5,1,2,5,3,3,19,0,6,1,1,1,1,0,1
103114,5,1,2,3,5,0,4,5,4,1,5,0,2,0,0,0,5,5,3,1,3,2,0,4,5,6,5,0,0,1,1,0,0
103115,2,3,1,0,2,0,1,1,2,2,4,2,1,3,1,4,4,3,1,5,3,10,3,4,9,4,9,0,0,0,0,1,1
103116,2,1,3,5,5,0,4,2,4,3,0,2,0,5,4,1,2,3,2,1,1,10,3,2,22,0,8,1,1,0,0,1,1
103117,3,2,1,3,4,5,3,2,5,1,3,2,3,4,4,0,1,5,2,4,5,6,1,4,8,0,9,1,1,1,1,1,0
103118,3,4,3,5,0,4,0,2,2,1,1,3,3,5,1,4,1,1,0,1,1,3,0,1,2,2,3,1,0,0,1,0,0
103119,0,1,2,1,1,5,3,2,5,5,3,4,3,4,3,1,4,1,5,2,4,3,3,2,6,1,4,0,0,0,0,0,0
103120,5,0,4,4,3,3,0,5,4,0,4,4,3,1,3,2,5,4,1,4,5,8,1,3,20,1,6,1,0,1,1,1,1
103121,3,1,3,0,4,3,4,0,3,4,1,0,4,4,3,4,5,5,0,3,0,1,2,4,3,5,0,1,0,1,1,0,1
103122,5,5,4,0,0,1,2,2,4,0,3,4,0,3,5,1,4,2,2,2,2,4,1,1,19,1,10,1,0,0,1,0,1
103123,2,1,1,3,4,5,4,1,1,1,3,2,4,3,1,3,5,0,3,3,0,1,0,1,9,6,2,0,0,1,0,0,0
103124,3,2,0,0,4,4,1,3,0,5,1,3,4,1,2,4,2,5,5,0,5,5,3,4,19,4,4,0,1,1,0,1,1
103125,2,3,3,1,0,3,2,4,4,5,4,5,0,0,2,4,4,0,0,1,4,4,1,0,29,6,3,0,0,0,0,0,0
103126,5,0,0,4,5,0,1,5,4,2,4,1,5,2,3,2,1,2,3,3,5,7,2,4,7,2,1,0,0,0,1,0,1
103127,4,1,2,2,3,4,1,2,5,0,0,3,2,1,4,2,3,2,3,5,5,9,1,2,11,4,9,1,1,1,1,1,0
103128,5,1,3,2,3,1,2,1,3,5,1,3,2,3,5,0,2,1,1,1,4,7,2,0,28,5,8,0,0,1,0,0,1
103129,3,5,4,1,0,1,0,5,2,5,0,3,1,1,0,0,1,5,1,2,2,0,0,3,13,1,0,0,0,0,0,0,0
103130,4,5,3,4,3,4,2,0,5,2,3,1,5,0,3,1,2,2,1,3,2,9,0,0,23,4,8,1,1,1,1,1,1
103131,2,4,5,5,2,5,0,0,5,0,5,4,3,0,1,5,4,3,2,1,0,2,3,2,19,6,4,1,1,1,0,0,0
103132,2,1,3,4,2,3,3,5,4,4,5,4,5,5,5,5,5,0,3,3,1,3,1,3,10,2,5,1,0,0,1,1,1
103133,4,3,2,2,4,0,0,5,4,4,2,5,4,0,0,5,3,4,2,4,2,5,1,2,29,3,1,1,1,0,1,0,1
103134,0,3,1,2,1,3,0,3,1,4,1,2,2,5,0,1,2,2,1,1,4,5,0,2,19,1,2,0,1,0,0,1,0
103135,4,5,4,0,0,5,2,1,5,4,1,0,0,3,5,3,3,0,1,1,5,9,2,1,20,5,5,0,0,1,1,1,0
103136,0,0,4,0,2,4,1,5,0,5,0,5,5,5,2,2,2,3,0,5,3,9,0,0,13,0,3,0,0,1,1,0,0
103137,3,4,1,1,4,1,5,5,4,3,2,3,1,5,2,1,2,3,2,4,1,1,3,1,22,2,8,0,1,1,1,1,1
103138,2,1,0,2,0,3,1,5,1,0,3,0,4,0,4,1,1,3,0,2,1,3,2,2,24,2,9,0,0,0,0,0,0
103139,2,3,0,5,5,1,2,4,0,4,0,4,0,3,0,5,2,4,4,1,1,5,2,1,17,3,4,0,1,0,1,1,1
103140,2,5,3,5,4,5,1,3,4,1,4,4,5,4,2,3,4,2,4,3,4,2,0,0,16,2,8,1,1,0,1,1,1
103141,2,0,3,0,5,5,5,2,2,3,5,4,0,3,1,4,3,1,3,5,5,3,0,2,15,2,6,0,0,1,0,1,1
103142,2,0,0,1,2,3,4,2,5,0,1,2,0,5,1,1,3,0,5,4,3,3,3,1,10,0,3,0,0,0,0,0,1
103143,2,4,0,0,0,0,1,3,1,0,4,2,1,1,1,5,4,5,3,3,2,3,3,4,18,6,1,0,1,0,0,0,0
103144,3,0,3,0,1,2,1,2,4,2,2,0,4,0,2,1,0,1,3,3,4,3,2,0,25,3,2,0,0,0,0,0,0
103145,4,4,2,2,3,0,1,5,3,3,5,2,5,5,2,1,4,5,3,0,4,7,0,2,29,2,10,1,0,0,1,1,1
103146,3,3,2,5,3,4,0,0,4,0,3,3,1,3,4,3,1,3,1,0,3,1,2,4,13,5,2,0,0,0,0,0,1
103147,3,2,1,1,4,4,1,0,5,4,3,5,3,5,1,5,1,5,2,4,4,9,2,2,27,1,8,0,0,1,1,0,1
103148,5,5,4,4,4,1,5,2,3,3,4,1,4,1,4,4,1,3,1,2,3,2,1,4,30,1,4,1,1,1,1,1,1
103149,5,5,4,2,4,5,2,1,2,4,1,0,5,0,1,5,4,5,2,5,5,9,3,3,16,6,10,1,1,1,1,1,1
103150,0,1,0,3,3,4,2,4,3,2,4,1,1,4,3,3,3,5,1,5,2,0,1,4,13,0,2,0,0,1,0,1,0
103151,4,0,0,5,0,5,1,5,3,3,5,1,0,4,2,1,0,0,1,5,1,10,2,1,17,4,2,0,0,1,0,1,1
103152,1,0,3,4,3,1,1,5,5,5,1,2,4,3,5,2,0,0,1,5,2,2,1,0,18,6,5,0,0,0,0,0,0
103153,1,0,3,4,4,1,3,2,1,1,4,4,0,0,4,2,4,0,0,3,1,0,2,3,16,1,3,0,0,0,0,0,0
103154,4,5,0,2,5,2,4,5,0,4,1,2,5,5,3,5,3,3,3,0,4,9,2,3,13,2,1,1,1,1,1,1,1
103155,0,3,0,0,5,1,3,0,2,3,3,2,2,1,0,1,2,0,0,3,0,1,3,4,29,3,6,1,0,1,0,0,0
103156,5,4,4,5,0,4,3,5,2,4,1,2,3,2,4,1,1,1,5,1,2,6,2,3,17,2,5,1,1,1,1,1,1
103157,4,1,2,5,2,2,1,1,5,3,3,5,2,0,5,2,4,1,3,5,0,8,3,2,2,0,0,0,0,1,0,1,1
103158,5,5,0,5,3,3,5,0,1,4,0,2,2,4,0,2,5,5,1,1,2,3,1,3,30,0,6,1,0,1,1,1,1
103159,4,4,3,2,1,1,4,4,0,4,4,4,0,4,3,3,5,1,5,5,4,9,0,3,5,6,7,1,1,1,1,1,1
103160,5,4,0,1,2,0,5,3,0,0,0,0,0,1,5,1,4,4,2,5,1,8,3,0,5,4,0,0,0,0,0,1,1
103161,0,2,1,1,0,5,4,2,5,0,2,0,2,0,3,4,0,2,3,2,5,0,3,3,15,4,5,0,0,0,0,0,0
103162,5,4,4,2,1,2,4,1,3,0,4,2,1,3,5,3,3,1,3,5,4,6,1,1,25,4,4,1,1,1,1,1,0
103163,0,3,1,2,0,0,0,2,5,5,0,3,4,3,4,2,1,0,5,2,0,7,2,2,25,2,1,1,0,0,1,0,0
103164,1,2,0,1,5,4,0,3,1,2,4,2,5,5,5,2,1,3,2,2,4,2,2,1,27,1,9,0,0,1,1,0,1
103165,0,3,5,5,5,0,0,0,0,5,2,1,1,1,1,5,5,3,4,5,2,9,0,2,18,6,7,1,0,1,0,1,0
103166,2,1,1,3,2,5,2,5,2,5,1,3,4,4,5,4,1,5,0,4,0,6,1,0,21,2,3,1,0,0,1,0,1
103167,4,5,3,1,0,2,3,4,1,2,4,1,3,5,0,3,4,5,0,1,4,6,0,4,9,1,4,0,1,0,1,1,1
103168,1,4,4,3,2,2,0,5,0,0,5,2,4,5,5,2,0,0,0,1,4,10,0,2,16,6,9,1,0,1,1,1,0
103169,4,4,5,4,2,1,4,0,5,5,5,0,4,0,3,1,4,3,5,3,0,7,3,0,30,0,9,1,1,1,1,1,1
103170,3,4,4,3,1,0,3,5,2,2,3,1,4,3,0,0,2,1,3,3,1,0,3,1,17,3,0,0,0,1,1,0,0
103171,3,2,2,5,3,2,3,5,0,1,1,5,5,2,4,5,0,3,2,3,2,8,1,0,7,2,3,0,0,0,0,0,1
103172,5,5,5,5,5,2,5,2,1,4,4,3,3,3,5,5,0,2,3,0,1,10,3,2,21,5,7,1,1,1,0,1,1
103173,2,1,0,2,5,2,3,3,2,2,4,1,5,4,5,1,2,2,2,0,3,5,2,1,23,3,2,0,0,0,1,0,0
103174,2,3,1,2,5,2,0,3,5,1,5,0,2,5,1,1,3,1,3,0,1,4,0,3,29,2,5,0,0,0,1,1,1
103175,5,0,1,1,4,3,4,4,3,2,4,4,0,2,5,5,4,2,3,4,4,1,1,4,27,1,4,1,1,0,1,0,1
103176,3,1,3,4,0,0,5,1,3,5,1,1,2,1,5,1,5,0,4,2,1,5,1,2,12,2,8,0,1,1,1,1,0
103177,3,3,5,5,3,2,0,5,3,1,2,2,4,1,5,4,4,2,3,2,0,0,3,0,26,6,2,1,0,0,1,1,0
103178,1,2,4,3,3,5,3,3,4,5,3,3,0,4,3,5,0,1,1,5,2,0,3,2,28,1,5,1,1,1,1,1,0
103179,1,5,5,1,0,5,2,0,1,3,4,0,4,2,5,5,4,1,1,5,1,1,2,4,27,0,0,1,0,1,1,1,0
103180,1,3,0,3,0,3,0,1,2,0,1,3,4,4,1,3,5,1,2,0,1,2,2,4,10,1,2,0,0,1,0,0,0
103181,1,2,4,4,3,2,1,0,2,0,1,5,1,1,3,0,3,4,5,5,2,6,2,2,14,5,0,1,0,1,0,0,1
103182,1,2,4,0,4,2,5,4,0,3,5,1,5,4,1,5,2,4,2,1,1,4,2,3,15,3,9,0,1,0,1,0,1
103183,4,3,2,3,1,4,2,2,3,0,5,5,4,4,2,1,5,5,2,4,0,8,3,1,28,4,10,1,0,1,1,1,1
103184,0,4,0,3,2,2,3,2,4,0,1,2,2,2,1,1,0,5,1,3,3,10,3,3,14,1,9,0,1,1,1,0,0
103185,3,1,0,3,0,5,4,2,3,2,0,0,5,5,3,1,0,1,0,0,3,8,0,4,10,6,8,0,1,1,1,0,0
103186,5,3,5,3,0,0,2,4,0,2,3,2,3,2,4,0,0,1,4,1,4,8,1,0,7,2,8,1,0,0,0,1,0
103187,4,3,1,5,3,3,5,5,2,5,0,1,2,3,4,1,4,5,5,2,3,6,0,4,18,4,6,1,1,0,1,1,1
103188,2,0,3,0,3,3,2,5,2,5,1,2,3,0,4,2,0,4,1,0,2,10,3,3,7,3,4,0,0,0,1,0,1
103189,0,5,5,3,4,2,5,5,0,5,3,1,5,3,0,0,0,3,1,2,0,2,0,0,3,4,5,0,1,0,1,0,0
103190,5,3,2,4,5,2,0,1,3,0,2,4,3,5,2,1,3,2,3,3,0,8,3,2,26,5,2,1,1,1,1,1,1
103191,0,1,1,4,1,0,5,3,3,4,0,2,3,3,3,0,3,1,5,3,0,9,0,0,6,3,2,0,0,0,0,0,0
103192,4,3,2,2,2,2,0,3,4,5,2,4,3,2,2,4,1,0,2,0,3,9,0,4,30,6,0,0,0,1,1,1,1
103193,4,4,1,5,5,2,4,1,4,3,4,1,4,3,1,4,5,5,5,4,2,3,1,4,15,2,3,1,1,1,1,1,1
103194,1,5,1,1,0,3,3,5,5,5,4,0,1,3,1,1,2,3,1,1,4,0,3,3,29,0,8,1,0,0,1,1,1
103195,4,0,4,2,4,3,3,5,2,4,4,1,3,1,3,5,3,0,5,3,5,9,1,0,17,5,1,1,1,1,1,1,1
103196,1,2,2,4,5,2,5,5,1,4,1,4,4,1,2,0,4,2,1,5,3,9,3,4,8,2,2,1,1,1,1,1,1
103197,1,1,4,2,0,3,3,5,3,2,3,5,1,5,4,0,4,4,0,2,1,6,3,4,16,3,1,1,0,1,1,0,1
103198,4,3,4,2,0,3,4,0,3,2,1,5,4,3,3,2,2,1,2,3,5,8,1,3,10,2,6,1,1,0,1,1,0
103199,5,3,3,3,4,0,4,0,1,2,3,0,0,5,1,5,3,5,1,5,5,5,1,2,10,2,6,0,1,0,0,1,0
103200,1,2,3,3,2,5,5,4,2,1,0,5,0,2,3,1,1,2,1,4,0,6,3,1,5,1,9,1,0,1,0,0,1
103201,5,5,1,5,5,5,1,4,5,3,2,2,2,5,3,5,3,4,2,2,4,2,2,2,17,6,6,1,1,1,1,1,1
103202,5,3,3,3,3,2,5,2,4,2,1,0,3,3,0,1,5,3,4,0,1,7,0,3,22,0,5,1,1,1,1,1,1
103203,4,2,4,1,3,4,3,0,3,1,4,1,0,5,4,3,4,4,4,2,1,8,2,1,20,6,10,1,0,1,1,1,1
103204,0,0,1,0,1,2,0,1,5,1,1,5,2,4,4,1,1,2,3,4,3,8,2,4,2,1,7,0,1,0,1,0,0
103205,1,1,1,5,1,0,5,0,0,3,1,3,1,5,5,3,5,4,1,2,2,0,0,2,5,2,1,0,0,0,0,0,1
103206,4,5,4,2,1,5,4,0,3,0,3,0,5,3,5,1,4,2,4,1,2,0,1,1,21,2,3,0,1,1,1,1,1
103207,5,2,5,1,0,1,5,1,1,2,3,4,4,4,1,1,5,1,5,0,2,9,1,0,17,5,3,0,1,1,1,0,0
103208,4,5,2,1,0,2,4,3,1,0,2,2,5,0,4,2,4,0,0,5,1,2,1,0,9,3,4,0,0,0,1,1,0
103209,2,3,4,0,5,3,2,3,4,2,5,0,2,3,5,1,3,2,1,1,1,6,2,3,18,3,0,1,1,1,1,0,1
103210,1,3,1,1,0,2,2,2,4,3,5,2,3,4,0,3,4,3,5,4,5,10,3,1,22,0,4,1,0,1,1,1,1
103211,5,2,3,4,3,1,1,3,2,3,3,4,2,4,3,2,5,3,0,5,5,5,3,0,9,0,2,1,0,0,1,0,0
103212,1,3,5,3,3,4,2,4,3,0,3,1,2,3,4,3,2,5,3,4,2,3,2,3,7,3,6,1,1,1,1,1,1
103213,2,0,2,3,0,2,0,0,3,4,3,0,3,5,0,0,3,5,4,0,5,10,1,3,4,5,8,0,0,0,1,0,0
103214,5,0,3,0,5,3,4,1,5,1,0,1,5,1,0,3,5,2,3,1,5,1,3,0,29,6,6,1,1,0,0,1,0
103215,3,2,0,4,3,3,4,1,0,2,2,4,5,4,1,4,4,0,1,0,5,5,2,1,8,2,4,1,1,0,0,0,0
103216,1,3,3,5,0,5,5,0,3,4,4,1,1,1,0,0,0,3,5,2,5,7,0,4,5,5,4,0,1,0,0,1,0
103217,0,3,3,5,0,2,3,0,0,0,4,2,1,1,1,1,5,5,0,5,4,0,0,0,12,0,0,0,0,0,0,0,0
103218,2,2,5,2,4,2,5,4,5,1,0,3,2,4,1,0,3,3,3,0,0,4,2,3,3,4,0,1,1,1,0,1,0
103219,5,1,1,3,3,5,1,5,1,0,0,0,4,4,1,1,1,3,4,2,4,0,2,1,6,3,3,0,0,0,1,0,0
103220,2,4,2,1,2,2,2,0,0,1,5,3,2,5,2,5,4,2,5,2,5,9,0,3,5,3,5,1,1,0,0,1,1
103221,4,3,3,5,2,1,4,4,4,0,4,4,0,2,5,0,5,5,0,3,5,4,1,3,21,6,8,1,1,0,1,1,1
103222,1,0,5,5,0,0,4,1,4,0,2,3,0,4,5,1,5,4,1,0,4,6,0,0,9,3,4,0,0,0,0,0,1
103223,4,2,1,1,0,1,4,0,5,3,5,1,2,4,0,0,0,5,5,3,5,10,3,3,7,0,7,1,0,0,0,0,0
103224,4,4,4,2,3,1,2,1,2,0,0,3,5,5,4,4,3,0,4,0,4,10,3,2,21,1,7,1,1,1,1,1,1
103225,3,4,5,1,2,1,0,5,1,2,4,5,4,1,4,3,0,1,0,2,1,0,3,1,17,0,7,0,1,0,1,0,0
103226,4,1,3,3,1,3,5,2,4,1,5,1,1,2,2,0,3,0,5,1,1,7,2,0,14,4,1,0,1,1,1,0,0
103227,3,5,2,1,2,3,2,4,5,5,2,0,3,4,2,1,2,3,4,2,3,0,1,4,2,4,6,0,0,0,1,0,1
103228,2,3,1,4,3,1,3,2,5,0,2,3,4,2,2,4,5,0,1,4,1,7,0,2,15,3,10,1,1,1,1,0,0
103229,4,2,1,5,1,2,0,2,2,2,1,2,1,5,5,4,0,5,1,5,4,10,2,1,7,5,7,1,1,1,1,1,1
103230,5,3,0,5,2,2,5,4,3,2,5,3,4,4,1,3,2,5,2,1,2,5,2,1,19,5,10,0,1,1,1,1,1
103231,5,5,0,1,1,0,1,5,4,4,4,3,3,0,3,3,4,4,4,2,3,7,1,1,4,6,9,0,0,0,1,0,0
103232,1,1,2,0,3,1,5,3,4,0,2,0,4,2,5,2,3,0,5,5,0,0,2,2,21,2,8,0,1,0,0,0,0
103233,4,0,0,4,0,4,4,5,3,5,1,4,0,3,4,5,2,3,2,5,1,0,1,4,14,1,4,1,0,0,0,0,0
103234,0,2,0,0,5,0,1,0,0,1,2,5,0,4,1,2,4,4,2,3,4,0,3,1,22,1,3,0,0,0,0,0,0
103235,3,0,4,2,3,1,2,5,3,0,2,0,2,3,4,5,1,2,4,3,4,6,3,4,15,5,10,1,1,1,1,1,1
103236,3,5,0,5,1,2,5,1,1,4,2,3,2,3,1,5,1,0,4,2,5,8,0,2,14,5,6,0,0,1,0,1,0
103237,2,5,0,2,4,0,3,1,2,3,5,2,1,3,1,5,2,4,4,5,4,5,0,2,29,0,4,0,1,1,1,1,0
103238,5,3,3,0,5,3,4,5,3,3,2,3,5,0,5,4,2,2,0,2,5,8,0,2,5,3,5,1,1,1,1,0,1
103239,5,5,5,5,0,4,3,2,0,5,0,3,1,2,4,2,1,5,2,2,1,1,1,4,18,1,3,1,1,1,1,1,1
103240,0,0,4,4,1,2,1,1,2,2,4,3,2,1,1,3,4,3,1,2,1,2,2,4,4,5,8,0,0,0,0,0,0
103241,1,3,0,1,0,1,0,0,1,5,4,0,0,2,4,2,2,2,5,5,3,1,0,2,5,3,5,0,0,0,0,0,0
103242,1,2,1,3,0,4,0,1,0,5,0,4,0,1,1,5,2,4,3,1,3,6,1,4,9,5,4,0,0,0,0,0,1
103243,5,1,4,3,4,1,2,4,3,3,4,4,1,5,1,5,1,4,4,0,2,4,1,2,5,3,0,0,0,1,0,1,1
103244,3,1,4,3,1,0,4,0,4,4,2,3,4,0,5,0,5,0,2,2,1,3,2,3,6,4,5,0,0,1,1,0,1
103245,4,3,2,5,2,0,1,5,5,0,4,1,3,1,2,4,0,1,5,2,1,6,1,4,25,2,9,1,1,1,1,1,1
103246,4,3,5,4,4,0,1,4,4,3,1,4,4,2,0,4,3,3,3,0,2,8,0,0,13,3,8,1,1,0,1,0,1
103247,4,0,5,1,3,5,2,1,1,0,1,1,4,3,5,3,5,5,3,3,5,5,3,3,23,4,5,1,1,1,1,1,1
103248,0,3,4,5,4,5,1,4,0,2,3,0,3,1,0,5,4,5,3,2,1,9,2,0,30,6,4,1,1,1,1,1,1
103249,0,5,4,5,0,3,2,3,4,4,0,1,2,4,5,0,5,0,1,3,3,8,3,0,8,1,0,0,1,1,1,0,0
103250,2,0,4,0,5,5,3,2,0,0,1,0,2,0,2,5,0,5,5,2,3,4,0,4,10,5,8,0,1,1,0,0,1
103251,2,5,0,1,0,4,1,3,2,2,0,2,0,0,1,0,2,2,2,0,2,2,3,0,8,3,8,0,0,0,1,0,0
103252,4,3,4,3,4,2,0,0,2,2,2,1,1,1,1,1,5,5,0,0,1,7,1,3,29,4,7,1,1,1,1,1,1
103253,0,2,5,5,3,4,0,5,1,1,5,0,2,1,0,3,0,1,1,3,3,6,1,3,2,1,2,0,0,1,0,0,0
103254,2,4,1,4,2,2,2,4,3,3,3,5,1,3,5,4,5,5,3,3,0,3,3,2,20,3,6,0,1,0,1,1,1
103255,1,3,0,3,5,5,1,1,4,4,4,4,0,4,5,5,0,3,4,1,5,10,2,0,8,1,6,0,0,1,1,0,1
103256,1,4,2,1,5,5,4,0,5,5,4,2,3,4,4,0,4,2,2,4,1,5,0,0,3,1,4,0,0,0,1,0,0
103257,1,0,1,0,0,5,0,2,2,5,0,2,2,1,1,4,4,2,3,2,4,2,2,0,16,6,10,0,0,0,1,0,0
103258,1,0,5,5,5,3,0,2,2,5,5,1,5,2,3,4,1,1,5,1,0,8,0,4,23,0,8,1,1,0,1,1,0
103259,3,3,2,3,1,3,3,4,1,1,0,4,4,1,4,2,5,5,0,2,4,5,1,3,28,6,3,0,1,0,0,0,1
103260,2,1,3,2,4,0,3,5,0,0,1,1,4,3,0,3,3,2,5,2,0,1,2,0,22,5,7,0,1,0,0,0,1
103261,2,1,5,5,4,3,4,0,5,1,3,0,2,1,3,2,3,3,3,0,2,7,2,2,2,0,1,1,1,0,1,0,0
103262,2,2,4,0,3,0,0,1,5,5,2,2,3,3,1,2,0,1,1,5,2,0,0,2,22,1,8,0,0,0,1,0,0
103263,4,4,4,1,5,3,4,3,5,1,1,1,5,4,4,1,0,1,0,2,5,7,0,1,4,3,1,1,0,1,1,1,1
103264,5,1,5,5,4,0,5,2,0,4,2,5,3,3,5,2,0,5,5,5,3,7,2,1,6,3,4,1,1,1,1,1,1
103265,3,5,4,1,3,2,3,5,2,2,2,2,1,0,2,3,2,0,3,1,3,7,0,0,4,1,9,0,1,0,0,0,0
103266,3,2,1,5,1,4,2,3,3,4,3,4,4,5,1,1,1,2,3,1,5,8,2,1,2,4,2,0,0,0,0,0,1
103267,4,0,4,5,2,1,2,1,5,4,4,2,0,2,2,4,3,3,3,1,5,0,1,0,28,4,4,1,0,1,0,0,0
103268,4,0,1,0,5,3,4,4,2,5,2,1,3,3,0,2,1,1,1,1,1,6,3,1,25,4,0,0,1,1,1,0,0
103269,0,5,1,2,1,1,0,2,0,0,2,1,5,4,1,5,2,3,0,4,2,7,3,3,25,2,1,0,0,0,1,0,1
103270,5,0,3,4,5,1,4,2,5,1,0,5,5,3,1,0,5,5,0,1,0,2,0,1,23,3,5,0,0,0,1,0,0
103271,0,2,1,2,1,1,1,4,0,0,5,0,4,5,0,2,5,2,4,0,4,10,3,4,16,4,8,0,0,1,0,1,1
103272,2,4,0,1,3,0,5,2,4,2,3,5,3,5,4,1,4,1,1,3,4,5,3,1,18,5,8,1,1,0,1,1,1
103273,3,3,5,0,3,2,0,4,2,2,1,0,2,3,2,3,3,1,0,4,0,7,2,4,20,6,8,1,0,1,1,1,1
103274,2,1,3,0,1,0,3,2,0,5,0,4,1,3,5,3,4,2,3,5,3,4,2,0,24,2,7,0,0,0,0,0,1
103275,1,0,4,1,2,5,2,3,3,4,5,4,2,2,1,0,4,5,2,3,5,6,0,2,4,6,10,1,1,1,0,1,0
103276,5,4,4,1,0,4,2,2,2,0,0,3,3,2,1,3,4,2,2,1,5,10,3,0,18,0,7,1,1,0,1,1,1
103277,0,2,3,1,2,1,2,3,2,2,1,0,1,0,2,3,2,4,0,5,2,0,0,2,10,1,8,0,0,0,0,0,0
103278,1,0,3,5,5,5,0,2,1,4,5,4,1,4,1,3,2,5,0,3,2,7,1,2,19,6,3,1,1,0,1,1,1
103279,5,1,4,3,0,2,5,0,4,4,2,0,4,0,4,3,3,0,3,5,1,8,3,0,8,4,3,0,0,1,1,1,1
103280,4,3,1,0,5,3,3,1,1,4,5,4,3,1,5,4,5,2,5,4,5,5,0,0,29,0,10,0,1,1,1,1,1
103281,0,1,4,0,4,4,3,2,0,1,3,4,2,3,4,4,4,5,1,2,1,9,1,3,2,0,2,1,0,0,1,0,0
103282,4,2,4,0,4,4,3,1,2,5,3,5,4,4,1,0,3,2,3,0,0,4,3,1,6,3,0,0,0,0,1,0,0
103283,5,0,1,1,1,0,3,2,1,5,5,2,5,0,4,3,5,1,1,3,4,9,3,1,27,5,4,1,0,0,1,0,1
103284,0,4,0,4,5,1,3,2,3,1,0,3,4,4,2,5,1,0,5,0,5,3,1,1,10,0,1,0,0,0,0,1,0
103285,2,3,5,0,1,2,2,1,3,3,2,1,4,0,5,2,4,0,3,4,0,5,0,2,17,2,2,0,1,0,0,1,0
103286,2,4,5,2,3,3,0,2,4,4,2,3,1,3,2,2,4,3,1,0,2,1,2,2,5,4,8,0,1,1,1,0,0
103287,0,0,5,2,0,5,0,1,5,5,4,4,5,4,3,3,1,4,0,1,4,0,2,3,21,5,5,0,1,0,0,0,1
103288,1,2,0,0,5,2,3,3,0,0,2,1,4,1,2,1,3,3,1,2,5,7,1,3,8,2,2,0,0,1,0,0,0
103289,1,1,5,0,4,2,1,2,0,1,5,4,3,2,5,2,3,3,4,5,0,3,2,3,23,5,2,0,1,0,0,1,1
103290,1,3,5,1,0,0,2,3,2,5,4,2,0,3,0,1,3,1,5,1,0,5,0,1,26,4,1,0,0,0,0,0,0
103291,2,4,4,0,3,3,3,2,0,0,5,5,3,3,5,2,5,3,3,2,5,3,0,4,13,6,5,0,0,1,0,0,1
103292,2,1,2,4,1,2,3,5,5,2,4,0,3,4,5,4,1,3,4,2,1,0,0,2,22,3,3,0,0,0,1,1,1
103293,1,4,3,5,2,3,1,2,4,1,4,1,1,5,0,5,2,1,1,0,0,7,1,4,13,1,6,1,0,1,1,0,1
103294,1,3,2,3,3,5,3,3,2,3,2,4,1,2,1,2,3,2,1,5,3,4,3,4,18,6,0,1,1,0,0,1,0
103295,1,4,0,4,5,3,5,2,5,2,4,1,4,3,1,5,0,3,0,2,1,9,2,3,2,5,6,1,1,1,0,1,1
103296,4,0,3,4,1,0,2,4,3,5,2,5,3,5,2,1,0,0,2,1,0,8,2,2,8,1,6,0,0,0,1,0,1
103297,1,5,1,5,0,4,0,3,3,0,2,5,1,3,3,1,2,3,3,4,2,10,3,4,16,5,10,1,0,1,1,1,0
103298,5,2,1,0,2,2,3,0,4,3,1,0,5,0,3,5,4,0,1,1,3,1,2,2,15,2,4,0,0,1,0,0,0
103299,3,1,0,5,5,2,3,4,3,3,5,5,5,1,1,3,2,2,0,5,3,4,2,0,10,4,2,1,1,1,1,1,0
103300,4,1,2,2,4,5,2,4,4,3,4,2,0,3,4,3,3,0,4,4,1,8,0,2,18,2,2,1,0,1,1,0,1
103301,3,5,0,3,0,3,3,2,1,0,0,5,0,5,0,2,4,1,0,0,5,2,3,2,9,4,4,0,0,0,1,0,0
103302,1,5,5,4,0,4,4,3,3,2,2,4,4,1,3,3,3,2,1,5,3,5,3,0,5,0,8,1,1,0,0,1,0
103303,3,0,5,2,4,5,3,0,4,5,3,1,0,1,4,5,3,0,0,1,0,0,2,4,27,1,0,1,1,1,1,0,1
103304,1,2,4,1,4,2,4,5,5,3,4,0,4,3,2,1,3,4,0,3,4,0,3,2,4,6,8,0,0,0,1,0,1
103305,0,4,1,0,3,5,0,4,1,0,1,1,3,0,2,4,3,5,0,0,2,2,2,4,7,2,5,0,0,1,0,0,1
103306,1,3,0,1,0,1,1,5,0,4,4,2,4,5,0,2,5,1,4,4,3,10,0,0,7,0,7,0,0,0,0,1,1
103307,1,1,3,0,1,5,3,3,3,5,1,3,0,5,0,2,2,3,1,5,4,0,0,1,29,4,6,1,0,0,0,0,0
103308,0,2,4,2,5,5,1,1,0,4,0,4,5,3,2,1,0,3,0,1,4,2,2,1,24,1,10,1,1,1,1,0,0
103309,0,2,0,4,0,0,5,1,4,0,0,4,0,2,0,5,5,2,4,1,1,4,2,4,25,2,10,0,1,0,0,0,1
103310,5,1,5,2,1,0,4,5,2,0,5,1,2,2,3,1,2,5,3,1,2,0,3,3,18,0,3,1,1,0,0,1,1
103311,3,5,2,3,2,0,2,0,4,1,3,1,4,3,5,2,5,5,5,0,5,1,1,0,25,5,5,0,1,1,0,0,0
103312,2,1,4,1,4,1,4,4,0,2,4,3,0,5,2,5,4,3,1,5,4,5,3,1,20,0,3,1,0,0,0,1,1
103313,5,4,0,3,4,5,5,0,0,5,3,4,4,4,4,2,3,4,5,3,0,9,2,0,24,3,8,1,1,1,0,1,1
103314,1,5,2,5,3,0,0,4,1,2,3,3,4,2,3,0,3,5,2,5,3,1,2,2,5,2,8,1,1,0,0,0,0
103315,2,4,2,1,2,0,3,3,0,5,1,3,5,3,4,5,2,5,3,0,4,2,2,3,9,4,3,0,0,0,0,0,1
103316,5,4,0,2,2,2,2,2,0,0,0,4,3,3,4,0,4,1,0,2,3,0,2,3,11,1,2,1,0,1,1,0,0
103317,3,0,4,5,0,2,4,4,4,4,4,2,1,0,4,5,1,5,0,4,4,1,0,0,21,5,0,0,0,0,0,0,0
103318,2,0,5,3,1,3,1,2,4,4,1,1,4,1,0,2,5,3,0,4,3,7,0,4,8,6,10,1,0,1,1,0,1
103319,1,4,3,2,1,3,1,3,3,5,5,4,0,1,4,3,3,5,4,3,4,0,2,4,4,1,0,1,0,1,1,0,0
103320,0,4,2,0,0,4,4,4,2,3,0,1,4,3,4,3,2,3,3,1,3,1,2,3,24,6,2,0,0,0,0,0,1
103321,0,4,3,5,4,2,5,2,1,3,5,0,0,5,2,1,1,5,4,1,5,1,3,4,12,3,8,1,0,1,0,1,1
103322,0,2,2,3,2,2,0,0,5,0,2,0,4,4,3,1,4,1,2,0,2,10,3,4,6,1,1,0,0,0,0,0,1
103323,4,3,2,0,3,0,3,5,5,5,1,2,0,3,4,0,2,4,2,5,3,10,1,4,28,3,5,1,1,1,1,1,1
103324,3,0,4,3,1,5,4,3,1,3,1,2,2,3,1,1,2,2,2,4,1,8,0,1,9,1,4,0,1,0,0,0,0
103325,2,1,3,5,3,1,0,2,5,4,4,3,5,2,1,0,0,0,2,3,4,1,2,3,21,3,8,1,0,1,0,0,0
103326,4,3,1,5,0,3,3,0,3,2,4,1,2,1,4,0,4,3,0,3,3,9,0,0,22,2,0,1,0,0,0,1,0
103327,0,0,2,1,4,5,5,0,2,0,2,2,0,5,1,2,0,3,1,3,0,9,1,0,25,4,9,1,0,1,0,0,0
103328,1,0,5,2,4,3,5,1,1,4,2,3,5,0,4,4,2,0,5,0,1,7,3,2,20,3,7,0,1,0,1,0,0
103329,2,0,3,5,1,3,1,5,3,4,5,1,3,5,2,2,4,0,4,1,3,7,3,4,17,0,3,1,0,0,1,1,1
103330,5,1,0,4,1,1,5,4,0,1,2,3,2,1,4,4,2,3,3,2,0,5,3,2,27,3,8,1,1,0,1,0,1
103331,3,5,5,3,4,4,2,2,1,4,1,1,5,4,1,1,0,5,2,2,5,3,2,4,2,6,3,1,1,1,1,0,0
103332,5,4,4,1,1,1,2,4,4,0,5,5,3,5,2,3,5,3,2,3,0,7,0,1,26,2,3,1,1,0,1,1,1
103333,1,5,1,4,1,4,1,2,2,3,4,2,3,5,3,3,0,2,4,2,0,3,3,3,28,0,9,0,1,1,1,1,0
103334,5,1,5,3,2,3,4,5,0,0,3,4,4,5,3,4,4,2,5,2,5,6,0,3,26,1,3,1,1,1,0,1,1
103335,0,3,5,3,5,2,0,1,0,4,0,2,1,3,5,4,0,4,2,1,1,7,1,0,22,3,8,0,1,1,1,0,0
103336,1,5,5,5,2,4,4,4,4,2,2,2,0,3,2,5,4,2,0,0,5,8,1,2,23,5,7,1,1,1,1,1,1
103337,3,2,2,2,1,4,0,2,5,1,5,4,3,0,5,3,5,3,3,4,2,10,2,4,26,1,9,0,0,1,1,1,1
103338,0,3,5,3,3,1,5,4,4,4,5,1,4,4,2,1,3,5,2,5,5,2,3,2,6,3,5,1,1,0,1,0,1
103339,5,4,4,0,2,2,1,1,0,4,4,4,5,3,4,0,0,4,5,4,1,0,2,4,20,4,0,1,0,0,1,1,1
103340,5,4,5,4,3,2,3,5,4,3,2,0,0,0,0,4,0,5,3,5,2,1,0,4,17,0,5,1,0,1,0,1,1
103341,3,5,3,3,2,0,1,1,1,4,5,5,0,2,2,1,1,4,0,3,5,3,0,4,23,5,7,0,0,1,0,0,0
103342,1,3,1,5,3,2,0,3,3,0,3,4,5,5,5,0,2,2,1,5,1,7,0,0,5,5,4,0,0,1,0,0,0
103343,0,3,1,1,2,0,0,4,3,4,0,3,1,2,5,2,5,0,1,2,1,8,1,3,4,0,6,0,0,0,1,0,1
103344,3,5,5,5,2,2,5,3,5,3,2,2,3,1,0,5,0,2,1,4,5,2,3,1,16,2,9,1,1,1,1,1,0
103345,3,4,3,3,2,1,0,3,4,0,1,2,2,1,1,1,3,2,2,1,0,10,0,0,4,3,10,0,1,1,0,0,0
103346,4,2,5,1,2,1,0,5,0,2,4,2,1,1,3,3,4,2,0,5,3,10,1,3,24,5,0,1,0,1,1,0,1
103347,3,3,3,0,5,4,3,5,0,3,1,1,4,3,0,2,3,5,4,4,2,7,2,4,9,4,5,1,1,1,1,1,1
103348,0,3,3,1,1,0,5,4,5,4,4,4,4,1,2,4,4,3,4,5,5,1,2,2,16,5,6,0,0,1,1,0,0
103349,0,1,0,1,4,0,0,1,1,3,1,1,1,3,5,4,4,0,2,0,3,8,2,1,3,1,2,0,0,0,0,0,0
103350,4,3,2,3,4,1,1,4,0,1,3,1,5,2,4,2,0,1,4,3,2,7,1,4,12,0,5,1,1,0,1,1,0
103351,0,3,3,5,3,0,3,3,1,1,1,2,3,3,2,2,5,1,5,3,2,3,3,0,21,4,9,0,0,1,0,1,0
103352,5,5,0,5,1,5,2,3,2,4,1,2,1,3,2,2,2,2,2,3,4,8,2,0,30,2,3,0,1,1,1,1,0
103353,0,3,0,4,2,5,0,5,5,5,4,1,1,0,2,4,2,5,2,2,0,0,0,3,20,6,6,0,1,0,1,0,0
103354,4,0,3,2,5,4,5,3,5,3,5,2,0,0,1,4,5,0,0,3,4,3,2,2,10,4,2,1,1,1,0,1,0
103355,5,5,1,3,1,4,2,5,3,4,4,4,3,1,4,1,4,4,3,1,0,0,2,0,19,5,8,0,0,1,0,0,1
103356,2,3,4,1,3,0,4,3,1,3,3,1,3,2,0,1,0,0,1,1,3,7,0,3,7,5,5,0,0,1,0,0,0
103357,0,1,2,1,4,3,2,0,4,2,5,1,1,2,4,4,1,0,0,5,2,8,1,4,15,1,10,0,1,0,1,0,0
103358,5,4,2,3,3,0,3,4,5,2,4,4,3,4,2,3,2,1,2,0,1,10,0,3,16,3,0,1,1,0,1,1,1
103359,1,2,0,4,0,1,5,2,2,2,5,1,1,5,4,4,5,2,4,5,1,5,3,3,5,2,9,0,0,1,0,1,1
103360,3,2,2,0,3,2,1,3,3,0,0,4,1,4,3,0,0,0,1,5,4,10,0,0,15,3,4,0,0,0,0,0,0
103361,5,5,3,0,1,4,4,1,2,3,4,5,1,2,5,5,2,0,0,3,5,3,2,0,24,3,10,1,1,1,1,1,1
103362,4,5,3,1,5,1,1,1,5,1,3,3,3,1,3,5,2,1,4,2,2,1,0,3,11,0,9,0,0,0,1,0,0
103363,0,3,1,1,2,1,1,4,3,5,4,3,5,2,5,5,1,4,1,5,0,10,0,1,4,5,3,0,0,0,1,0,1
103364,4,2,0,0,2,4,0,1,0,5,5,4,3,1,5,1,3,2,0,0,4,1,0,2,9,0,8,0,0,0,0,0,0
103365,0,5,5,0,5,1,2,0,5,2,3,0,3,3,4,3,1,0,0,4,0,9,3,4,24,4,1,1,0,0,1,1,1
103366,4,1,5,0,2,2,3,2,3,3,4,0,5,4,2,3,2,0,2,5,3,3,3,4,30,1,3,1,1,1,0,1,1
103367,3,4,5,2,1,1,3,4,2,0,5,1,3,1,0,1,4,0,2,1,5,3,3,0,27,3,6,1,1,0,1,1,0
103368,1,3,1,4,5,5,2,1,1,3,0,2,4,3,4,5,5,5,5,4,0,0,0,3,12,3,0,1,1,1,0,1,1
103369,2,5,3,0,3,3,2,2,4,5,4,5,3,2,3,0,0,2,4,2,2,2,0,4,17,0,9,0,1,1,0,1,0
103370,0,2,0,1,3,0,1,2,0,3,4,3,0,2,1,4,2,0,2,3,2,1,3,1,18,3,4,0,0,0,0,0,0
103371,5,4,5,5,0,0,5,5,1,5,1,5,3,1,0,3,0,0,2,5,1,5,1,2,21,3,3,1,1,1,0,1,0
103372,1,0,0,1,2,5,2,0,4,0,0,2,4,3,5,2,0,5,4,5,2,4,3,2,4,0,3,0,0,0,0,1,0
103373,1,4,2,5,2,5,1,5,1,5,3,4,2,0,3,4,0,4,0,2,2,3,2,3,16,4,2,0,0,1,1,0,0
103374,3,0,5,3,1,4,5,0,4,2,2,4,3,2,0,3,4,4,1,4,5,0,1,0,15,6,0,1,0,0,1,0,0
103375,4,3,4,4,3,0,3,3,1,0,1,0,0,2,5,0,3,3,4,1,0,8,2,1,8,1,3,1,1,0,0,1,0
103376,3,1,5,1,1,4,5,5,4,3,1,3,2,2,4,2,1,4,3,0,5,0,0,3,16,0,3,0,1,1,0,0,0
103377,3,5,2,1,2,3,2,5,4,3,3,3,5,5,2,5,2,2,5,4,5,1,3,2,3,4,9,1,1,1,0,1,1
103378,3,4,0,2,4,5,2,3,4,0,1,2,0,4,1,0,4,1,3,4,1,10,3,4,12,6,10,1,1,1,1,1,1
103379,5,0,0,0,4,2,4,2,4,2,0,4,3,3,1,0,1,2,1,2,4,8,1,1,21,6,5,1,0,0,0,0,0
103380,2,5,0,1,1,2,5,4,4,5,0,2,4,5,3,4,2,5,3,0,3,7,2,2,3,6,10,0,0,1,1,0,1
103381,4,1,0,5,1,3,4,5,2,1,1,4,4,3,1,0,0,2,1,0,5,1,0,4,5,1,10,1,0,0,0,0,0
103382,4,3,2,0,0,0,2,0,2,0,3,4,5,3,3,5,1,1,0,4,2,3,1,2,17,3,2,0,0,0,0,0,0
103383,5,0,0,3,2,4,3,1,0,4,3,1,1,2,0,3,1,3,3,0,1,2,1,3,17,6,9,0,0,0,0,0,0
103384,5,0,1,4,0,2,2,1,2,4,4,0,1,1,3,4,0,0,0,1,3,1,1,0,3,5,2,0,0,0,0,0,0
103385,4,1,2,0,0,1,2,5,2,2,3,5,2,1,2,4,4,3,1,1,2,3,2,1,8,4,9,0,0,0,1,0,0
103386,1,3,4,0,5,4,2,0,4,1,1,5,0,5,5,5,4,0,0,2,2,5,3,0,8,3,9,0,1,1,1,1,1
103387,4,3,4,3,5,1,0,0,5,5,5,5,0,4,4,5,3,0,4,0,1,2,2,4,2,5,6,1,0,0,1,0,1
103388,4,5,0,1,3,5,5,0,3,5,3,0,3,0,3,5,1,2,4,4,2,6,3,4,29,0,8,1,1,1,1,1,1
103389,1,0,5,5,4,1,0,5,0,0,3,4,1,1,2,4,0,4,5,2,2,5,3,4,25,3,9,0,1,0,1,1,0
103390,4,4,3,1,2,2,1,0,1,4,2,0,5,5,1,2,5,0,5,0,4,3,0,1,11,1,8,0,0,0,0,1,0
103391,1,0,2,0,3,2,1,1,3,2,2,2,5,1,4,1,2,0,5,4,5,8,1,1,14,6,1,0,0,0,0,0,0
103392,3,1,2,1,5,4,1,3,2,1,5,4,4,3,2,2,3,4,1,5,5,6,0,3,14,3,6,1,1,1,0,1,1
103393,4,1,5,1,0,1,2,2,5,2,2,1,4,2,0,5,3,5,0,1,1,10,0,1,2,4,0,0,0,0,1,0,1
103394,1,0,2,0,2,1,5,0,1,2,4,2,1,4,0,2,4,3,1,0,0,4,3,4,17,2,5,0,0,1,1,0,1
103395,2,3,1,3,0,1,1,2,3,3,0,2,4,5,3,0,2,2,5,5,1,7,2,1,9,0,7,0,0,0,1,1,0
103396,4,5,2,2,4,1,4,4,4,5,5,2,5,2,2,0,3,5,2,0,0,7,3,0,27,5,1,1,1,1,1,0,1
103397,2,4,0,3,4,2,4,1,2,0,4,0,0,0,0,3,4,1,4,3,5,0,3,1,18,0,0,0,0,1,0,1,0
103398,5,5,0,1,4,3,4,3,1,3,4,2,3,2,1,0,5,3,2,0,3,4,2,4,9,2,10,1,1,1,1,1,1
103399,0,3,1,0,3,5,3,2,0,0,1,5,5,0,5,4,4,0,3,0,4,4,1,1,20,3,5,0,1,1,0,1,1
103400,4,0,1,0,2,2,4,1,3,0,3,0,3,1,3,0,1,0,3,4,4,5,0,0,29,0,9,0,0,1,0,1,0
103401,4,2,2,0,0,2,4,0,3,1,4,2,4,2,0,4,1,2,5,1,0,8,2,3,27,5,5,0,1,0,1,0,0
103402,5,4,0,5,4,0,4,5,4,4,0,3,0,0,5,3,2,3,2,2,5,1,0,3,23,5,3,1,1,0,1,0,1
103403,0,0,3,1,5,0,3,5,5,2,3,2,2,0,5,4,4,0,5,3,5,7,2,2,17,1,0,0,0,0,1,1,1
103404,5,0,0,1,5,4,0,3,5,2,5,4,0,1,1,3,5,0,3,3,1,2,2,1,5,3,2,1,0,0,1,0,0
103405,2,5,1,3,2,3,3,4,1,5,5,1,4,0,2,2,2,0,2,3,3,5,3,4,10,5,10,1,1,1,1,1,1
103406,2,0,5,0,1,3,4,2,2,1,4,1,3,1,5,0,1,5,0,5,2,5,0,4,23,3,5,1,0,0,0,0,0
103407,2,5,0,3,3,2,2,5,1,4,5,5,1,0,2,3,3,1,5,3,1,9,2,3,9,0,3,1,1,1,1,1,1
103408,3,4,1,3,0,3,1,3,5,4,1,4,4,3,5,1,3,3,4,3,4,5,0,2,23,2,10,0,0,0,1,0,1
103409,3,3,3,4,0,5,3,4,0,3,4,1,3,4,3,5,0,5,5,4,4,6,2,4,24,2,8,1,1,1,0,1,1
103410,2,3,1,0,4,1,0,4,3,5,1,0,4,5,3,4,5,2,4,5,2,8,1,2,20,3,5,1,0,1,1,1,1
103411,0,0,1,0,5,2,4,5,1,5,5,2,4,3,4,5,5,0,2,0,5,3,1,2,12,6,4,0,0,0,0,0,1
103412,5,2,0,4,2,1,5,3,0,0,3,4,5,0,4,3,5,3,5,0,0,2,2,2,13,0,9,1,0,0,0,0,0
103413,1,4,2,2,3,0,2,5,3,1,4,3,1,0,0,5,3,1,1,0,1,2,0,2,24,5,0,0,0,1,0,0,0
103414,0,5,4,0,3,4,0,5,2,2,1,4,3,4,4,4,4,4,3,0,5,7,1,4,25,4,6,1,1,1,0,1,1
103415,3,2,3,3,0,4,1,4,4,3,1,3,0,4,0,4,0,5,2,0,3,6,2,2,4,2,6,0,0,0,1,0,1
103416,2,5,5,2,1,5,0,2,2,1,5,5,3,1,2,1,0,5,3,4,1,5,3,1,26,0,5,0,1,0,1,1,0
103417,3,4,4,5,1,0,2,0,1,3,5,0,2,5,0,4,0,2,0,2,3,4,3,2,20,5,0,0,1,1,1,0,0
103418,5,0,4,5,5,1,1,2,0,5,1,4,3,3,5,3,3,3,3,5,5,0,0,4,4,5,7,1,0,1,0,1,1
103419,0,3,2,3,2,3,4,4,1,0,2,5,0,2,3,4,2,2,2,1,1,2,0,2,5,6,0,0,0,0,0,0,0
103420,1,3,3,0,4,4,5,5,2,5,0,5,2,3,2,1,4,4,0,4,1,0,3,4,12,3,10,0,0,1,1,1,1
103421,3,3,3,4,1,5,2,4,1,2,3,1,2,0,5,1,1,1,1,2,0,2,3,4,25,1,1,0,1,1,1,0,1
103422,4,4,4,1,5,4,5,3,0,5,0,5,0,4,0,5,1,2,1,1,3,5,1,1,17,0,8,1,1,1,1,0,1
103423,3,5,3,5,5,5,2,3,1,4,0,5,0,1,1,2,2,0,1,4,2,10,1,2,18,1,7,1,1,1,0,1,0
103424,2,3,2,3,2,4,0,5,5,0,3,5,5,0,4,5,4,1,5,5,5,7,3,0,30,6,10,1,1,0,1,1,1
103425,3,1,0,2,1,1,5,1,5,5,5,1,2,3,5,1,1,1,4,1,0,6,1,1,3,0,5,0,0,0,1,0,0
103426,5,5,5,5,5,3,2,4,2,0,4,4,0,0,2,1,5,2,5,1,1,9,0,0,16,6,4,1,1,1,1,1,0
103427,2,5,2,3,4,3,5,3,3,1,4,5,0,0,4,2,1,0,0,4,4,6,0,0,5,4,8,1,1,0,1,0,0
103428,5,4,4,2,3,2,4,3,1,3,3,1,5,1,0,0,3,3,5,2,2,2,1,2,11,0,0,1,1,0,1,1,0
103429,4,3,4,1,1,5,5,2,2,5,1,1,1,5,1,2,1,5,3,3,2,7,2,3,3,6,6,1,0,1,1,1,1
103430,1,0,0,3,3,4,3,3,3,1,1,4,5,5,1,0,2,5,4,4,2,8,1,4,4,0,1,1,1,1,1,0,1
103431,1,2,3,1,2,3,3,5,0,3,3,4,1,2,2,0,3,4,5,4,4,3,1,2,28,1,0,0,0,0,0,0,0
103432,4,1,2,0,4,2,1,2,5,0,5,3,0,2,2,1,4,3,1,2,3,1,0,4,19,1,2,0,0,0,1,0,0
103433,1,3,1,0,4,4,1,0,5,2,0,3,5,2,0,2,5,1,5,3,0,6,0,1,29,1,6,0,0,0,1,0,1
103434,2,4,1,3,2,1,1,0,5,1,2,5,0,3,1,3,1,5,4,4,2,7,0,1,25,2,8,0,1,1,1,1,1
103435,1,1,3,5,0,1,1,1,1,2,1,2,4,3,0,2,4,3,1,0,3,7,0,4,13,1,1,0,0,0,0,0,0
103436,3,5,0,1,3,2,3,2,5,4,0,4,4,1,0,1,4,4,3,3,3,1,1,0,30,3,3,0,0,1,0,0,1
103437,1,0,3,1,5,0,5,0,0,4,2,5,5,1,3,5,4,0,4,2,3,2,2,3,3,4,1,0,0,1,0,0,0
103438,3,0,5,3,1,2,0,1,5,4,1,1,3,2,0,1,3,3,0,5,3,6,2,3,20,4,2,0,0,0,1,1,0
103439,5,5,0,0,5,2,3,4,0,0,1,0,5,1,0,3,1,1,0,1,0,5,0,1,2,0,0,0,0,0,0,0,0
103440,4,0,0,0,2,3,4,4,2,4,2,0,3,2,3,2,3,0,0,1,1,2,2,1,19,6,9,0,0,1,0,0,0
103441,5,4,0,3,4,2,2,4,5,3,4,4,0,0,4,0,2,5,4,4,0,5,1,2,21,0,8,1,1,0,1,1,0
103442,0,4,4,3,4,5,1,4,3,0,3,1,1,1,0,4,2,3,3,3,3,4,0,2,18,3,9,1,1,1,0,1,0
103443,2,1,5,0,1,1,2,0,1,5,3,4,0,5,2,0,1,0,2,1,1,4,0,0,10,4,8,0,0,0,0,0,0
103444,1,0,5,1,0,2,4,5,2,4,3,2,5,2,4,0,2,0,3,3,1,7,3,2,24,3,0,0,1,0,1,0,0
103445,5,1,0,1,5,4,5,1,1,4,1,5,2,2,0,0,3,4,3,1,4,3,1,4,22,6,9,1,1,1,1,1,0
103446,4,0,2,4,4,1,4,0,5,2,0,3,3,1,5,0,0,3,1,2,1,5,1,3,16,6,7,0,0,0,0,1,0
103447,1,4,0,3,3,3,2,4,2,4,0,3,4,5,3,1,2,0,3,5,1,2,0,0,14,2,4,0,0,0,1,0,0
103448,3,5,2,4,1,5,3,2,0,1,5,1,3,1,4,0,3,3,5,2,0,0,2,1,10,2,4,1,0,1,1,1,1
103449,3,5,1,0,0,2,4,2,0,4,5,1,5,1,5,1,2,5,5,5,1,7,1,0,15,5,4,1,1,0,1,0,0
103450,2,4,3,5,1,1,4,2,3,3,2,1,5,2,1,0,5,3,1,5,5,6,1,0,12,6,3,1,0,0,0,1,0
103451,2,4,5,1,3,1,0,3,0,3,4,0,1,4,1,1,5,5,1,3,1,4,1,0,21,6,8,1,0,0,0,1,0
103452,0,5,4,5,4,0,0,3,1,4,1,1,4,4,3,0,2,5,0,1,2,6,1,0,22,2,4,1,0,1,0,0,0
103453,2,4,0,5,1,1,2,0,3,1,1,5,1,1,4,1,5,5,5,3,2,8,2,3,27,0,7,0,1,1,0,1,1
103454,2,3,1,2,1,5,1,0,5,0,4,4,4,1,0,4,3,2,2,0,1,8,2,4,25,5,6,0,0,1,0,0,1
103455,4,5,1,4,1,1,3,5,0,3,5,1,3,1,3,0,1,5,3,4,4,8,0,4,16,5,8,0,1,1,1,1,1
103456,5,1,1,4,5,5,3,2,2,4,3,2,5,1,5,5,4,2,2,3,4,9,0,4,19,4,9,1,1,0,1,1,1
103457,4,2,2,4,3,5,5,5,2,1,5,4,1,3,3,3,0,2,0,5,0,7,3,0,30,6,9,1,1,1,0,1,1
103458,0,5,3,0,5,4,4,3,5,3,5,0,5,1,0,1,3,3,2,5,2,2,0,4,23,5,6,0,0,1,1,0,0
103459,5,1,4,0,0,5,0,4,4,5,0,4,3,0,0,0,5,5,0,0,4,4,0,3,6,4,1,0,0,0,0,0,0
103460,2,1,5,5,2,2,5,1,5,3,2,3,4,4,1,1,5,2,4,5,2,7,3,3,2,1,9,1,1,0,1,1,0
103461,2,0,4,4,2,5,4,5,3,0,2,4,4,2,2,4,0,2,2,3,0,5,3,0,20,1,1,1,1,0,1,0,1
103462,5,1,1,3,2,3,2,3,1,5,1,0,4,1,0,0,5,1,1,5,2,3,1,2,29,3,1,0,0,1,0,0,0
103463,5,3,1,1,2,0,0,4,5,5,1,5,1,0,4,3,2,2,1,5,2,5,0,1,24,3,4,0,0,0,1,0,0
103464,0,5,2,2,0,4,4,1,4,4,5,4,1,4,5,0,5,0,3,4,1,2,3,1,7,0,3,1,0,0,0,1,0
103465,2,0,4,2,0,5,1,3,3,3,1,1,0,3,2,2,3,5,1,4,1,0,3,3,2,5,6,0,0,0,1,0,0
103466,4,4,5,2,4,5,1,2,2,3,2,5,5,1,0,5,2,5,3,0,5,7,3,3,9,6,9,1,1,1,1,1,1
103467,3,4,2,3,2,2,2,5,4,3,2,0,3,4,3,4,2,5,0,1,4,9,3,0,22,6,1,1,1,1,1,1,1
103468,1,5,1,4,0,0,0,5,2,2,3,0,5,1,0,3,0,0,5,3,0,5,0,1,9,1,3,0,0,0,0,0,0
103469,3,4,0,2,2,3,2,2,1,3,3,4,2,1,2,1,4,0,0,5,5,6,3,2,12,4,3,1,0,1,1,1,0
103470,5,0,0,5,5,5,1,0,1,3,0,5,3,2,0,1,2,5,4,3,1,9,1,2,10,6,2,0,1,1,0,1,0
103471,1,2,3,0,2,5,0,1,3,4,2,0,0,0,3,1,1,4,5,4,1,6,1,1,23,3,8,0,0,1,0,1,1
103472,4,5,3,4,5,3,5,1,3,5,2,4,3,2,5,1,3,1,5,2,3,2,2,1,7,3,9,1,1,1,0,1,0
103473,4,5,3,4,0,4,1,0,1,4,0,4,5,4,2,3,1,2,5,2,5,4,3,1,13,5,7,0,1,0,1,1,1
103474,5,3,0,3,0,0,3,5,2,5,5,0,3,2,2,1,0,4,5,5,2,1,3,0,2,4,0,0,0,0,1,0,0
103475,1,5,2,2,3,3,4,2,1,2,3,0,5,3,3,5,4,2,3,3,5,5,1,3,8,1,6,1,1,1,1,0,1
103476,1,4,1,2,4,0,2,0,4,4,5,1,3,2,5,0,5,4,0,5,2,5,3,3,29,1,7,0,0,0,1,1,1
103477,3,0,2,2,5,4,1,3,2,2,5,1,2,4,4,3,5,4,4,5,3,3,1,4,6,0,2,1,1,1,1,1,0
103478,3,5,3,5,2,0,4,2,4,4,5,1,1,5,5,3,5,2,3,5,3,8,0,4,13,3,4,1,1,0,1,1,1
103479,2,1,1,0,1,3,4,1,1,1,1,4,1,3,1,3,0,0,1,1,5,10,3,3,9,2,0,0,0,0,0,0,0
103480,4,2,3,3,3,5,0,2,2,4,4,1,3,4,4,3,3,2,5,0,4,5,2,2,6,5,3,1,0,1,1,1,1
103481,4,1,1,5,1,0,4,3,0,0,0,3,2,3,5,2,1,5,2,5,3,3,0,0,8,4,6,0,0,0,0,1,0
103482,1,4,3,3,1,2,0,3,0,4,3,2,2,5,1,0,3,3,4,0,0,4,1,0,14,4,10,0,0,1,0,0,1
103483,4,0,2,3,0,0,4,1,0,1,5,1,3,5,2,3,5,0,1,3,1,0,0,0,3,5,4,0,0,0,0,0,0
103484,1,3,2,3,4,4,0,3,0,1,3,5,3,5,5,1,2,0,5,0,0,7,1,3,18,4,6,1,0,0,0,1,1
103485,2,5,0,3,3,5,0,4,5,2,1,1,4,0,3,1,3,5,5,5,2,2,2,2,14,6,0,1,1,0,0,0,0
103486,0,4,3,3,0,0,0,3,1,2,0,1,5,2,2,4,5,0,0,1,2,5,0,2,23,4,9,0,0,0,0,0,0
103487,2,1,5,5,3,3,4,5,3,0,2,1,0,3,3,0,3,0,5,5,0,7,1,4,19,1,5,1,1,1,1,1,0
103488,5,5,3,4,5,4,2,5,5,3,4,5,0,4,2,3,2,4,2,4,2,7,3,3,16,0,5,1,1,1,1,1,1
103489,2,2,4,5,4,0,3,2,2,0,5,5,4,3,2,2,5,0,0,0,1,6,1,2,15,6,1,1,1,1,0,0,1
103490,4,4,4,3,2,2,1,2,2,3,4,3,5,2,3,1,1,3,0,3,4,8,2,4,20,0,8,0,1,1,1,1,1
103491,0,3,0,4,0,0,0,2,4,2,2,3,3,3,1,5,2,0,2,0,2,1,1,3,21,6,3,0,0,0,0,0,0
103492,3,0,4,5,3,5,4,2,4,3,4,3,3,3,4,3,5,5,0,2,0,10,2,1,7,6,2,1,1,1,1,1,1
103493,2,0,1,1,3,3,4,1,0,0,4,3,4,3,4,2,4,1,4,4,4,5,0,4,12,3,6,1,0,1,0,1,0
103494,4,1,3,5,5,3,5,5,5,5,2,4,5,4,5,5,5,1,3,4,3,2,3,1,27,4,4,1,1,1,0,1,1
103495,5,5,5,4,3,5,0,3,0,0,1,0,2,2,4,2,1,1,1,3,4,0,1,0,19,0,8,0,1,1,1,1,0
103496,3,5,5,2,4,4,5,0,2,5,1,4,1,3,5,1,1,2,5,1,2,6,0,2,26,5,3,1,1,0,1,1,0
103497,0,2,2,4,3,1,3,5,5,2,4,4,4,0,3,0,2,1,2,3,5,5,0,4,6,0,8,0,0,0,1,0,0
103498,2,5,5,1,3,3,1,5,3,4,4,5,0,3,2,4,3,3,4,5,2,6,2,0,4,5,3,1,0,0,1,0,0
103499,0,0,3,4,1,1,1,3,3,3,1,2,0,2,4,5,3,2,2,3,3,0,2,4,22,5,2,0,0,0,0,0,1
103500,2,5,0,3,2,3,3,5,5,4,5,0,3,0,0,5,3,4,3,1,3,2,1,0,12,5,5,0,0,1,1,0,0
103501,0,1,1,5,1,4,3,5,2,3,0,2,1,1,2,0,1,3,3,4,3,7,0,3,14,3,6,1,0,0,1,1,0
103502,3,0,5,3,2,5,0,5,3,4,2,2,3,5,5,2,5,2,5,2,1,10,1,2,26,5,0,1,0,1,0,1,1
103503,1,4,5,3,5,5,2,5,3,3,2,3,2,3,0,5,4,4,4,5,2,6,2,2,7,2,7,1,1,1,1,1,1
103504,1,2,5,3,2,2,1,0,0,4,0,1,4,0,0,5,3,0,3,5,1,8,3,1,10,1,6,0,0,1,0,0,0
103505,0,1,2,3,2,5,5,0,1,3,4,0,1,5,3,1,0,5,0,0,1,10,0,4,9,3,6,1,0,1,0,0,1
103506,5,4,1,5,5,5,3,3,4,1,5,0,3,0,3,2,2,0,0,4,4,2,1,1,4,4,1,1,1,1,1,1,0
103507,5,1,4,4,0,3,2,4,1,5,1,4,4,3,4,3,2,3,0,4,4,4,3,2,28,2,8,1,1,1,1,1,1
103508,4,4,0,0,1,0,2,5,5,5,4,0,3,0,0,0,3,0,3,0,4,10,3,3,3,3,2,0,0,0,0,0,0
103509,0,1,5,3,2,0,5,3,5,4,5,3,1,5,2,2,2,3,5,0,3,7,1,0,25,6,10,0,1,0,1,1,0
103510,2,0,3,1,2,3,4,1,4,1,4,4,5,3,2,4,5,2,0,0,1,2,1,4,7,5,6,0,0,0,1,0,1
103511,5,1,3,0,2,4,2,5,0,2,2,3,0,5,5,4,3,0,3,2,0,2,1,1,11,3,5,0,0,1,1,0,0
103512,3,3,2,5,4,5,5,3,4,4,5,0,1,1,3,1,0,1,2,3,3,2,2,4,8,6,10,1,1,0,1,1,0
103513,0,1,5,5,2,1,3,4,5,1,2,0,3,5,0,3,1,2,5,5,5,4,3,3,3,6,1,1,0,0,0,1,1
103514,0,0,4,5,2,5,0,1,4,0,4,5,1,5,4,1,3,0,2,4,3,0,1,2,23,6,8,0,1,0,0,1,0
103515,1,4,0,2,2,4,3,4,3,2,4,3,3,2,3,4,0,2,4,3,1,0,1,4,5,0,9,0,0,0,1,0,1
103516,5,2,3,2,5,2,5,0,3,3,3,4,4,3,5,3,0,3,5,5,3,1,0,3,2,1,3,1,1,0,1,1,0
103517,1,2,5,4,5,2,5,5,2,5,1,5,3,2,2,4,3,1,2,0,0,10,1,2,12,5,1,1,1,1,1,1,1
103518,5,1,0,1,1,2,0,5,1,1,4,2,2,4,5,3,1,2,0,0,5,0,2,1,18,4,10,0,0,0,1,0,1
103519,4,0,4,0,0,4,5,4,2,1,1,5,3,3,1,2,0,2,5,0,2,9,2,0,7,1,3,0,0,1,0,1,1
103520,5,0,1,2,0,4,5,5,5,4,2,2,3,0,3,0,4,3,5,5,3,10,2,3,28,1,0,1,0,1,1,1,0
103521,4,4,3,3,2,1,0,5,0,5,3,5,4,2,1,4,4,3,1,1,4,3,1,1,9,6,9,0,1,1,0,0,1
103522,1,0,5,2,3,2,3,0,0,5,1,4,3,2,1,4,4,5,1,2,5,9,0,2,29,4,0,1,0,0,0,0,1
103523,4,1,2,1,0,0,4,1,5,3,4,1,0,2,3,2,0,4,3,2,2,7,1,0,8,1,10,0,0,0,0,0,0
103524,1,5,0,3,3,5,0,0,4,0,1,0,1,3,3,0,5,2,2,2,2,7,1,0,19,1,2,0,0,0,0,0,1
103525,1,2,0,5,2,2,4,1,3,3,0,5,2,1,5,3,0,5,2,5,2,10,0,0,5,1,8,1,1,0,0,0,0
103526,1,4,4,1,5,1,2,3,2,0,4,2,2,1,2,1,3,1,5,3,0,4,3,2,13,0,3,0,0,1,1,0,0
103527,0,2,5,2,3,1,1,0,0,4,5,5,5,2,3,5,5,4,5,4,1,3,1,2,25,1,0,0,0,0,0,0,0
103528,0,5,1,1,2,0,1,0,4,5,1,1,0,2,2,3,4,1,2,5,0,8,1,4,11,0,9,0,0,0,1,0,0
103529,1,4,5,1,3,2,3,3,3,3,3,2,4,5,5,5,5,2,4,3,4,6,2,1,9,3,7,1,1,0,1,1,1
103530,0,2,2,3,0,4,4,3,4,1,5,1,1,4,5,4,3,0,4,2,3,5,2,1,17,3,9,1,0,1,0,0,1
103531,2,4,0,2,2,1,4,2,2,1,2,0,3,1,1,5,2,5,2,2,0,9,3,2,11,1,10,0,1,1,0,1,1
103532,0,2,3,3,1,2,1,4,4,4,2,3,1,4,3,2,1,1,5,0,2,10,1,3,26,2,5,0,0,1,1,0,0
103533,0,5,5,0,1,3,4,3,5,4,4,2,0,3,2,5,5,0,4,1,0,2,2,2,10,4,2,0,1,1,1,0,0
103534,5,2,1,3,2,2,4,2,0,4,3,1,0,5,0,2,2,5,1,3,2,0,0,1,8,6,4,0,0,0,0,0,0
103535,0,5,5,0,3,4,0,0,4,0,0,2,2,4,5,2,3,5,2,1,1,8,0,1,13,3,10,1,0,0,0,0,1
103536,0,3,3,2,3,1,1,4,3,4,0,2,4,3,4,5,1,0,1,3,4,0,2,3,7,1,0,0,0,1,0,1,0
103537,0,3,2,5,5,2,0,3,2,5,2,1,2,1,5,2,1,5,5,2,5,7,0,3,19,2,0,0,1,0,1,0,1
103538,0,2,4,2,1,5,5,0,1,0,2,4,5,1,1,1,3,1,3,5,3,4,1,2,7,6,2,0,1,1,0,0,0
103539,3,4,2,4,4,5,2,1,0,2,3,1,5,2,2,3,4,4,0,5,0,0,2,2,10,1,7,1,1,1,0,1,0
103540,4,4,0,2,3,3,1,1,0,4,2,3,1,5,1,3,3,0,2,3,4,9,2,3,16,4,5,1,1,1,1,1,1
103541,4,4,5,5,5,2,5,1,1,3,0,4,5,5,2,3,1,0,4,1,3,9,1,0,9,5,8,1,1,1,1,1,1
103542,3,4,2,5,5,5,4,4,3,5,4,1,3,5,4,3,1,0,2,3,0,7,1,4,12,3,1,1,1,1,1,1,1
103543,0,0,3,5,4,2,5,5,3,4,2,0,3,5,5,2,3,4,3,5,0,7,3,2,8,5,4,1,0,0,1,1,0
103544,4,5,4,2,2,2,4,0,5,2,0,0,2,2,0,5,2,2,4,5,5,3,2,0,29,1,7,1,1,1,1,1,0
103545,0,5,0,1,3,3,5,1,4,3,3,3,5,3,0,5,1,1,0,2,4,5,1,4,17,0,0,0,1,0,0,0,1
103546,3,1,4,3,3,2,1,1,5,4,2,0,0,0,3,4,3,4,5,1,2,1,2,3,13,0,8,0,1,0,1,0,0
103547,2,5,2,4,4,5,1,5,4,4,3,0,0,0,0,2,4,2,4,3,0,0,1,3,8,6,8,1,0,1,1,1,0
103548,5,3,3,3,1,1,0,3,3,1,5,2,0,1,4,0,2,0,2,0,4,6,2,0,21,2,1,0,0,0,1,0,0
103549,1,1,2,4,5,0,2,5,4,5,1,1,5,1,0,0,5,4,2,2,2,3,1,2,17,1,5,0,0,0,1,0,0
103550,3,1,4,5,4,2,3,1,4,5,4,2,3,4,1,4,1,4,1,4,2,6,3,4,26,2,6,1,1,0,1,1,1
103551,2,2,1,4,0,5,3,0,4,1,0,4,3,5,1,0,2,4,3,3,0,6,0,1,2,2,9,0,1,0,0,0,0
103552,3,0,0,2,1,0,4,2,1,1,4,4,0,0,2,3,5,0,4,4,1,0,0,2,25,1,4,0,0,0,0,0,0
103553,5,4,2,1,1,4,4,4,4,2,2,2,0,4,5,2,0,1,3,3,1,10,2,1,24,6,1,1,1,1,1,0,1
103554,4,4,0,2,3,0,4,5,1,1,4,0,5,1,3,4,4,4,3,5,3,9,0,1,7,5,5,0,0,0,0,1,1
103555,2,4,1,3,1,3,3,2,1,1,0,1,5,2,1,5,1,4,4,3,3,0,2,4,16,1,2,0,0,0,0,0,0
103556,2,3,3,5,1,2,1,1,4,1,3,5,4,2,3,0,1,5,4,1,0,8,0,3,23,4,0,0,1,0,1,0,1
103557,4,2,4,1,1,0,2,0,3,4,1,0,5,0,3,2,0,4,4,5,5,1,0,2,20,3,8,0,0,0,0,0,0
103558,2,4,4,0,0,4,5,2,4,5,2,1,4,4,5,5,2,1,5,2,0,5,2,3,20,2,7,1,1,1,1,0,1
103559,1,5,1,1,2,1,4,3,4,0,1,5,4,1,5,2,1,3,4,0,4,5,3,2,6,1,7,1,1,0,0,0,1
103560,2,0,4,3,1,2,5,0,4,3,2,2,5,2,5,4,2,2,1,0,1,1,1,2,15,6,7,0,1,0,1,0,1
103561,0,2,2,1,3,3,3,5,0,1,4,0,2,3,1,4,1,2,1,3,5,5,0,2,26,1,7,0,1,1,0,0,0
103562,1,5,1,2,1,3,4,4,0,1,0,5,0,3,1,5,5,3,4,4,2,5,3,4,26,5,3,0,1,1,1,1,1
103563,2,5,4,1,1,0,2,1,1,3,3,4,0,1,1,0,3,5,0,1,3,3,1,3,5,0,9,0,0,0,0,0,0
103564,4,5,3,5,5,2,0,2,2,0,1,5,3,4,3,5,4,1,1,1,1,6,1,4,12,3,4,1,0,1,1,1,1
103565,4,1,2,3,4,3,4,2,4,0,2,4,1,0,4,0,0,3,4,2,2,2,1,4,27,6,2,0,0,1,0,0,0
103566,1,2,3,4,1,3,0,5,0,5,3,3,1,4,0,0,3,0,1,3,5,10,1,2,3,5,9,1,0,0,0,1,0
103567,2,0,4,3,0,4,3,4,3,2,0,4,5,3,5,1,4,3,4,0,5,9,1,0,19,4,7,0,0,0,1,1,1
103568,0,5,1,0,5,4,5,0,4,0,5,0,3,2,0,4,0,0,4,3,0,2,2,3,2,5,4,1,1,1,0,0,0
103569,4,3,0,1,4,1,0,1,2,5,4,0,2,2,3,0,5,5,2,0,4,4,2,2,29,3,4,0,1,0,1,1,1
103570,1,1,3,5,2,4,4,4,1,3,3,3,2,1,2,4,1,2,1,2,5,8,2,0,20,3,10,1,1,0,0,1,0
103571,4,0,0,3,4,5,5,2,1,4,5,2,1,2,5,1,5,1,2,2,3,5,2,0,26,3,1,0,1,1,1,0,1
103572,5,4,3,4,1,5,3,4,2,3,2,4,0,1,1,4,5,1,0,0,2,5,0,1,15,6,10,1,1,1,1,0,0
103573,4,4,2,4,2,5,4,3,3,2,0,5,5,3,1,4,1,1,3,0,2,8,2,1,2,0,0,0,1,0,0,1,1
103574,1,5,1,3,2,1,5,4,3,4,4,1,4,0,3,2,2,3,2,3,4,0,1,4,24,4,10,1,1,0,1,0,1
103575,5,5,3,3,4,3,4,3,5,2,3,1,5,5,0,5,0,2,0,2,5,5,0,2,30,1,5,1,1,1,1,1,1
103576,4,4,2,1,1,2,0,4,0,4,2,1,1,0,3,1,0,0,2,3,5,8,3,0,27,0,0,0,1,0,0,1,0
103577,3,4,2,1,2,5,4,2,1,5,0,4,0,4,0,0,2,1,0,1,3,6,1,2,6,6,9,0,0,1,1,0,0
103578,5,4,1,0,5,4,4,1,2,5,1,2,0,2,2,3,2,4,0,1,3,6,2,0,20,3,9,1,1,1,0,0,1
103579,5,5,4,1,1,0,1,5,2,3,3,2,5,2,3,0,1,1,3,1,4,7,3,2,5,6,2,0,1,0,1,1,0
103580,0,2,5,3,0,5,3,2,4,0,0,4,5,1,5,1,3,0,2,3,2,0,1,3,18,5,6,0,0,0,0,1,1
103581,5,4,3,5,4,4,5,0,0,0,3,2,5,3,4,3,5,3,1,2,0,9,0,1,13,4,2,1,1,1,1,1,0
103582,4,4,1,2,5,3,5,2,1,2,4,3,0,4,5,5,1,0,2,5,3,7,3,1,7,3,0,1,1,0,0,1,0
103583,1,0,5,3,2,2,5,2,0,3,2,4,2,3,4,4,4,3,4,5,4,5,2,4,18,5,0,1,0,1,1,1,1
103584,1,4,0,5,0,2,4,1,3,0,3,1,1,0,4,3,2,1,3,5,5,6,3,4,18,6,6,1,0,1,0,1,0
103585,4,2,1,4,3,4,0,5,5,2,1,3,3,4,2,3,2,3,4,0,1,9,2,2,17,6,2,0,1,1,1,1,1
103586,1,0,0,1,1,4,2,2,5,2,3,5,0,5,2,2,1,4,2,5,0,4,1,4,16,5,8,0,0,1,1,1,0
103587,2,1,5,1,3,3,1,2,0,2,1,5,2,4,5,4,5,2,5,0,3,9,2,3,11,0,3,1,1,0,0,1,1
103588,4,0,0,3,0,5,0,4,0,3,4,5,3,0,1,0,2,0,0,4,3,0,1,1,19,3,5,0,0,0,0,0,0
103589,3,5,3,1,4,1,1,3,3,1,3,1,1,3,5,0,5,4,5,3,4,2,2,0,2,2,4,1,0,0,0,0,0
103590,5,4,1,1,4,2,5,2,1,3,3,3,4,1,0,0,5,4,4,4,2,9,3,4,16,2,8,1,1,1,1,1,1
103591,0,0,1,3,3,3,3,5,1,2,1,3,0,3,4,3,1,1,1,2,4,8,3,0,16,6,6,1,0,1,0,0,0
103592,1,3,3,3,3,0,4,5,4,5,2,0,5,4,1,1,2,3,5,4,4,10,1,3,18,1,9,1,1,1,1,1,1
103593,5,3,4,1,1,2,3,2,1,1,3,3,0,5,4,0,0,0,3,1,1,2,1,3,28,6,4,0,0,1,0,0,0
103594,3,3,0,0,5,5,2,4,3,5,3,1,4,5,5,0,4,1,4,2,0,10,2,2,23,6,4,1,1,1,1,1,1
103595,1,3,0,4,1,4,2,0,0,5,4,3,3,5,5,3,2,5,2,5,4,3,0,4,24,4,3,0,0,1,0,1,1
103596,1,5,1,2,2,4,5,2,5,1,0,3,2,0,2,3,0,0,0,1,3,6,2,2,27,2,6,0,1,1,0,0,0
103597,2,3,5,3,5,0,1,2,0,2,1,4,0,0,0,3,1,2,2,3,0,1,1,2,29,2,10,0,1,0,0,0,0
103598,3,3,0,1,0,0,1,2,0,4,1,4,5,4,2,4,4,5,3,4,1,0,2,4,17,1,8,0,0,0,0,1,1
103599,1,3,1,1,0,2,5,5,2,2,2,3,5,4,3,3,0,2,0,1,3,4,1,0,16,4,10,0,0,0,0,0,0
103600,3,2,2,3,4,1,2,3,5,4,3,2,4,4,2,5,3,1,1,3,4,7,0,0,26,3,0,0,0,1,1,0,1
103601,2,5,1,0,2,0,5,2,3,1,3,5,5,1,4,3,5,4,1,3,3,3,0,0,26,3,4,0,0,0,1,0,0
103602,3,2,0,1,3,3,5,2,2,5,0,1,5,2,3,3,2,3,2,4,0,9,0,1,19,3,8,0,0,1,0,0,1
103603,0,4,3,4,3,4,0,3,1,4,0,1,4,3,0,1,1,2,1,3,4,2,3,3,24,5,7,0,1,1,1,1,0
103604,3,3,3,4,4,4,4,1,1,0,4,5,1,3,5,3,3,4,5,5,5,10,1,1,12,6,1,1,1,1,0,1,1
103605,5,4,1,2,3,0,0,1,3,1,3,5,4,5,1,1,3,4,4,3,0,8,0,1,8,3,6,0,1,0,0,1,0
103606,0,4,4,0,2,4,5,3,3,3,0,2,3,2,0,1,2,3,0,2,0,6,2,2,12,0,7,0,0,1,0,0,0
103607,1,4,0,0,3,2,0,1,3,1,5,5,0,5,1,5,4,1,1,3,0,3,3,1,21,6,0,0,0,0,0,0,0
103608,4,3,4,3,4,0,5,4,2,2,2,5,0,1,4,5,4,3,5,5,5,3,1,3,24,6,3,1,1,0,0,1,1
103609,3,3,1,4,2,2,4,5,1,3,3,5,1,4,4,2,3,4,4,0,5,0,1,2,15,2,10,0,1,1,1,1,1
103610,4,3,1,3,1,1,3,2,1,2,2,3,3,0,2,1,4,1,2,0,2,4,2,0,16,0,10,0,1,0,0,0,0
103611,3,2,1,2,2,4,1,3,1,5,1,4,5,1,3,3,2,0,1,0,2,1,2,3,26,3,8,0,1,0,0,0,1
103612,4,4,5,0,5,4,1,1,1,3,4,3,5,0,1,4,1,3,3,1,5,6,1,2,24,3,10,1,1,1,0,1,0
103613,3,5,3,1,0,4,2,4,2,2,2,0,5,1,5,0,5,2,4,3,1,1,0,4,16,6,2,0,0,1,1,0,1
103614,0,4,4,0,1,0,5,1,1,1,0,0,4,3,3,4,2,4,2,2,0,9,2,4,18,6,1,0,1,1,1,0,1
103615,4,4,1,2,5,2,5,3,4,1,1,5,0,5,0,0,0,3,3,3,5,0,3,2,20,3,9,1,1,1,1,1,0
103616,2,4,0,1,4,2,3,2,3,0,4,1,4,0,3,0,0,4,3,5,5,10,0,2,3,5,6,0,1,1,1,0,0
103617,0,2,0,0,0,5,1,4,1,0,3,1,2,3,0,2,5,2,3,0,4,10,1,3,15,5,9,0,0,0,1,0,1
103618,2,0,2,3,1,3,3,1,0,4,2,5,1,0,0,3,0,1,3,5,3,2,1,2,16,6,0,0,0,0,0,0,0
103619,2,2,1,2,4,3,4,1,0,4,4,2,3,1,1,2,5,3,1,1,5,9,1,2,29,4,3,1,0,1,0,1,0
103620,0,4,4,5,4,2,3,4,0,0,1,4,2,0,0,5,1,4,0,3,0,2,1,0,16,4,10,0,1,1,0,0,0
103621,5,4,4,2,4,1,5,3,1,3,0,4,3,3,5,2,5,1,3,0,5,5,1,1,2,0,10,1,1,0,1,1,1
103622,1,3,1,0,5,4,0,3,1,1,0,2,5,3,3,4,3,4,1,3,5,9,2,3,22,5,10,1,1,1,0,1,1
103623,1,4,2,4,3,5,3,4,0,4,0,3,1,1,3,3,4,5,3,1,3,2,3,4,26,4,0,1,1,1,0,1,1
103624,2,0,2,4,5,0,0,1,4,3,5,3,1,4,4,2,4,2,4,2,1,5,3,3,25,6,4,1,0,1,1,1,1
103625,4,3,4,5,3,3,3,1,3,4,5,2,5,2,3,1,2,1,4,1,1,4,0,0,23,3,6,1,0,1,0,1,0
103626,4,4,3,4,2,4,3,5,5,3,2,0,0,4,3,2,5,2,4,5,1,3,1,3,5,2,3,1,1,0,1,1,1
103627,4,3,3,2,3,0,1,0,5,1,2,0,5,3,3,2,4,2,3,3,0,4,3,0,17,0,9,0,1,1,0,1,1
103628,1,4,0,4,2,3,4,3,0,3,2,4,2,5,2,0,2,3,3,5,0,1,2,4,19,2,6,1,1,0,0,0,0
103629,5,2,2,4,3,2,5,2,4,5,3,5,5,4,0,4,2,4,4,5,3,5,1,2,28,1,0,1,0,0,0,1,1
103630,4,3,5,3,5,3,2,0,5,5,1,0,4,5,3,1,0,4,5,1,3,2,3,1,22,4,8,1,1,1,1,1,1
103631,2,3,2,4,5,3,2,5,4,4,3,1,0,5,4,0,1,4,5,2,0,3,1,3,18,5,7,1,1,1,1,1,1
103632,3,4,1,5,3,5,1,4,4,2,3,2,3,1,5,5,3,3,0,0,4,3,1,2,26,5,10,1,0,1,1,0,1
103633,0,1,1,4,0,0,0,1,0,3,5,0,1,2,1,4,4,4,1,5,3,5,2,1,12,2,10,0,0,0,0,0,1
103634,4,1,0,3,3,1,2,4,5,0,1,2,0,2,5,2,1,5,5,0,1,0,2,4,16,1,4,1,0,0,0,0,0
103635,5,2,4,2,1,2,2,4,4,3,4,5,3,3,0,4,2,1,3,0,5,0,0,3,27,6,0,1,1,0,1,1,1
103636,2,1,0,5,1,4,4,3,3,0,0,3,3,3,1,0,3,4,2,5,4,10,1,3,3,5,4,1,0,1,0,1,1
103637,3,2,3,5,5,3,5,5,5,1,0,5,4,2,5,2,1,1,3,2,2,10,3,2,23,4,4,1,1,1,1,1,1
103638,2,2,2,1,2,1,0,1,2,3,4,2,4,0,0,2,2,5,5,4,5,6,3,3,4,5,5,0,0,0,1,1,0
103639,0,1,0,0,4,0,0,0,3,2,5,4,3,2,2,2,4,3,4,3,5,0,2,4,8,4,6,0,0,0,0,0,1
103640,3,2,5,4,2,5,3,4,4,2,5,5,3,1,3,2,1,5,2,1,2,9,1,3,14,4,2,0,1,1,1,0,1
103641,4,3,4,1,3,0,2,2,4,3,0,3,3,5,0,2,4,5,4,3,3,9,0,1,10,6,9,1,1,1,1,1,0
103642,5,4,4,5,3,0,4,0,3,5,2,4,1,5,1,2,1,0,4,4,5,4,3,1,22,1,0,0,1,1,1,1,1
103643,5,1,5,0,5,2,1,5,4,5,2,1,3,1,2,2,0,3,4,0,2,1,2,4,13,4,7,0,1,0,1,1,1
103644,2,5,5,5,1,3,2,2,5,3,1,5,1,2,4,0,2,2,5,2,0,10,0,0,29,5,9,1,1,1,0,1,1
103645,5,2,4,4,3,1,2,5,3,3,1,5,3,3,4,0,2,1,2,0,2,10,3,3,22,3,0,1,1,1,1,1,1
103646,3,4,3,1,2,1,3,4,5,2,2,3,2,2,1,2,1,2,5,3,4,4,3,0,12,6,4,0,0,1,1,1,1
103647,3,0,4,0,2,0,0,1,2,5,0,0,5,1,2,4,4,3,1,0,5,4,1,0,4,4,3,0,0,0,0,0,0
103648,3,1,2,5,5,2,5,4,3,5,5,1,2,4,0,5,4,4,0,3,4,4,3,3,20,2,7,1,1,1,1,1,1
103649,5,2,1,0,0,5,2,2,3,0,1,1,0,5,2,5,3,0,1,4,5,6,3,1,2,4,8,1,0,1,1,0,1
103650,4,2,2,0,3,0,1,3,3,4,3,5,0,4,4,1,2,3,4,4,3,7,0,2,22,1,8,0,0,0,1,0,1
103651,0,2,2,4,2,3,3,1,1,0,4,0,1,2,0,3,0,3,1,0,4,5,2,3,4,6,3,1,0,1,0,0,0
103652,0,0,0,4,5,1,0,0,2,4,0,0,5,5,1,2,4,5,2,1,0,6,2,4,4,6,4,0,0,1,1,0,0
103653,2,2,5,0,1,4,3,1,0,2,1,5,4,5,1,0,2,1,2,5,5,6,3,3,21,3,10,1,1,1,1,1,0
103654,3,4,5,2,1,0,0,1,4,3,3,5,5,5,0,4,3,3,1,5,3,3,0,0,17,0,4,0,0,0,1,0,0
103655,4,4,2,3,0,1,1,3,4,4,5,1,4,4,5,0,1,4,1,0,0,6,0,1,29,2,8,0,1,1,1,0,1
103656,2,1,2,3,2,0,4,5,4,1,2,0,0,1,4,0,1,3,4,5,0,0,0,3,4,6,10,0,0,0,0,0,0
103657,3,2,5,2,0,3,2,1,5,0,5,5,0,3,1,5,3,1,4,0,4,4,3,2,10,5,1,0,0,1,0,0,1
103658,5,3,2,2,3,4,5,4,3,3,0,4,3,3,0,5,1,5,2,0,0,1,2,0,15,2,8,0,1,1,1,0,1
103659,2,3,4,0,1,1,2,4,2,5,4,4,3,4,3,3,2,0,4,0,3,3,1,4,28,4,1,0,1,0,0,1,1
103660,2,4,3,0,2,2,4,4,0,0,5,4,2,0,2,3,5,4,3,4,3,2,2,2,27,4,8,1,1,1,0,1,1
103661,3,2,1,5,3,1,0,4,0,2,4,5,3,0,0,4,1,5,0,5,2,0,1,4,30,5,4,0,0,1,0,0,1
103662,2,4,4,1,4,0,5,0,5,3,0,3,2,5,2,3,2,0,4,3,3,1,1,4,25,2,1,0,0,0,1,1,1
103663,5,5,1,5,0,0,3,1,4,1,0,0,1,4,5,4,1,3,2,1,4,9,0,1,14,5,8,1,1,1,1,0,0
103664,5,1,1,0,0,5,4,5,2,5,2,4,3,1,0,0,0,2,4,3,4,5,3,1,21,2,2,1,0,0,0,0,0
103665,3,4,4,5,1,3,1,3,5,3,3,0,2,5,5,5,2,4,0,2,3,7,2,3,21,4,9,1,1,1,1,1,1
103666,2,1,4,2,3,3,1,1,1,3,3,0,2,2,0,0,3,5,2,0,1,3,2,2,28,0,10,0,0,1,1,0,0
103667,3,2,5,4,5,1,2,5,4,0,5,2,4,3,2,4,1,1,5,2,5,0,1,3,3,3,9,1,1,0,1,1,0
103668,1,3,4,5,0,1,1,1,1,0,3,2,2,5,0,5,2,4,2,3,5,7,2,3,10,4,4,0,0,0,0,1,1
103669,2,3,0,2,0,4,0,1,4,0,1,3,5,5,4,0,4,5,4,4,1,4,3,1,11,4,5,0,0,0,0,0,1
103670,1,3,5,4,3,2,4,5,0,0,0,2,0,3,2,1,2,0,2,4,3,5,2,0,15,5,0,0,1,1,0,1,0
103671,0,1,2,2,5,0,4,5,4,3,5,5,3,3,3,1,3,4,4,1,2,1,3,2,23,6,6,0,0,0,1,0,1
103672,0,0,0,4,4,2,4,2,2,5,3,5,4,1,5,2,1,0,4,0,3,2,1,0,10,0,9,0,1,1,1,0,0
103673,3,5,3,5,3,3,3,3,3,4,4,5,0,1,5,1,2,1,1,5,0,6,3,4,11,6,3,1,1,1,1,1,0
103674,0,5,1,4,0,3,3,3,0,1,4,2,3,0,4,3,0,4,5,2,1,4,0,3,11,5,0,1,0,1,1,0,0
103675,3,5,2,4,3,3,5,1,2,1,4,3,4,0,2,5,3,5,1,2,0,6,3,3,16,0,1,1,1,0,1,0,0
103676,2,3,2,2,2,5,3,3,0,3,5,0,0,2,4,0,3,4,1,3,4,8,2,2,21,1,4,1,1,1,0,1,1
103677,2,5,0,0,2,1,4,0,3,4,5,5,4,2,3,5,1,1,1,1,3,5,1,1,11,0,8,0,0,1,1,0,0
103678,4,2,5,3,2,3,2,5,0,4,1,1,2,3,4,4,2,4,1,0,3,5,3,4,21,2,4,1,1,1,1,1,1
103679,3,0,3,0,3,5,0,4,5,3,1,1,3,3,4,2,4,1,5,3,1,5,2,4,21,0,8,1,0,1,1,1,1
103680,4,1,5,3,4,5,2,0,1,1,0,5,1,4,4,3,2,1,3,5,1,4,3,4,5,0,3,1,1,1,0,1,0
103681,4,1,2,5,1,5,4,3,3,2,0,5,0,1,4,0,5,4,3,2,0,7,2,2,2,6,1,0,1,1,1,1,1
103682,0,2,3,0,0,4,3,0,5,4,5,5,2,0,3,5,5,4,2,4,3,3,0,3,26,5,8,0,0,0,0,0,1
103683,1,5,4,5,0,0,4,0,2,5,2,0,0,0,1,0,0,4,1,2,4,4,3,0,24,4,6,1,0,0,0,0,0
103684,3,1,1,3,2,5,4,3,3,0,4,5,0,4,5,0,1,5,0,4,2,7,2,4,9,1,1,1,0,1,1,0,1
103685,5,3,5,0,3,0,1,4,5,4,3,2,3,5,0,4,1,1,4,4,5,9,3,0,14,1,7,1,1,0,1,1,1
103686,0,1,1,4,4,3,4,5,0,4,2,0,3,2,3,1,3,3,0,2,5,7,0,2,8,1,1,1,0,0,0,0,0
103687,0,3,5,0,2,2,4,1,3,1,0,0,5,0,1,0,3,3,1,2,0,6,2,4,2,6,7,0,1,1,1,0,0
103688,5,3,3,3,3,4,1,5,3,0,4,4,3,5,3,1,4,3,3,0,5,6,0,0,12,0,4,1,0,1,1,1,1
103689,5,0,3,3,5,4,3,3,4,1,4,4,3,1,2,3,2,5,2,4,4,1,2,4,8,0,5,1,1,1,0,0,0
103690,1,2,1,4,4,4,5,2,3,1,0,2,3,3,0,1,2,1,2,5,3,6,0,1,13,6,10,1,1,1,1,1,0
103691,2,0,3,2,4,1,1,2,2,0,1,3,5,5,5,5,2,1,3,0,1,6,0,1,30,5,7,0,0,1,0,1,1
103692,3,5,3,0,2,4,1,4,3,1,5,4,2,5,4,5,4,1,3,0,2,3,3,4,21,4,0,1,0,1,1,1,1
103693,1,4,5,2,0,4,1,2,1,1,5,2,4,1,2,2,2,0,1,3,4,7,0,4,17,2,5,0,0,1,1,1,0
103694,1,5,5,4,5,0,1,2,2,5,3,4,4,0,2,3,3,0,4,4,2,8,2,3,22,4,8,1,1,1,1,1,1
103695,2,5,2,5,3,3,1,2,5,0,5,1,1,2,3,3,0,1,5,3,5,10,2,1,16,2,4,1,1,1,0,1,0
103696,3,1,2,1,0,0,4,1,3,3,5,1,5,5,4,1,2,1,2,1,1,9,1,3,21,6,10,0,0,0,1,0,1
103697,1,4,2,2,2,3,5,2,4,1,3,2,2,2,5,2,2,5,4,4,1,5,0,2,16,3,1,0,1,1,1,0,1
103698,2,0,2,5,0,1,5,0,0,5,3,3,2,5,5,1,5,0,3,4,4,1,3,0,17,3,0,0,0,0,0,1,0
103699,1,5,0,1,5,2,2,5,2,2,3,1,1,5,0,5,0,1,3,3,0,1,2,2,29,3,9,0,1,1,1,0,1
103700,4,4,0,1,3,1,5,1,1,3,4,1,2,3,0,3,2,3,2,2,3,10,0,3,8,3,2,0,0,1,0,1,0
103701,0,4,4,4,4,5,0,2,5,2,5,1,3,5,1,2,3,3,3,3,2,3,2,1,22,5,10,1,1,1,1,1,1
103702,1,5,1,2,2,5,0,1,5,4,1,2,5,5,2,1,2,0,5,2,3,2,1,3,9,1,0,0,0,0,1,1,0
103703,1,5,2,3,0,4,1,3,2,4,1,4,1,4,0,0,1,3,0,4,0,6,2,0,5,3,8,0,1,0,0,0,0
103704,5,5,4,2,3,4,1,1,2,3,0,1,3,4,5,0,3,5,5,5,0,1,0,3,29,3,6,0,1,1,1,1,1
103705,5,0,3,3,3,2,5,1,4,2,0,4,5,2,3,1,0,1,1,4,4,0,0,4,23,2,10,1,1,0,1,0,0
103706,3,0,2,1,1,0,4,1,0,2,2,2,3,5,0,3,3,5,4,5,0,7,1,3,6,4,10,0,0,0,1,0,1
103707,0,5,4,4,4,3,4,5,3,1,1,1,1,2,5,5,5,5,3,5,2,1,3,4,27,5,8,1,1,1,1,1,1
103708,4,1,0,2,1,2,4,5,1,3,5,1,4,4,4,4,3,1,2,0,1,4,1,2,15,1,9,0,0,1,1,0,1
103709,2,2,2,3,4,1,4,4,3,1,2,4,3,5,1,0,4,2,4,2,4,6,0,4,12,6,6,1,1,1,0,0,1
103710,5,0,0,1,4,1,3,1,4,1,4,1,1,5,1,0,4,5,5,5,2,10,3,0,25,0,6,0,1,1,1,1,1
103711,2,3,3,0,0,0,0,3,4,2,1,3,5,5,4,3,3,3,4,2,5,3,2,2,19,2,6,0,1,0,0,0,1
103712,5,4,0,3,1,4,0,4,0,5,2,3,0,1,3,3,4,2,2,0,2,4,0,1,17,1,10,0,0,0,0,1,1
103713,4,5,5,0,0,1,5,3,1,2,4,4,5,5,5,0,5,2,2,0,1,5,0,0,16,3,0,0,1,0,0,0,1
103714,1,3,3,5,4,5,3,5,2,5,1,3,4,1,5,3,3,5,3,3,5,7,0,1,29,0,5,1,1,1,1,1,1
103715,4,3,1,5,1,4,5,1,4,3,2,5,4,1,5,0,1,0,1,5,4,2,1,0,12,1,0,0,0,0,0,0,0
103716,1,3,3,1,3,0,0,2,1,0,3,5,3,3,3,3,3,4,5,4,4,1,0,4,30,5,10,1,0,1,0,0,1
103717,2,2,2,1,2,0,3,1,2,3,1,1,5,0,4,5,2,0,0,5,2,7,0,1,16,2,3,0,1,0,1,0,0
103718,1,3,3,3,0,2,1,4,1,5,3,2,2,4,2,0,0,0,3,1,3,4,2,1,26,6,2,0,0,0,1,0,1
103719,4,5,1,1,5,0,2,0,2,5,3,2,5,5,4,1,5,0,1,5,1,5,3,4,3,1,10,1,0,1,1,1,1
103720,1,1,3,5,4,5,3,1,2,1,3,3,0,1,4,4,4,4,2,4,0,7,0,0,13,1,8,1,1,0,0,1,0
103721,3,2,0,0,1,5,2,4,1,1,0,2,5,1,3,4,2,5,0,1,0,5,2,2,15,1,1,0,0,0,0,0,1
103722,3,3,0,2,5,3,0,0,0,4,4,5,5,2,1,3,5,3,0,3,3,1,3,4,26,1,0,1,1,1,1,0,1
103723,4,3,3,1,4,1,5,1,0,2,5,4,1,0,5,5,1,2,3,0,1,4,3,4,6,3,9,0,1,1,0,0,1
103724,5,0,3,4,4,5,4,4,2,4,1,2,4,1,0,2,1,4,4,2,5,6,1,3,22,4,0,1,1,1,1,1,0
103725,0,1,1,0,1,3,2,1,0,3,0,1,2,5,0,3,1,1,0,1,0,6,3,1,28,2,6,0,0,0,0,0,1
103726,5,3,0,2,0,2,3,3,0,1,3,4,2,5,3,2,1,4,0,5,2,10,3,1,27,5,5,1,0,1,1,1,0
103727,0,4,2,5,0,5,0,2,5,1,1,4,3,3,2,5,3,3,1,0,3,3,2,0,15,0,6,0,0,0,0,0,1
103728,3,4,5,2,3,1,2,2,5,0,1,5,1,4,5,2,5,4,0,4,3,3,0,0,9,4,8,1,1,0,1,0,1
103729,2,5,4,1,4,3,2,2,3,1,3,3,1,0,0,0,3,1,2,3,3,8,1,0,26,0,9,1,0,1,0,1,0
103730,3,4,0,0,5,4,2,5,3,4,1,4,3,0,4,5,2,3,1,4,0,6,1,0,4,4,0,0,1,0,0,0,1
103731,4,3,5,3,5,5,2,4,0,1,2,5,5,5,1,2,4,1,2,1,3,2,2,3,27,1,6,1,1,1,1,1,0
103732,5,1,2,0,3,0,5,4,0,2,1,0,0,0,3,4,4,5,3,0,1,6,3,2,17,2,8,1,1,0,0,0,1
103733,2,2,3,2,3,1,0,4,0,1,4,0,2,4,2,2,0,0,1,3,1,9,0,1,8,6,10,0,0,0,0,0,0
103734,5,4,0,3,1,5,3,2,1,2,4,1,2,5,0,1,2,4,5,1,3,9,1,4,15,4,10,1,1,1,1,1,1
103735,1,2,1,2,0,2,5,0,0,5,5,1,4,4,2,1,3,3,3,4,4,6,3,0,8,6,0,0,0,1,0,0,0
103736,1,4,4,4,1,4,5,0,4,4,0,1,5,2,0,0,3,4,0,3,5,1,1,3,19,4,0,1,0,1,1,1,0
103737,2,0,1,4,0,4,5,2,4,4,4,0,3,3,5,0,0,0,2,2,5,5,3,1,9,0,2,0,1,0,0,0,0
103738,3,0,0,0,4,1,2,5,4,1,1,4,4,3,1,2,2,0,4,4,4,7,0,0,27,1,0,0,0,0,1,0,0
103739,4,1,0,4,3,1,3,2,1,1,5,3,0,2,0,4,5,1,2,1,2,8,1,2,27,3,0,1,1,0,0,0,1
103740,4,1,5,5,4,2,3,5,2,0,3,4,5,5,5,1,4,5,3,4,5,6,2,0,26,0,9,1,1,1,1,1,1
103741,1,3,4,1,0,0,5,3,2,5,5,4,5,0,3,4,4,2,4,3,5,2,2,2,15,1,4,0,0,1,1,0,1
103742,1,3,0,2,5,4,5,3,0,5,2,0,2,5,2,3,3,5,3,2,4,5,1,3,4,4,1,1,0,1,0,0,1
103743,5,3,5,2,4,0,1,0,2,2,1,1,4,5,2,4,3,1,0,3,0,1,3,2,4,0,8,1,1,0,1,0,1
103744,2,1,4,2,5,5,0,4,3,4,4,2,0,0,4,3,2,3,4,4,3,7,2,2,6,2,1,0,0,0,0,1,0
103745,1,3,2,2,3,4,1,5,1,1,2,1,3,3,2,5,1,2,0,2,5,8,1,1,8,3,6,1,1,1,1,1,0
103746,5,0,3,5,2,2,1,3,1,3,4,2,5,3,0,1,3,5,3,5,3,8,3,3,21,0,5,1,1,0,1,1,0
103747,2,2,1,3,3,0,1,5,2,0,0,2,0,5,4,4,5,2,4,5,0,5,1,1,7,2,7,1,0,0,1,1,1
103748,5,0,1,5,3,4,5,1,0,1,4,4,5,5,2,5,5,3,4,3,2,7,2,4,17,0,6,1,1,1,1,1,1
103749,5,0,4,2,1,2,1,2,3,2,5,1,5,2,0,3,2,1,5,2,4,1,2,3,26,3,5,0,1,0,1,1,0
103750,5,0,1,3,0,1,2,5,2,5,1,1,3,1,1,5,4,3,0,0,4,0,0,3,7,0,3,0,0,0,0,0,1
103751,3,0,2,0,3,2,2,3,4,2,5,1,4,4,2,4,1,3,5,2,3,1,0,3,12,0,8,0,0,0,0,0,0
103752,4,2,2,1,0,5,1,4,4,1,0,1,1,3,5,2,0,5,1,3,2,5,1,3,2,0,5,0,1,1,0,0,1
103753,5,3,0,3,0,4,1,2,2,0,0,4,2,3,4,4,1,3,0,1,3,10,1,2,27,3,6,1,0,1,1,0,1
103754,1,3,4,1,0,4,5,3,2,1,1,3,4,4,1,2,2,2,5,1,3,7,2,4,10,4,1,0,1,1,1,1,0
103755,0,2,4,5,3,3,3,2,3,1,1,4,2,0,1,5,5,3,5,0,5,5,2,4,14,1,5,1,0,1,1,1,0
103756,1,1,5,1,5,0,0,4,0,1,3,0,0,0,0,0,0,4,0,2,5,0,2,2,9,6,0,0,0,0,0,0,0
103757,3,0,3,0,2,5,3,0,1,0,5,4,4,2,1,5,2,1,2,1,2,2,2,2,25,1,1,1,1,1,0,0,0
103758,3,4,1,4,0,4,3,3,0,4,0,4,5,2,0,5,5,4,5,5,1,3,0,3,5,0,0,0,0,0,0,1,1
103759,0,5,1,0,3,3,2,5,1,2,4,4,3,0,3,1,1,2,4,0,1,0,1,2,28,3,8,0,1,1,1,0,0
103760,3,1,2,1,2,4,4,0,3,1,4,2,4,1,0,0,1,5,2,5,2,1,1,4,30,4,4,0,0,1,0,1,0
103761,1,1,5,1,3,2,4,2,1,3,3,4,0,2,3,3,3,2,4,3,0,5,2,3,30,2,6,1,1,0,0,1,1
103762,3,1,1,4,2,4,4,3,3,1,5,3,1,0,1,3,4,3,2,4,0,3,2,4,28,3,2,1,1,1,1,1,0
103763,3,1,4,5,3,5,3,0,4,4,0,4,5,4,4,2,1,1,1,4,1,4,1,2,2,6,0,1,0,0,1,1,0
103764,3,1,0,1,1,2,2,0,4,3,4,4,0,0,5,3,3,1,2,1,2,8,1,1,7,4,7,0,0,0,0,0,0
103765,2,2,5,2,5,0,1,0,3,5,2,5,5,4,5,3,3,0,5,4,4,3,3,0,8,4,3,1,1,1,1,0,0
103766,2,4,3,2,3,4,0,1,3,3,2,1,0,2,5,2,4,4,1,1,5,8,3,1,21,1,6,1,1,1,0,0,1
103767,4,4,2,4,1,5,5,5,2,2,3,4,2,0,3,2,3,2,3,1,1,9,2,4,19,3,7,1,1,1,1,1,0
103768,4,5,2,2,0,4,5,0,2,0,4,1,4,3,3,0,4,0,4,0,1,7,3,1,24,0,6,1,1,1,1,1,1
103769,4,2,2,3,4,5,1,3,4,0,2,2,0,3,3,3,2,1,0,5,2,7,0,0,20,3,8,0,1,1,0,0,0
103770,2,2,1,3,2,2,4,2,2,3,1,5,0,5,4,3,1,3,3,0,5,1,3,4,16,5,1,0,1,1,0,0,0
103771,2,2,3,0,1,5,0,3,2,0,1,0,4,2,1,5,2,4,5,2,1,0,2,3,28,4,4,0,0,0,1,1,0
103772,1,0,5,3,2,1,1,5,5,2,5,4,3,5,2,2,2,4,1,0,3,7,3,2,16,5,10,1,1,0,1,1,1
103773,3,2,1,3,2,3,0,5,5,0,2,1,4,2,2,0,3,5,0,5,2,6,1,4,15,0,2,1,1,0,0,1,1
103774,0,1,4,5,4,5,2,0,5,2,2,1,2,5,5,0,1,5,4,4,3,7,3,2,10,6,9,1,1,1,1,1,1
103775,2,2,3,3,3,5,1,0,4,5,3,0,4,1,1,5,4,2,2,3,3,6,0,1,27,6,5,0,0,1,1,0,0
103776,1,0,4,5,4,3,3,2,2,0,4,4,3,4,1,5,1,2,4,1,5,0,1,1,22,1,4,1,1,0,0,0,0
103777,3,4,4,2,3,3,2,4,5,5,0,4,0,1,2,4,1,1,2,5,0,6,1,1,22,5,4,1,1,0,0,0,1
103778,5,5,0,4,5,2,0,4,3,5,0,2,4,0,2,2,0,4,3,0,2,6,1,1,2,3,4,0,1,1,1,0,0
103779,5,5,0,5,0,5,0,3,5,5,3,1,5,0,4,5,1,4,2,2,3,7,1,1,2,1,10,0,0,1,1,1,1
103780,2,0,5,0,2,5,4,5,0,4,3,3,1,2,0,4,5,3,2,5,1,5,0,0,17,2,4,0,1,0,0,0,0
103781,0,0,0,3,4,1,3,1,0,1,2,5,4,0,1,1,5,4,0,2,2,5,1,0,19,1,1,0,0,0,0,0,0
103782,1,5,3,5,0,0,5,4,0,0,1,4,1,4,5,1,1,3,5,4,3,7,0,1,13,5,4,0,0,0,1,0,0
103783,0,5,4,3,2,4,0,5,5,5,4,4,5,0,3,5,1,4,2,0,4,6,1,3,23,0,8,1,1,0,1,1,1
103784,4,3,3,5,2,4,1,5,1,2,0,0,2,5,2,0,0,4,1,3,3,7,0,4,26,3,4,1,1,1,0,1,0
103785,5,1,0,2,4,0,0,4,0,2,3,5,3,2,5,4,1,3,0,3,4,3,3,0,15,5,2,0,0,1,0,0,1
103786,3,3,0,5,5,2,5,4,4,0,2,3,5,2,1,0,1,0,5,3,2,0,0,3,26,1,5,0,1,1,0,1,0
103787,1,3,4,3,0,3,0,1,4,0,2,3,3,4,3,4,0,3,4,3,2,5,0,3,9,5,10,0,0,1,1,0,1
103788,0,5,5,2,1,0,4,4,5,3,0,2,2,4,1,2,1,4,3,5,5,2,0,3,18,2,6,1,0,0,0,1,1
103789,5,3,2,1,4,3,1,1,3,2,4,5,2,5,4,0,1,5,3,4,2,2,0,3,9,2,6,1,1,0,0,0,0
103790,1,0,3,1,1,5,4,2,4,4,1,3,1,5,2,0,0,0,5,3,4,9,1,3,10,4,4,1,1,1,1,1,0
103791,0,4,5,1,2,1,2,0,3,5,3,1,0,1,0,1,2,1,4,0,1,6,2,4,21,5,10,1,1,1,1,0,0
103792,1,4,4,4,5,4,5,1,4,0,5,2,3,3,3,5,4,5,5,0,2,5,2,3,19,3,2,1,1,1,0,1,1
103793,1,1,3,2,5,0,0,0,3,5,4,1,4,4,2,5,5,5,3,0,1,3,2,4,16,5,10,0,0,0,1,0,1
103794,3,0,3,2,5,1,1,2,0,5,0,5,1,4,4,1,3,0,0,3,1,8,3,4,18,5,6,1,1,1,0,0,1
103795,5,0,5,2,0,3,4,0,1,3,5,4,5,1,5,1,4,1,1,3,1,9,0,4,15,5,5,1,1,1,1,1,0
103796,1,5,4,2,0,5,5,4,5,2,3,3,4,5,4,0,3,5,2,2,0,2,0,4,18,6,3,1,1,1,0,0,1
103797,4,2,2,4,1,5,3,3,0,0,4,4,3,1,1,3,3,0,5,4,3,5,3,1,20,6,0,1,1,1,0,1,0
103798,0,3,4,2,4,5,0,3,0,1,0,5,1,4,4,4,5,1,3,5,1,10,2,0,15,2,1,1,0,0,0,1,1
103799,0,5,1,2,1,5,3,4,4,4,5,2,4,5,3,3,5,5,1,1,3,6,3,1,23,1,1,1,0,1,1,0,1
103800,0,0,5,3,2,4,2,4,5,0,4,1,5,0,2,4,0,2,0,2,5,5,2,1,6,3,4,0,0,1,0,0,0
103801,5,1,0,3,4,2,4,4,2,5,5,5,1,3,1,5,3,4,2,0,5,8,1,3,18,6,3,1,1,1,0,1,1
103802,3,4,1,2,2,0,3,3,0,0,5,2,3,5,3,5,3,3,3,4,0,5,2,0,18,3,6,1,1,0,0,0,1
103803,4,3,2,0,5,4,5,1,3,4,5,0,2,0,2,1,5,1,2,0,3,0,0,4,7,3,1,0,0,0,0,0,0
103804,0,0,1,4,2,1,0,4,0,5,2,4,3,4,5,1,3,2,2,4,5,3,0,4,12,4,2,0,0,0,0,0,0
103805,0,4,3,3,2,3,3,2,2,1,5,1,1,5,2,2,1,3,3,4,4,9,1,2,29,1,2,1,1,1,0,1,1
103806,5,0,4,3,5,4,4,0,3,2,5,1,1,1,2,0,4,4,5,0,3,8,3,3,16,1,10,1,1,1,1,1,1
103807,0,4,5,3,3,0,2,2,5,3,5,4,5,4,0,2,5,2,5,5,4,9,1,2,23,5,8,1,1,1,1,1,1
103808,0,4,3,3,1,5,2,1,0,4,3,5,1,5,1,4,1,4,1,5,2,7,1,4,24,4,9,1,1,1,1,1,0
103809,3,4,3,5,3,1,4,1,3,0,5,0,5,2,5,1,1,0,4,2,4,3,1,1,9,6,8,1,0,1,0,0,0
103810,3,2,3,0,4,1,2,3,0,1,3,3,0,0,3,4,2,2,0,3,5,9,3,0,20,1,2,1,1,1,0,1,0
103811,1,1,0,0,5,2,2,5,2,0,2,1,5,1,4,5,3,4,0,4,3,4,0,0,12,4,5,0,0,0,0,0,0
103812,2,5,4,5,0,2,3,0,4,1,1,5,5,5,4,2,2,4,2,4,1,4,1,3,26,2,9,1,1,1,0,1,1
103813,4,3,0,5,0,2,4,0,0,4,2,5,5,5,2,1,4,4,1,0,4,8,3,2,30,3,9,1,1,1,1,1,1
103814,2,3,3,2,3,0,0,5,4,2,5,0,5,5,5,5,2,2,1,3,0,8,3,0,10,3,2,1,0,0,1,0,1
103815,2,0,5,3,4,1,5,4,5,2,0,0,5,3,1,4,2,3,3,0,4,8,0,3,10,3,10,1,1,1,1,1,1
103816,0,3,4,2,3,2,1,1,1,2,5,2,1,1,2,4,3,3,4,2,1,4,2,0,12,3,9,1,0,1,0,0,0
103817,2,3,3,5,2,1,0,2,4,0,3,0,5,3,4,2,1,0,3,5,0,8,3,4,22,5,2,0,1,0,1,1,0
103818,4,1,1,2,4,3,1,0,3,0,0,2,5,5,3,2,1,4,0,1,4,3,3,4,12,3,2,1,0,0,0,1,1
103819,3,4,5,4,3,5,0,5,5,1,1,1,3,4,2,4,1,1,5,3,4,4,1,3,14,2,0,1,1,1,1,1,1
103820,5,0,5,2,5,0,5,3,3,0,0,5,3,0,3,4,5,3,3,1,3,10,1,3,5,2,3,1,0,0,0,1,1
103821,0,4,2,2,2,0,1,1,4,4,4,4,5,4,4,1,3,5,2,5,0,10,3,3,14,3,10,0,0,1,1,1,1
103822,0,5,0,4,4,3,4,1,0,5,2,0,4,5,4,0,5,0,2,4,2,3,1,2,5,6,8,0,1,1,0,1,1
103823,3,3,3,2,0,0,1,4,1,2,1,3,4,0,2,0,1,2,4,1,2,3,3,0,21,1,4,0,0,0,0,0,0
103824,1,0,3,0,4,3,3,3,2,3,0,4,5,3,0,2,2,4,5,0,4,2,1,0,27,4,5,0,0,0,0,0,0
103825,3,3,5,1,4,2,2,4,5,0,3,4,5,3,4,2,2,0,0,4,5,4,2,4,7,0,2,1,0,0,1,1,0
103826,5,3,5,5,1,2,3,1,3,0,2,3,5,3,5,1,5,2,5,1,2,6,0,1,28,1,1,1,1,1,1,1,0
103827,2,3,1,2,0,3,5,5,1,3,5,3,5,4,4,0,3,4,2,4,4,9,2,4,28,4,4,1,0,1,1,1,1
103828,3,1,1,0,5,5,3,0,5,4,5,5,3,5,1,1,2,0,4,3,2,8,0,1,5,5,10,0,1,0,0,1,0
103829,4,3,5,5,0,0,4,1,3,5,1,1,3,3,5,5,3,5,0,5,5,7,1,2,14,4,4,1,1,0,1,1,1
103830,0,1,1,5,2,0,1,4,2,2,5,5,3,0,1,1,0,1,2,1,5,1,1,2,4,2,5,0,0,0,0,0,0
103831,5,3,2,2,0,4,0,3,2,2,0,1,1,3,5,3,2,4,3,1,4,1,1,2,9,0,8,1,0,0,0,1,1
103832,1,3,1,3,2,0,0,2,4,4,2,4,4,3,4,4,5,1,2,3,3,8,1,0,10,2,6,0,0,0,1,0,1
103833,4,3,2,4,4,2,1,4,5,0,3,5,3,1,3,3,1,2,0,5,2,8,3,0,4,2,0,0,0,1,1,1,1
103834,3,4,3,0,3,2,3,3,3,5,1,1,1,4,1,4,2,5,0,2,3,10,0,1,25,5,9,1,0,1,1,1,1
103835,0,5,1,1,1,2,0,2,5,1,3,3,5,3,2,1,2,5,5,3,2,3,2,1,25,1,7,0,1,0,1,0,1
103836,4,4,2,3,2,3,1,1,4,0,3,5,2,0,0,1,0,3,5,1,3,5,0,3,22,3,4,1,1,1,0,0,0
103837,1,4,2,3,0,0,3,4,0,4,5,1,2,4,4,0,2,1,4,4,0,7,1,4,24,2,0,1,0,0,1,0,0
103838,3,5,0,1,3,1,5,3,4,5,5,3,4,0,5,2,1,0,5,4,1,10,2,3,30,0,3,0,1,1,1,1,1
103839,5,1,4,0,0,0,5,5,3,2,4,4,3,5,4,3,4,4,5,0,4,0,0,3,3,6,1,0,0,0,1,1,1
103840,5,1,5,5,2,5,1,2,3,0,4,3,0,3,3,3,4,4,1,1,5,1,3,1,30,4,10,1,1,1,0,1,1
103841,5,3,2,3,0,4,0,1,3,0,2,4,1,5,5,5,2,2,3,3,1,10,2,3,9,4,0,1,0,1,1,0,1
103842,2,2,1,4,1,1,3,0,0,1,5,1,2,2,5,0,1,4,2,1,0,6,0,1,11,1,0,0,0,0,0,0,0
103843,3,4,3,2,0,0,5,1,5,3,2,3,4,1,5,3,4,1,5,1,2,3,3,0,14,5,6,0,1,0,1,0,0
103844,1,0,3,3,5,1,2,4,5,3,4,4,1,2,0,2,4,3,3,1,1,9,0,4,9,4,6,0,0,0,1,1,0
103845,5,0,3,2,4,5,5,1,5,4,2,1,2,4,5,4,1,0,0,4,5,3,3,4,30,3,10,1,1,1,1,1,1
103846,2,4,3,2,5,4,4,3,3,4,3,2,3,3,0,1,4,4,3,1,2,5,2,1,5,3,4,1,0,1,1,1,1
103847,4,4,4,4,4,3,5,1,1,1,4,3,3,2,2,0,3,5,3,5,5,9,2,2,16,1,1,1,1,1,1,1,1
103848,2,1,0,5,2,5,5,5,3,1,0,4,1,2,1,3,5,4,2,0,5,9,2,0,16,2,2,1,1,1,1,1,1
103849,4,1,0,4,1,1,0,5,1,5,5,4,3,4,5,1,4,0,2,1,0,9,1,0,3,5,4,0,0,0,1,0,1
103850,1,3,0,4,5,3,2,4,3,0,4,2,5,1,0,5,5,3,3,4,3,7,3,1,25,6,0,1,1,1,1,1,1
103851,4,2,0,0,5,4,0,4,4,3,2,5,3,0,5,4,1,2,2,2,1,8,0,2,16,3,4,0,0,1,0,0,0
103852,0,1,5,3,2,0,0,3,1,1,3,3,4,1,2,2,1,4,4,3,2,2,0,0,23,1,9,0,0,0,0,0,0
103853,0,3,4,5,1,2,2,0,2,4,1,3,4,1,0,2,4,4,1,0,2,2,3,3,25,3,3,0,0,1,0,0,0
103854,2,4,3,2,2,2,3,0,2,1,4,0,0,1,5,4,3,0,2,0,1,9,3,1,8,1,7,0,1,1,0,0,1
103855,2,4,4,3,2,1,5,2,5,0,0,1,2,1,0,2,4,5,0,1,1,8,2,4,12,3,1,1,1,1,1,1,0
103856,4,4,0,1,5,1,0,4,3,1,4,0,1,4,2,4,5,3,0,2,0,4,1,1,13,1,5,0,1,1,1,0,0
103857,2,3,1,1,0,5,0,0,2,0,4,0,3,1,1,4,2,0,2,3,0,1,2,2,12,6,5,0,0,0,0,0,0
103858,0,5,4,4,3,3,0,3,2,1,1,5,0,0,4,5,1,2,1,5,0,0,1,0,25,3,9,1,0,0,0,0,0
103859,1,1,2,1,4,0,5,5,1,2,4,1,1,2,1,1,1,4,4,0,2,5,1,4,8,1,7,0,1,0,0,0,0
103860,2,0,3,3,4,4,3,5,0,5,1,4,0,5,3,3,5,1,0,2,0,2,1,1,12,2,5,1,1,0,0,0,0
103861,3,0,4,3,1,3,2,3,4,1,3,3,0,5,0,2,3,3,1,2,1,5,0,0,5,0,1,0,0,0,0,0,0
103862,3,5,0,5,2,2,0,3,4,4,5,1,2,0,0,1,4,2,3,5,2,8,3,3,11,2,10,1,0,1,1,1,0
103863,1,3,4,5,2,2,2,0,1,3,0,4,4,0,0,1,5,2,0,5,3,4,2,1,3,5,2,1,0,0,0,0,0
103864,3,1,4,3,2,3,0,0,2,5,2,3,1,1,1,0,5,2,3,0,1,7,0,2,24,5,1,0,0,0,0,0,0
103865,3,5,2,0,0,5,0,1,4,3,3,4,4,0,2,1,5,3,3,3,2,9,0,4,18,0,8,0,0,1,1,0,0
103866,4,1,2,3,0,4,2,4,4,0,1,4,3,4,3,0,1,1,0,3,5,7,2,0,14,6,10,1,0,1,1,1,0
103867,3,3,0,5,0,2,3,0,0,2,3,4,4,0,3,1,4,3,1,0,5,9,0,4,28,3,4,1,1,1,0,1,1
103868,4,1,1,2,5,1,2,4,0,0,3,3,1,0,0,0,1,5,2,3,1,0,3,1,2,3,10,0,0,0,0,0,0
103869,1,0,1,3,2,0,5,1,0,1,5,0,2,1,2,0,2,4,0,4,4,7,2,1,15,3,1,1,0,0,0,0,0
103870,4,1,5,4,1,1,5,0,3,3,1,2,1,3,2,3,5,0,5,3,5,8,3,2,26,4,10,1,1,1,1,1,1
103871,0,1,0,2,4,0,0,0,5,5,4,4,2,0,2,5,1,2,3,3,3,7,2,2,29,3,6,0,0,0,0,0,0
103872,0,3,1,2,2,4,1,4,0,3,3,5,5,1,4,2,1,5,5,3,5,6,3,0,28,5,1,0,0,0,0,0,0
103873,5,0,0,2,2,3,3,0,4,2,3,3,0,3,2,3,3,4,2,5,1,6,3,4,19,0,4,1,0,0,0,1,1
103874,2,1,1,5,0,0,2,3,4,3,3,0,5,5,2,3,5,4,3,3,1,1,0,4,25,4,3,0,0,0,1,0,1
103875,3,3,0,2,2,5,2,5,5,1,5,5,5,5,1,3,3,3,2,4,2,5,1,2,27,1,3,1,0,0,1,1,1
103876,3,2,1,1,3,0,4,3,3,0,3,3,0,1,1,0,1,0,0,5,1,4,3,1,16,5,8,1,0,1,1,0,0
103877,4,3,4,3,3,3,1,2,5,4,2,3,2,1,4,2,5,4,2,3,3,9,0,1,15,3,3,1,1,0,1,1,1
103878,1,3,4,4,2,0,4,5,2,5,5,2,3,0,4,4,2,2,4,2,4,3,3,3,24,5,5,1,1,0,1,0,0
103879,1,5,2,5,3,3,1,0,1,3,4,2,1,1,2,1,2,0,0,4,5,4,2,1,15,0,10,1,0,1,0,1,0
103880,0,5,4,5,4,3,2,1,5,2,1,3,0,3,2,0,3,3,0,3,5,7,3,0,23,6,8,1,1,1,1,1,1
103881,5,1,3,4,5,5,1,1,3,2,3,3,2,3,1,3,4,3,0,4,2,1,1,4,6,1,4,1,1,1,0,1,0
103882,1,4,5,4,3,3,3,0,1,2,5,1,4,2,3,4,5,0,5,1,3,4,0,1,15,6,5,1,1,0,0,1,1
103883,3,3,4,2,1,2,4,5,3,5,4,2,2,0,5,4,1,4,2,0,0,6,1,4,11,4,5,0,0,0,1,0,0
103884,2,3,1,2,0,3,3,1,2,3,4,0,5,5,1,4,2,4,3,2,2,7,2,0,12,4,1,0,0,0,1,1,1
103885,0,4,3,3,0,3,2,0,4,5,3,1,2,2,3,1,1,2,3,4,1,9,2,3,25,3,6,0,1,0,1,0,0
103886,2,0,4,4,0,2,1,5,4,0,5,5,3,5,4,3,3,2,1,3,0,10,1,0,29,2,2,0,1,0,1,0,0
103887,0,2,1,3,3,4,4,5,0,2,0,1,4,4,0,5,1,5,3,0,0,0,1,0,19,3,9,0,0,0,0,0,0
103888,1,4,3,1,1,3,0,1,3,1,4,5,4,4,3,1,1,0,0,4,4,4,2,0,14,6,9,0,0,1,0,0,0
103889,0,5,2,0,1,5,1,2,5,0,5,2,2,2,3,4,4,3,1,3,0,10,1,1,20,2,0,0,0,0,0,0,1
103890,4,0,1,0,4,1,4,4,3,5,0,5,5,0,5,3,1,4,4,5,1,9,0,3,5,2,4,0,0,0,1,1,0
103891,3,2,1,2,1,4,4,2,4,0,4,3,1,1,2,1,2,1,4,2,3,6,2,3,23,6,2,0,1,0,0,0,0
103892,5,1,0,4,4,4,1,4,5,3,3,4,0,3,4,5,4,1,0,4,1,3,0,0,5,2,5,0,0,1,1,0,1
103893,2,1,4,4,0,4,2,1,2,1,2,2,0,3,0,0,2,3,1,5,3,7,2,3,28,5,10,1,1,1,0,1,0
103894,1,0,4,4,2,5,1,4,4,0,0,0,4,0,3,4,4,2,2,4,1,3,1,1,13,0,8,0,1,0,0,0,0
103895,3,3,3,4,0,2,5,3,0,5,1,2,2,5,1,3,2,0,3,5,2,7,3,0,14,1,6,0,1,1,1,1,1
103896,5,4,1,0,3,3,3,0,0,1,4,3,0,0,3,0,5,2,0,2,4,1,2,0,14,6,9,0,0,1,0,0,0
103897,3,3,0,5,0,0,0,3,4,2,3,1,1,2,3,2,5,4,3,0,4,2,2,4,9,2,5,1,0,0,0,1,1
103898,0,2,3,5,1,2,0,0,1,1,0,2,0,1,1,1,0,2,5,1,2,8,2,3,5,6,3,0,0,1,0,0,0
103899,1,4,1,5,4,0,0,5,4,4,1,0,2,1,5,2,5,4,5,0,3,6,2,3,20,0,6,1,1,0,1,1,1
103900,5,3,3,2,5,4,1,5,5,5,0,2,3,2,2,4,0,4,4,4,4,8,1,0,14,1,1,0,1,0,1,0,1
103901,3,5,5,1,3,4,1,0,5,2,2,0,1,1,1,3,5,3,3,3,4,1,2,4,22,1,6,1,0,1,1,1,0
103902,5,2,0,5,5,1,2,3,0,4,5,1,1,2,4,1,3,3,0,2,0,1,2,3,8,2,1,0,0,0,0,1,0
103903,3,1,3,1,4,4,4,2,1,2,4,2,5,5,3,4,0,0,3,2,0,4,3,3,28,4,6,1,1,0,1,1,0
103904,0,2,5,4,4,1,5,0,3,3,5,1,0,4,3,4,2,5,3,5,4,10,2,2,28,1,9,1,1,1,1,1,1
103905,5,3,2,5,5,4,3,4,0,4,0,0,5,1,0,0,5,0,1,2,2,1,2,3,18,5,0,1,0,1,1,0,1
103906,4,2,4,5,0,5,4,0,5,5,3,0,0,3,5,5,3,4,2,5,5,4,1,0,20,6,6,1,0,1,0,1,1
103907,4,4,4,3,1,4,3,0,5,3,1,3,4,2,2,0,3,4,3,1,3,7,1,4,13,5,6,1,1,1,0,1,1
103908,5,0,2,5,2,1,1,4,4,2,2,0,5,1,3,1,1,5,0,0,5,7,0,3,14,0,4,1,1,0,0,1,1
103909,1,3,1,4,3,1,3,1,1,2,5,0,1,2,0,1,2,2,1,1,4,5,3,0,7,6,7,1,0,0,0,0,0
103910,5,2,4,5,5,0,1,5,0,5,4,4,1,0,0,0,4,2,2,0,1,9,2,1,22,0,4,1,1,1,1,1,0
103911,1,1,3,2,0,5,1,3,4,2,4,2,1,1,4,3,5,1,5,0,5,9,0,3,30,4,10,0,0,1,0,1,1
103912,5,3,2,3,1,3,5,3,4,2,5,5,2,3,0,2,2,3,2,2,3,5,0,0,28,4,7,1,1,1,0,1,0
103913,1,4,1,4,1,0,5,2,5,4,2,2,1,4,4,4,3,1,5,2,0,5,2,4,23,4,5,1,0,1,1,1,1
103914,3,3,4,1,4,3,3,2,2,5,0,2,1,4,0,1,4,5,1,1,5,9,2,0,3,1,2,1,1,0,0,0,0
103915,4,0,1,1,5,3,3,1,1,2,5,0,1,5,1,5,5,3,1,0,1,6,0,3,7,5,7,1,0,0,1,0,1
103916,0,0,0,2,5,3,4,4,5,5,0,0,5,1,5,3,1,4,5,1,4,8,0,4,21,0,7,1,1,1,1,0,0
103917,0,2,0,2,4,3,4,3,0,5,1,5,1,0,3,0,0,2,2,4,2,8,2,1,2,6,10,0,0,1,0,1,0
103918,5,4,2,4,4,0,0,0,3,2,5,1,0,3,1,1,0,4,1,2,5,4,1,1,12,4,4,1,1,0,0,1,0
103919,0,1,0,5,2,2,2,1,2,1,5,0,1,3,0,2,3,0,4,3,0,6,1,4,20,0,8,0,1,0,0,0,0
103920,3,1,2,0,3,4,0,5,3,1,0,4,3,5,5,3,2,2,3,4,5,4,0,4,19,3,4,1,0,0,1,1,1
103921,5,5,1,1,1,5,3,2,2,0,5,5,0,0,3,4,0,3,0,4,2,6,2,0,28,0,6,1,1,1,0,0,0
103922,3,0,2,5,3,1,1,1,0,1,4,2,2,1,2,0,2,2,5,0,0,7,2,2,19,2,5,1,1,0,1,0,0
103923,2,0,4,3,1,3,1,1,3,0,0,2,5,2,4,4,3,4,0,3,2,6,3,2,12,2,0,0,1,0,0,1,1
103924,2,0,2,1,5,5,5,1,1,1,3,3,4,4,5,1,2,0,0,5,1,9,0,4,4,0,7,1,1,1,0,1,0
103925,3,5,3,3,2,3,1,5,0,5,1,0,2,1,4,5,4,4,5,2,3,8,3,3,17,3,10,1,1,1,1,1,1
103926,3,2,0,5,2,1,5,1,2,1,3,1,5,5,2,2,1,1,0,3,4,10,1,4,21,0,5,1,0,1,1,1,1
103927,3,0,0,2,2,3,2,1,1,2,1,5,1,0,3,5,5,0,2,5,0,3,3,2,27,1,10,0,1,0,0,0,0
103928,0,1,5,2,5,0,1,0,4,2,0,4,0,5,5,0,2,2,4,4,4,1,2,1,7,5,8,1,1,0,0,0,0
103929,3,5,3,3,5,2,0,5,2,3,3,0,1,4,1,1,2,4,4,2,4,8,2,2,29,2,4,1,1,1,1,1,1
103930,4,4,0,5,2,3,4,2,3,3,4,3,0,0,4,5,3,1,3,0,0,6,3,2,25,6,3,1,1,1,1,1,0
103931,4,1,3,3,5,0,5,4,2,3,1,5,2,5,3,1,5,5,1,4,5,4,2,4,19,0,9,1,1,1,1,1,1
103932,0,1,0,5,4,1,5,4,5,0,3,1,2,0,1,1,1,1,4,0,5,9,2,1,7,2,2,0,1,0,0,0,0
103933,4,0,0,4,5,5,1,2,0,1,2,1,0,2,1,3,2,4,3,2,3,9,1,3,8,4,5,0,0,1,0,0,0
103934,4,4,2,2,5,3,5,2,0,5,5,5,2,4,3,1,1,0,2,1,1,3,0,1,12,5,5,1,1,1,1,0,0
103935,1,0,3,2,1,2,1,0,5,5,3,5,1,2,1,2,3,4,3,0,1,9,0,4,30,4,5,0,0,0,1,0,0
103936,5,1,3,4,3,1,2,4,1,0,2,3,5,2,1,4,3,4,5,5,5,5,2,4,25,6,3,1,1,1,1,1,1
103937,3,2,4,0,1,0,0,4,4,3,0,2,3,1,2,2,5,0,4,5,4,0,0,0,10,3,8,1,0,0,0,0,0
103938,2,3,1,1,1,2,1,1,3,0,5,1,1,1,1,2,0,4,1,5,0,7,1,1,9,5,9,0,1,0,0,0,0
103939,4,3,1,1,2,3,1,1,4,3,3,0,4,3,1,4,4,3,5,1,1,7,2,3,4,3,8,0,0,0,1,0,1
103940,3,4,3,4,0,1,5,2,3,0,1,3,5,2,1,5,0,2,2,1,3,5,1,0,19,6,6,0,0,0,0,0,0
103941,3,1,5,4,1,4,1,4,1,4,0,0,4,4,0,5,3,5,5,2,3,5,3,1,15,0,4,0,0,0,1,1,1
103942,1,2,4,4,4,2,1,3,3,5,1,2,0,3,1,0,2,4,5,2,5,1,2,2,2,6,4,0,0,0,0,1,0
103943,5,2,4,0,0,0,1,0,1,0,3,5,3,3,3,3,0,2,5,2,4,4,0,2,22,1,8,0,0,0,0,0,0
103944,5,0,0,1,3,0,1,3,2,2,5,5,0,0,2,2,0,5,0,2,3,2,0,3,4,1,9,0,0,0,0,0,0
103945,0,4,5,1,4,5,3,4,3,1,3,2,3,1,2,2,4,5,5,4,2,0,2,4,4,4,1,1,0,0,0,0,1
103946,4,3,5,0,1,2,1,1,0,1,0,1,4,0,3,1,4,0,3,1,0,6,1,1,28,0,10,0,0,0,1,0,0
103947,0,2,3,1,2,2,1,2,0,4,1,5,0,5,1,1,3,3,4,4,1,0,0,1,29,4,7,0,0,0,0,0,0
103948,2,5,2,2,5,1,3,4,4,0,1,5,4,4,5,4,3,4,2,5,0,10,1,2,3,2,4,1,1,1,1,1,1
103949,5,1,3,5,5,4,4,1,0,0,0,3,1,1,0,5,0,0,4,3,5,1,0,4,27,1,3,1,1,1,0,1,0
103950,1,5,3,1,5,4,0,0,5,2,0,4,0,2,2,3,0,0,3,4,3,1,0,4,9,4,7,1,0,0,1,0,0
103951,2,4,5,5,3,1,2,5,3,1,0,2,1,3,4,1,4,4,1,3,2,8,3,0,16,4,6,1,1,0,1,1,1
103952,1,1,0,4,5,4,3,0,4,5,4,4,5,1,4,1,1,0,0,2,4,5,2,1,26,2,3,0,1,1,1,1,0
103953,4,4,3,0,2,2,5,0,2,2,4,3,1,0,2,1,4,1,4,0,3,10,3,4,19,4,4,1,1,0,0,1,0
103954,2,4,4,1,3,1,5,1,4,3,4,1,0,5,2,3,0,2,3,0,4,0,3,4,18,3,5,0,1,1,0,1,1
103955,3,2,2,2,4,4,5,4,1,0,1,0,0,2,5,4,3,5,4,2,0,0,0,3,18,2,3,1,0,1,0,0,1
103956,5,2,5,5,5,0,3,3,3,2,5,0,5,4,2,4,5,4,3,0,3,8,1,3,9,2,6,1,0,1,1,1,1
103957,3,5,0,4,2,5,0,1,1,1,2,4,3,3,0,3,2,1,1,1,0,5,3,1,9,4,9,1,1,0,1,0,1
103958,4,0,0,5,5,0,5,0,4,2,0,5,1,2,2,5,1,2,3,3,1,8,1,3,9,2,3,0,1,0,0,1,0
103959,0,0,4,1,3,1,3,5,2,1,0,3,3,3,0,5,4,2,0,0,2,5,1,3,26,2,1,0,0,1,0,0,0
103960,1,3,0,5,0,1,5,0,4,0,1,3,0,1,5,1,2,1,1,4,0,7,1,4,9,3,8,1,0,0,0,1,1
103961,5,5,2,5,3,1,5,5,5,3,0,5,4,1,1,5,1,2,3,3,5,5,1,0,26,3,10,1,1,1,1,1,1
103962,5,3,1,3,5,2,4,2,0,3,1,5,5,4,0,0,4,3,2,3,3,7,2,3,11,6,1,1,1,1,1,1,0
103963,3,0,4,0,2,4,2,1,0,3,3,4,4,4,3,4,4,0,4,1,4,8,0,3,22,5,9,0,1,1,1,1,1
103964,2,3,0,1,3,2,3,2,2,2,5,3,1,4,1,3,1,5,2,4,3,9,3,2,11,5,9,1,0,1,0,1,0
103965,1,1,2,0,5,3,4,1,3,3,0,2,2,4,4,0,2,4,4,3,2,0,0,1,9,5,9,0,1,1,0,1,0
103966,5,4,5,4,5,5,5,0,5,4,3,3,3,5,4,1,1,4,3,4,1,7,0,4,15,6,1,1,1,1,1,1,1
103967,4,3,2,1,2,2,1,2,2,1,1,4,0,1,3,5,2,3,0,0,1,7,2,4,24,2,10,0,0,1,1,0,1
103968,1,2,3,4,4,4,3,3,5,1,2,5,4,0,1,4,4,1,5,4,5,6,0,2,13,1,9,1,1,0,1,1,0
103969,3,3,5,1,3,2,3,2,4,4,3,3,3,1,1,3,3,4,2,3,5,6,1,3,30,4,3,1,0,1,1,1,1
103970,3,4,3,5,3,0,1,3,4,0,1,4,0,3,0,4,3,5,0,3,3,7,2,1,24,3,9,1,1,1,1,1,1
103971,2,4,4,4,4,1,2,5,5,2,2,0,4,3,5,1,1,0,4,0,5,10,1,0,10,1,6,1,1,1,1,1,1
103972,5,2,5,2,1,0,5,0,1,3,1,2,4,1,1,1,1,2,5,5,4,1,1,1,26,4,3,1,1,1,0,1,0
103973,0,3,3,2,1,5,0,4,4,3,2,1,0,4,2,3,3,5,5,0,4,6,3,0,21,0,1,0,0,0,0,1,1
103974,1,0,4,0,0,0,3,1,4,4,4,4,3,5,0,2,0,5,5,2,3,3,2,1,17,3,9,0,0,0,1,0,0
103975,0,2,3,0,5,4,3,0,5,2,1,1,1,0,3,1,5,5,1,1,2,8,1,4,12,1,0,0,1,1,0,0,0
103976,4,2,4,5,1,0,5,2,1,2,3,1,1,0,1,0,4,0,2,0,0,7,2,3,2,2,2,1,0,1,0,0,0
103977,3,3,3,4,4,0,1,2,4,0,4,3,4,4,3,2,4,0,3,5,2,6,2,2,28,1,5,1,1,1,1,1,1
103978,5,5,2,5,4,3,2,5,1,4,3,3,0,2,1,4,1,5,3,4,5,8,3,1,18,1,4,1,1,1,1,1,1
103979,3,5,3,3,4,0,0,2,5,1,4,2,2,4,4,2,2,5,0,3,0,4,1,4,28,3,2,0,0,0,1,0,1
103980,0,2,2,1,5,0,2,4,3,5,2,1,1,4,5,3,2,2,1,1,3,2,3,3,12,3,6,1,0,1,1,0,1
103981,2,3,2,0,5,4,5,5,5,3,2,5,1,0,3,1,4,1,1,4,2,4,1,4,27,5,10,1,1,1,1,0,1
103982,0,0,1,4,0,0,4,2,3,5,0,5,2,4,4,5,1,2,2,1,3,3,1,2,7,6,10,0,0,0,0,0,1
103983,4,2,2,1,5,3,2,1,0,5,4,0,3,1,2,4,4,0,1,2,4,8,1,2,22,0,3,0,0,1,1,1,1
103984,4,4,2,0,1,0,3,5,2,2,4,5,2,3,0,2,2,5,4,3,3,4,0,0,16,5,4,0,0,1,1,0,0
103985,5,4,3,0,3,0,5,2,3,2,3,4,3,5,2,2,5,5,3,3,3,7,3,1,18,4,5,1,1,1,1,1,1
103986,2,5,2,3,4,4,2,2,3,5,4,5,4,2,0,3,0,4,0,3,4,10,2,3,30,3,1,1,1,1,1,1,1
103987,1,2,2,5,0,2,1,4,3,5,3,2,1,2,0,0,4,1,4,1,1,0,2,3,11,2,7,0,0,0,0,0,0
103988,0,5,0,2,1,0,5,2,4,4,1,2,2,5,5,3,0,3,5,0,5,4,2,4,10,4,10,0,1,1,1,0,1
103989,2,5,2,5,5,4,5,3,3,5,1,3,3,2,2,1,1,2,1,2,3,1,3,4,20,3,10,1,1,1,1,1,1
103990,2,3,2,2,0,5,3,5,1,3,3,4,2,3,4,3,3,4,3,3,1,1,0,0,5,1,3,0,0,0,0,0,1
103991,4,0,5,4,1,3,0,0,0,0,0,5,3,1,2,2,4,0,1,0,5,8,1,4,24,3,3,1,1,1,0,0,0
103992,4,2,2,1,0,2,0,4,1,3,5,1,4,3,3,2,3,3,3,1,5,9,1,3,5,4,8,0,0,1,1,0,1
103993,0,4,0,3,1,5,0,2,0,2,2,5,3,0,1,3,2,4,3,2,1,8,3,1,28,6,3,0,0,1,0,0,0
103994,1,3,1,1,3,2,4,3,4,0,3,2,2,5,3,2,1,0,2,0,0,4,3,0,11,4,10,0,0,0,0,0,0
103995,3,5,4,4,5,3,1,5,5,3,3,3,3,3,3,4,2,5,1,5,5,3,2,4,20,6,6,1,1,1,1,1,1
103996,2,4,0,2,3,2,0,3,5,3,4,4,5,2,0,1,1,2,1,5,2,9,2,0,18,2,9,1,0,0,1,0,0
103997,0,0,0,0,1,4,4,2,3,4,2,3,0,4,3,0,0,0,0,3,5,8,0,2,17,0,0,0,0,0,0,0,0
103998,5,5,2,1,5,3,2,5,5,4,4,0,3,3,1,4,4,3,2,1,5,0,3,0,5,6,2,1,1,1,1,1,1
103999,4,2,2,2,2,2,3,3,3,1,1,5,0,2,3,3,5,4,0,5,0,1,1,4,14,2,6,1,1,0,0,0,1
104000,3,4,2,2,1,2,1,0,0,5,1,0,5,1,2,4,2,0,3,2,3,10,0,0,23,1,0,0,0,0,1,0,0
104001,1,3,0,1,3,1,1,0,3,2,0,3,4,0,1,2,2,2,2,3,3,7,0,3,16,0,6,0,0,0,0,0,1
104002,5,2,4,3,0,2,1,2,3,2,0,3,5,1,2,4,3,1,2,0,0,10,2,1,29,2,10,0,1,1,0,1,0
104003,0,0,1,5,2,0,3,4,3,1,0,1,3,2,0,0,0,5,4,1,1,9,0,1,20,1,4,0,0,0,0,0,0
104004,2,0,4,4,4,2,5,2,4,5,2,4,2,2,5,5,1,1,3,5,2,3,0,3,30,3,10,1,1,0,0,0,1
104005,4,3,3,1,3,0,5,1,5,2,0,3,0,5,3,5,2,0,5,3,3,7,0,1,23,0,9,1,1,1,1,1,1
104006,5,3,1,4,5,1,0,5,1,1,1,2,3,2,0,1,3,3,0,0,4,0,2,4,17,6,2,0,1,1,0,0,0
104007,1,3,2,5,4,2,4,1,0,5,2,0,5,2,0,1,1,5,0,2,0,4,2,2,5,3,9,0,1,0,0,0,0
104008,3,0,0,1,2,0,4,0,3,5,4,4,0,0,0,0,2,1,4,0,1,4,1,0,4,2,7,0,1,0,0,0,0
104009,1,3,4,1,4,1,0,2,0,1,0,0,1,0,1,5,1,5,4,2,2,0,3,2,8,6,2,0,0,1,0,0,1
104010,0,0,1,0,5,4,3,0,2,3,4,5,3,2,5,0,1,1,3,2,1,2,3,1,26,4,0,0,1,0,0,0,0
104011,2,0,2,5,3,5,2,3,5,5,3,0,3,2,4,4,2,5,2,3,5,4,0,4,14,6,1,0,0,1,1,0,1
104012,5,2,0,4,4,3,1,2,3,3,0,0,2,3,5,0,3,2,5,0,4,8,0,0,27,2,6,1,0,0,0,1,0
104013,4,3,2,2,3,4,4,5,5,2,0,1,0,5,2,5,5,2,1,1,0,7,3,0,16,2,5,1,1,0,0,0,1
104014,2,3,2,5,5,4,5,1,0,3,5,4,2,0,1,1,0,4,2,1,1,0,2,2,10,0,7,0,1,1,0,0,0
104015,1,5,1,3,1,5,3,1,4,0,2,5,3,0,2,2,1,2,5,4,1,0,3,1,25,0,1,0,0,1,1,0,0
104016,0,5,5,5,2,5,1,4,1,5,5,3,1,3,1,0,0,1,0,1,1,1,2,1,19,2,3,0,1,1,1,0,0
104017,1,2,1,5,1,0,2,4,0,3,3,4,3,0,5,1,1,2,4,4,0,4,3,1,5,5,10,0,1,0,1,0,0
104018,0,4,1,5,0,2,3,2,1,0,0,2,5,1,3,5,2,1,4,2,4,7,1,4,10,5,2,0,0,0,0,0,1
104019,1,0,3,2,3,5,5,5,5,2,4,5,0,4,4,3,5,2,2,2,5,3,1,0,6,6,9,1,0,1,1,1,1
104020,4,5,1,3,0,5,4,5,2,2,2,0,0,0,1,1,1,3,5,5,4,8,3,0,21,2,4,0,1,1,1,1,1
104021,0,2,2,1,1,3,4,3,5,5,2,3,3,3,5,5,4,4,1,3,4,7,2,4,22,3,8,0,0,0,1,1,1
104022,0,4,4,5,4,2,4,4,0,5,1,2,4,0,5,5,4,2,3,2,0,0,1,2,24,4,10,0,1,1,0,1,0
104023,3,5,0,1,1,0,4,3,3,1,2,2,0,4,3,2,1,1,5,0,0,2,1,4,9,6,8,0,0,0,1,0,1
104024,1,4,3,2,5,2,1,2,2,1,5,4,5,4,1,2,1,5,2,4,3,2,0,4,11,5,0,0,1,1,0,0,1
104025,2,5,0,3,0,3,0,3,1,0,1,4,2,0,3,5,4,4,1,3,3,9,3,1,14,2,0,0,1,0,0,1,0
104026,0,0,0,4,2,3,5,5,3,3,3,3,0,3,0,3,0,4,3,5,0,6,2,3,2,3,2,0,1,0,0,0,0
104027,1,1,0,4,0,3,3,0,3,2,0,5,2,2,1,1,4,2,3,4,4,7,2,0,28,6,6,0,0,1,0,0,0
104028,2,3,0,5,0,1,5,0,0,3,4,1,2,5,3,3,0,2,5,5,5,3,2,3,13,2,0,1,1,0,0,1,0
104029,4,3,2,4,4,5,4,2,3,1,5,0,2,0,5,2,3,4,2,4,3,2,3,1,7,0,5,1,1,0,1,1,1
104030,2,0,5,4,0,1,2,3,1,4,5,1,3,4,4,2,4,0,0,5,4,7,2,3,8,6,5,0,1,1,1,1,1
104031,3,4,5,3,5,2,3,1,4,3,4,0,1,3,1,3,5,5,5,4,4,0,0,0,3,6,9,1,1,1,1,1,1
104032,3,0,0,2,3,3,3,3,1,5,4,5,5,5,5,2,5,1,0,4,4,6,2,4,14,1,10,1,0,0,1,0,1
104033,1,5,5,5,2,1,5,0,1,1,3,3,1,4,2,3,3,1,1,4,3,8,0,1,30,3,3,1,1,0,0,1,1
104034,1,0,3,2,5,0,2,1,5,1,5,2,5,1,3,3,5,4,5,0,4,5,2,2,30,1,10,0,0,1,1,0,1
104035,2,2,3,3,2,3,2,2,1,3,0,2,4,0,4,5,3,1,4,1,0,5,2,4,11,6,3,0,1,0,1,1,0
104036,0,4,4,1,2,1,2,0,0,4,1,0,2,3,0,5,5,2,1,1,1,8,1,2,2,5,6,1,0,0,0,0,1
104037,4,3,2,2,2,5,0,3,3,1,0,3,1,5,1,5,5,5,0,5,2,6,3,2,5,0,4,1,0,0,0,0,1
104038,3,4,1,2,3,4,2,3,3,3,1,5,5,3,3,4,5,1,4,1,0,0,0,0,11,0,0,0,0,0,1,0,0
104039,1,4,3,1,5,2,2,3,3,3,1,0,3,3,2,2,4,0,3,1,2,8,0,3,20,6,9,1,1,1,1,1,0
104040,2,5,4,4,3,2,1,3,2,3,2,1,1,3,0,2,5,3,5,4,2,1,0,4,16,3,0,1,0,1,0,1,1
104041,1,2,4,4,1,5,4,4,0,3,4,4,0,2,0,0,5,0,2,0,2,10,2,3,22,1,0,1,1,0,1,0,1
104042,3,5,1,4,5,0,4,3,1,1,5,4,2,5,1,4,2,3,1,2,4,1,0,4,15,2,3,1,0,0,1,1,1
104043,4,3,5,0,3,2,1,3,0,0,3,1,3,1,2,5,1,1,0,3,2,7,0,4,18,2,6,0,1,1,0,0,1
104044,0,5,1,1,4,0,0,1,5,1,0,0,3,3,1,3,3,1,5,3,5,10,3,3,8,1,8,1,0,0,1,0,1
104045,2,4,4,1,2,0,3,4,1,0,0,4,0,5,5,5,2,2,0,0,0,9,0,4,16,5,1,1,1,1,0,1,1
104046,0,0,1,4,1,5,0,1,3,3,2,1,4,1,0,3,0,0,4,4,1,3,3,2,24,3,5,0,0,0,0,0,0
104047,2,3,0,5,5,0,0,0,1,3,3,4,1,2,2,0,1,5,3,2,5,1,3,1,6,1,10,0,0,0,0,1,0
104048,1,5,5,2,4,5,2,5,3,0,4,2,1,4,2,5,5,3,4,0,5,4,1,2,10,3,7,1,1,0,0,1,1
104049,2,0,3,1,1,4,5,1,0,4,2,5,4,0,0,2,5,2,3,0,5,6,2,4,20,6,2,0,1,1,0,1,0
104050,2,5,1,3,5,3,0,0,0,4,1,5,4,1,4,3,0,3,3,5,0,2,2,0,6,2,9,0,0,0,0,0,0
104051,1,0,0,5,0,4,3,1,1,2,0,0,4,4,4,3,4,1,4,5,2,8,2,3,16,5,10,0,0,0,0,1,1
104052,2,5,0,2,5,1,3,5,1,0,3,4,0,0,0,2,4,2,1,3,1,8,0,3,26,6,0,1,1,1,1,1,0
104053,4,4,1,1,3,0,1,5,1,0,5,4,2,2,3,2,4,0,5,4,0,0,0,3,10,4,4,1,0,1,1,0,1
104054,4,0,5,3,3,2,3,4,1,5,0,1,1,3,2,4,1,5,3,3,2,2,2,3,25,6,4,0,1,0,1,1,1
104055,0,4,1,5,0,4,3,1,4,1,0,5,3,5,0,1,4,4,1,3,0,3,1,3,15,4,10,0,0,0,1,1,0
104056,2,0,0,4,1,1,0,3,2,5,0,4,5,0,1,2,3,1,0,1,2,6,1,3,18,0,5,0,0,0,1,0,0
104057,5,3,5,3,4,1,5,4,0,3,3,1,0,3,2,0,1,3,4,1,3,10,2,4,15,4,4,1,1,1,0,1,1
104058,3,5,5,4,3,4,1,2,5,3,1,4,3,4,3,1,4,3,2,0,5,1,1,0,8,6,9,0,0,1,1,1,1
104059,1,1,1,0,0,3,2,1,3,5,4,4,2,2,2,4,5,0,4,0,0,1,1,2,25,2,1,0,0,0,0,0,1
104060,3,1,3,4,3,3,0,5,2,5,4,3,2,2,2,3,3,3,3,3,2,8,0,0,29,3,7,1,1,0,1,1,1
104061,0,2,3,0,4,2,3,0,3,1,3,5,5,2,4,2,0,3,5,3,2,6,3,4,18,2,7,1,1,0,0,0,1
104062,0,2,3,2,1,4,3,5,1,5,0,3,4,5,0,5,5,4,5,5,4,10,1,0,10,3,10,1,1,0,1,1,1
104063,3,0,1,2,4,4,0,2,2,0,3,1,0,3,0,1,0,1,4,5,1,8,3,3,12,3,0,0,0,0,0,1,1
104064,3,2,4,4,5,2,1,4,0,4,2,3,2,2,5,3,1,5,1,4,5,3,0,3,16,5,4,0,0,1,0,1,1
104065,4,1,5,1,2,0,4,2,4,2,5,2,4,0,1,0,1,4,4,4,1,2,1,1,13,4,10,0,0,0,1,0,0
104066,2,0,4,1,1,5,4,4,2,3,4,1,0,2,3,5,3,1,0,4,3,1,0,2,28,5,3,0,0,0,0,0,0
104067,5,1,5,5,5,0,1,5,4,5,5,3,3,4,0,5,1,3,1,3,4,8,0,1,8,2,0,1,1,0,0,1,1
104068,2,0,0,2,5,2,3,2,0,2,2,4,2,2,5,4,5,5,0,2,2,3,1,4,24,5,1,1,0,1,1,0,1
104069,4,5,3,4,2,5,4,1,0,0,1,5,0,2,4,1,1,0,5,2,4,0,1,3,19,1,4,1,1,1,1,1,0
104070,0,5,5,3,2,2,2,0,2,4,2,4,5,4,5,2,3,0,4,3,0,1,0,4,15,0,4,0,0,0,0,1,1
104071,0,2,3,3,5,4,1,5,0,0,4,2,2,5,5,2,0,4,2,3,5,10,0,3,25,1,9,1,1,0,1,1,1
104072,4,5,5,4,0,2,0,5,5,4,3,5,1,0,1,2,3,0,2,3,4,9,0,2,15,0,3,1,1,1,1,0,0
104073,5,2,2,4,1,4,5,3,0,2,2,5,0,5,2,0,1,2,1,5,0,8,3,4,7,1,5,1,1,1,0,1,0
104074,5,5,5,5,3,3,1,0,3,2,5,4,0,2,5,3,2,5,0,0,5,10,1,1,10,4,4,1,1,0,1,1,1
104075,1,1,5,4,3,1,4,5,2,1,2,4,1,3,3,0,3,4,1,3,5,6,1,4,24,2,1,1,0,0,0,1,1
104076,0,1,3,1,3,5,1,2,1,3,5,4,4,1,4,5,4,1,4,3,1,3,1,2,24,4,7,1,0,0,0,0,0
104077,5,4,4,1,2,2,4,1,0,1,3,2,1,0,2,0,4,3,0,0,2,7,0,3,22,0,4,1,0,1,0,1,1
104078,3,1,3,5,5,2,1,2,1,1,0,4,2,2,2,2,2,4,0,0,5,8,0,1,29,5,0,0,1,1,0,0,1
104079,1,4,1,2,3,3,3,5,0,2,2,2,3,5,2,1,2,2,1,0,2,2,0,2,22,4,2,0,0,0,1,0,1
104080,4,2,3,1,3,5,5,4,3,4,4,5,2,5,4,1,1,4,3,4,5,8,3,1,27,5,10,1,1,1,1,1,1
104081,5,2,5,0,5,5,4,3,1,3,5,5,2,2,2,5,5,5,5,5,1,7,2,3,10,5,9,1,1,1,0,1,1
104082,1,2,0,3,0,2,0,4,0,5,3,3,2,3,2,0,0,4,3,5,3,8,3,0,15,3,1,0,0,0,0,0,0
104083,4,4,1,3,4,1,3,5,0,1,0,4,5,4,3,4,0,4,1,0,1,8,3,4,21,3,2,0,0,1,1,1,1
104084,4,0,2,4,5,1,1,3,5,0,2,4,5,3,2,3,2,1,5,5,3,1,0,1,29,2,10,1,1,0,0,1,1
104085,3,4,2,4,3,1,1,1,1,1,5,3,1,4,1,4,2,5,2,3,4,9,0,2,23,3,9,1,1,0,0,1,1
104086,3,4,3,4,3,1,4,0,3,0,2,4,1,0,2,2,1,2,2,1,5,9,1,4,2,3,3,1,0,1,0,0,0
104087,1,4,2,3,2,2,5,0,2,3,2,4,2,5,3,0,2,3,5,1,2,1,1,0,22,2,10,0,0,0,0,0,0
104088,5,5,3,5,1,0,5,1,2,5,5,1,1,3,5,3,5,4,4,3,5,4,2,3,11,1,2,1,1,1,1,1,1
104089,5,4,0,5,3,3,5,4,5,2,2,0,3,0,2,0,1,1,3,1,2,6,0,0,6,0,0,0,0,1,0,0,0
104090,5,3,1,4,5,5,2,0,4,1,4,3,3,4,5,2,3,0,0,4,3,9,0,4,25,1,7,1,1,1,1,0,1
104091,4,2,4,2,2,2,3,0,3,3,0,0,2,5,5,3,4,0,1,1,5,7,0,1,22,1,9,1,1,1,1,1,1
104092,0,2,2,1,0,0,3,5,1,4,3,4,2,2,0,3,5,3,3,3,0,3,2,1,29,5,2,0,0,0,0,0,1
104093,2,4,4,0,2,2,4,2,5,5,0,4,5,2,1,4,5,3,3,5,4,8,0,3,16,3,6,1,1,1,1,1,1
104094,2,2,3,5,0,2,0,0,0,2,1,0,0,5,3,1,4,0,2,0,4,10,1,1,30,1,6,1,1,0,1,1,0
104095,5,3,1,4,5,3,4,5,3,2,3,1,4,3,1,5,4,3,2,0,2,4,1,0,23,6,10,0,1,1,1,1,1
104096,3,0,2,5,3,1,4,5,3,3,3,3,3,2,0,2,5,0,1,3,1,2,0,0,16,1,8,0,0,1,0,0,0
104097,3,1,5,4,1,1,5,3,5,1,0,4,4,3,4,4,4,3,0,3,4,5,0,4,29,1,5,1,1,0,1,1,1
104098,0,1,5,2,3,4,3,0,0,0,2,0,3,0,5,2,0,2,5,3,3,1,1,2,29,0,7,1,1,0,0,0,0
104099,4,2,0,0,3,1,2,3,1,4,2,3,4,2,1,2,2,5,0,1,0,5,3,4,22,2,1,0,0,0,1,0,1
104100,2,3,4,0,3,5,2,5,0,0,2,1,3,4,1,3,4,1,3,4,3,0,0,4,19,1,9,1,0,1,1,0,1
104101,0,4,2,4,3,1,3,5,1,4,4,2,4,0,4,5,5,4,3,1,5,0,2,1,7,6,0,1,0,0,0,0,1
104102,5,2,0,1,5,4,1,3,5,3,5,2,2,3,0,2,0,4,3,4,2,3,3,4,23,0,2,0,0,1,1,1,0
104103,1,0,3,2,5,0,4,5,0,2,0,1,5,4,0,0,5,5,4,5,4,2,3,4,14,3,0,1,0,1,1,1,1
104104,0,3,0,5,1,1,2,4,4,2,5,1,1,3,4,3,0,2,0,3,0,4,1,1,17,0,6,0,0,0,0,0,1
104105,0,0,1,2,1,2,1,0,5,5,0,2,4,2,1,2,1,3,2,4,0,8,0,0,9,3,1,0,0,0,0,0,0
104106,2,5,4,5,5,2,4,3,0,4,5,4,1,5,3,4,0,4,4,0,3,8,0,0,10,3,4,1,1,1,1,1,0
104107,0,4,4,3,3,0,2,3,2,0,3,1,4,4,2,4,3,3,3,1,1,2,2,0,5,1,7,0,0,0,0,0,1
104108,5,1,2,4,0,1,0,4,5,5,4,3,5,4,2,2,3,3,2,3,2,0,2,2,7,6,4,0,0,0,1,1,0
104109,3,1,4,0,3,5,3,3,4,0,1,2,1,0,5,5,5,2,1,2,2,0,3,2,11,6,5,0,1,1,0,1,1
104110,1,0,5,2,0,5,3,4,0,4,3,1,3,5,3,4,3,5,4,5,5,2,1,1,20,6,9,1,1,1,1,0,1
104111,0,2,2,1,0,2,1,3,5,2,3,0,3,3,1,4,0,5,0,5,2,8,1,0,12,6,2,0,0,0,0,0,0
104112,2,0,1,0,1,0,0,1,4,2,1,0,2,4,4,5,1,1,4,0,0,6,1,3,27,2,4,0,0,0,0,0,1
104113,0,5,3,5,1,1,2,2,1,3,3,2,1,2,0,5,2,0,4,5,1,0,1,0,21,3,9,0,0,1,0,1,0
104114,5,0,0,3,0,5,4,5,2,2,5,1,3,3,1,4,5,4,4,5,5,8,0,2,19,2,2,1,0,0,1,1,1
104115,1,3,5,2,5,5,4,5,1,0,0,4,4,4,2,5,4,1,3,1,2,4,3,0,17,1,2,1,1,1,1,1,0
104116,2,3,2,2,2,4,1,3,3,0,2,3,2,3,1,4,5,1,2,0,2,7,2,2,18,1,10,0,1,1,1,0,1
104117,0,1,4,1,3,5,2,1,4,4,2,0,2,3,5,5,4,5,1,2,4,7,3,1,19,4,1,0,0,0,1,0,1
104118,0,4,4,0,5,4,5,1,4,4,1,4,5,2,2,4,4,5,5,5,1,8,3,4,14,3,4,1,1,1,1,1,1
104119,1,0,2,5,5,3,2,1,5,2,2,2,4,5,2,2,2,0,4,0,5,10,3,0,14,0,10,1,1,0,1,1,0
104120,0,5,5,0,4,4,2,1,0,2,0,3,4,1,3,2,3,5,2,5,1,8,1,4,12,4,9,1,1,1,0,1,1
104121,4,4,4,2,1,3,4,5,5,2,0,0,3,2,2,4,4,5,2,1,4,4,1,2,19,6,6,1,1,1,1,1,1
104122,5,3,5,0,4,2,2,3,5,5,5,0,0,4,3,5,3,4,3,5,0,1,0,2,28,5,4,1,1,1,1,1,1
104123,5,5,0,5,5,3,5,2,2,0,1,0,0,2,2,3,2,1,1,3,2,7,3,4,15,2,8,1,1,1,1,1,1
104124,1,2,2,1,0,1,2,5,0,3,1,2,0,0,2,1,2,1,2,2,3,3,1,0,4,1,5,0,0,0,0,0,0
104125,4,1,5,2,5,3,2,2,1,1,3,5,1,0,5,4,5,3,3,3,2,0,3,4,24,4,3,1,1,1,0,1,0
104126,3,0,4,4,5,2,3,4,5,1,4,5,0,5,3,1,2,0,5,5,5,9,1,4,18,6,9,1,1,0,1,1,0
104127,0,5,2,3,5,2,4,3,0,0,5,4,2,5,0,4,2,4,5,1,2,5,0,4,4,4,5,1,1,1,0,1,1
104128,0,2,0,2,2,1,2,1,0,2,3,5,0,1,0,1,0,5,2,2,4,8,3,0,6,4,9,0,0,0,0,0,0
104129,3,4,1,3,1,5,1,5,0,0,1,4,5,1,2,5,3,5,3,4,5,0,1,2,25,3,4,0,1,1,0,1,1
104130,2,1,3,2,4,4,2,4,1,4,1,4,2,1,1,2,5,3,1,0,1,10,2,1,18,6,2,0,1,1,1,0,1
104131,0,5,3,1,3,0,1,5,4,1,4,2,0,5,3,2,4,5,1,4,4,7,1,1,13,2,8,0,0,1,1,1,1
104132,5,5,5,3,4,2,1,0,0,5,5,1,1,0,3,4,3,2,5,2,2,10,3,1,12,1,3,1,1,1,1,1,0
104133,4,1,0,2,1,2,4,1,5,0,5,3,1,0,5,4,2,2,0,1,2,6,0,2,27,0,10,0,0,0,0,0,0
104134,3,2,2,5,1,5,2,1,2,2,5,0,4,2,1,1,2,2,1,4,1,0,1,0,4,2,4,0,0,0,0,0,0
104135,5,4,1,2,5,4,1,4,3,2,3,1,4,5,4,0,2,1,3,3,2,4,3,3,12,0,3,1,1,0,1,1,0
104136,5,1,5,4,3,5,4,5,3,4,1,2,2,0,5,5,1,0,5,0,0,6,3,1,3,0,7,0,1,1,0,1,0
104137,5,0,0,1,5,2,4,0,4,1,2,3,4,1,1,5,4,2,4,5,4,8,2,3,28,3,10,1,0,1,1,1,1
104138,1,1,1,3,5,0,1,0,3,1,0,2,0,1,5,3,2,3,5,2,0,8,3,1,25,3,6,0,0,0,1,0,0
104139,5,3,1,3,2,4,1,4,0,2,2,4,1,1,5,0,4,4,0,0,4,2,2,3,9,2,3,1,0,1,1,1,0
104140,3,0,0,4,1,1,4,2,4,5,3,4,0,4,2,5,1,3,3,3,4,7,3,3,3,2,6,0,0,0,1,1,1
104141,4,2,3,2,5,3,1,4,0,4,4,1,2,1,4,2,0,5,2,2,5,9,3,0,7,3,2,1,1,0,1,1,0
104142,5,5,3,4,4,2,5,0,3,3,1,0,0,2,1,3,4,5,1,4,3,0,0,1,30,6,7,1,1,1,0,1,0
104143,0,0,3,0,3,2,3,3,5,5,4,1,4,0,0,4,0,0,3,4,0,2,1,1,28,1,7,0,0,0,1,0,0
104144,2,0,5,4,5,0,3,0,3,4,1,5,3,0,1,3,4,4,0,1,1,7,3,4,11,5,1,1,1,1,1,0,0
104145,0,2,2,4,1,4,3,5,2,4,4,1,4,2,0,1,1,3,1,5,4,6,1,3,10,0,7,1,0,1,1,1,1
104146,1,0,1,2,2,4,0,0,1,2,5,4,3,1,2,5,4,5,1,0,1,5,2,3,30,6,6,1,0,0,0,0,1
104147,2,0,2,0,0,2,4,1,4,2,1,4,0,4,1,3,4,5,2,2,4,8,3,0,30,2,8,0,0,1,0,0,1
104148,5,1,4,3,2,4,3,0,3,5,1,5,2,0,5,5,4,0,5,1,4,6,2,0,13,5,4,0,0,1,1,1,0
104149,5,0,3,4,2,5,1,1,4,5,5,5,0,0,3,0,2,1,3,1,3,0,2,4,30,4,5,1,1,0,0,1,0
104150,2,4,1,2,2,4,4,2,5,4,2,5,0,5,1,4,5,4,1,3,0,8,0,3,25,2,10,1,0,1,1,1,1
104151,1,0,4,0,0,5,1,3,3,0,1,1,5,2,1,1,2,1,5,4,3,4,0,3,6,1,2,0,0,0,0,0,0
104152,3,3,4,2,4,2,2,5,2,0,1,2,5,5,1,0,1,4,1,3,1,1,0,4,7,4,7,1,1,1,0,0,0
104153,5,4,1,5,2,2,3,5,3,2,2,2,0,0,0,5,3,3,5,0,5,4,0,4,8,0,10,1,1,1,1,1,1
104154,5,3,3,1,2,5,1,0,2,3,2,3,2,2,3,0,3,3,0,2,2,3,3,0,7,4,3,1,0,0,1,0,0
104155,1,3,3,3,5,3,0,2,1,3,5,0,1,4,0,0,0,5,5,3,2,5,3,1,12,0,0,0,1,1,0,0,0
104156,1,2,1,2,2,3,1,5,2,1,2,5,2,1,3,0,3,3,3,3,5,0,3,2,19,5,10,0,0,0,0,1,0
104157,4,5,0,4,5,3,4,0,2,4,2,3,3,1,4,2,0,3,1,2,0,2,3,0,4,5,2,0,1,1,0,0,0
104158,1,0,4,2,1,5,2,4,1,5,1,1,2,0,3,0,5,0,3,2,4,6,3,4,29,4,0,1,1,1,1,1,0
104159,1,0,3,2,5,4,4,2,1,1,4,0,4,2,0,0,0,5,4,0,1,3,2,4,7,6,8,0,0,1,0,0,0
104160,0,5,4,3,5,4,0,1,3,4,4,0,0,4,4,3,2,1,4,0,0,0,1,0,28,1,6,0,1,1,1,0,1
104161,2,0,2,3,4,0,1,0,0,0,3,2,3,1,2,1,2,1,5,0,1,2,0,3,4,1,5,0,0,0,0,0,0
104162,2,1,3,2,5,4,1,1,0,2,4,1,4,0,4,2,1,3,5,0,3,2,1,4,24,2,8,0,1,0,1,1,0
104163,3,1,5,1,4,1,0,0,4,5,1,0,3,3,2,0,2,0,1,4,1,9,0,0,17,6,9,0,0,0,1,0,1
104164,1,0,1,0,3,0,3,1,5,1,3,2,3,4,2,4,0,2,0,3,5,8,2,0,25,0,6,0,0,0,0,0,0
104165,4,0,3,4,4,1,1,3,1,4,4,0,3,2,2,2,5,3,4,4,0,7,2,4,12,1,3,1,1,0,0,1,1
104166,4,3,0,2,5,4,2,4,0,5,5,3,0,1,0,5,5,5,2,5,3,1,1,1,30,2,9,1,1,1,0,1,1
104167,2,3,0,3,3,4,5,3,2,2,1,2,4,4,2,4,0,1,3,0,0,2,0,4,23,2,1,0,0,0,0,0,0
104168,1,0,5,2,4,1,1,4,1,5,0,1,1,4,4,2,1,4,3,2,2,3,0,3,24,5,4,1,1,0,0,0,1
104169,3,5,0,5,0,1,1,0,5,3,4,2,1,3,4,1,2,4,0,1,4,5,2,2,10,1,0,0,0,0,1,0,0
104170,4,0,3,4,5,2,5,1,0,3,3,2,3,2,3,5,0,3,1,3,5,8,0,0,13,2,9,1,1,1,0,1,0
104171,2,4,3,2,4,1,2,3,3,0,0,5,3,3,2,2,1,5,5,4,5,6,3,2,4,2,3,1,1,1,0,1,1
104172,1,4,4,1,0,2,1,0,2,4,4,3,2,0,1,5,5,3,1,4,4,8,1,3,11,0,3,0,0,0,0,1,1
104173,3,3,3,4,1,4,4,3,2,1,2,1,0,0,4,0,3,1,2,2,5,9,3,1,9,3,2,1,1,1,0,0,0
104174,2,2,4,0,1,1,0,1,4,1,3,4,5,1,5,4,5,3,4,3,3,8,1,3,16,6,8,0,0,0,1,0,1
104175,2,0,5,0,1,1,2,2,1,5,2,1,4,3,1,2,1,3,1,0,5,3,3,2,23,2,9,0,0,1,0,0,0
104176,2,1,4,0,5,0,1,3,5,2,5,1,2,4,4,5,3,3,0,0,1,6,0,4,29,1,5,0,0,0,1,0,0
104177,1,5,4,2,2,4,5,5,5,2,2,4,2,1,5,0,5,0,2,2,2,4,0,2,15,1,9,1,1,0,1,1,1
104178,4,2,0,2,2,1,1,0,2,5,3,4,5,4,2,5,1,4,5,2,1,7,1,0,2,2,0,0,0,0,0,0,0
104179,2,0,1,1,4,1,3,3,2,1,3,0,2,1,3,5,4,5,3,2,0,7,2,0,17,2,4,0,0,0,1,0,1
104180,2,4,2,1,2,4,3,3,1,4,5,5,1,3,5,2,2,2,4,0,1,7,2,0,28,0,7,0,1,1,1,1,0
104181,3,4,3,1,5,0,2,0,4,3,3,3,1,0,3,3,1,3,3,1,4,3,2,1,11,6,2,1,1,1,0,0,0
104182,2,0,4,2,4,3,0,3,4,0,0,2,3,1,4,3,0,0,1,5,3,6,1,2,28,6,6,1,1,0,0,0,0
104183,0,0,4,1,1,0,1,0,2,3,5,4,4,1,5,3,5,1,5,0,3,2,3,2,4,0,10,0,0,0,0,0,1
104184,5,0,0,3,3,5,5,4,4,2,0,3,1,3,5,3,0,5,2,5,3,4,2,3,5,2,3,1,1,1,0,1,1
104185,0,0,1,2,2,4,3,1,2,4,3,5,1,4,4,3,0,5,1,4,2,10,3,3,27,3,6,0,0,0,0,0,1
104186,3,3,0,5,2,4,5,0,4,2,2,0,5,0,4,2,2,0,1,1,3,1,0,2,2,1,7,0,1,1,0,0,0
104187,1,0,3,5,5,3,3,0,4,1,2,3,0,2,1,5,0,3,1,4,1,8,2,2,17,5,4,0,1,1,0,0,0
104188,1,3,3,3,2,2,1,2,2,1,5,4,3,3,4,5,5,0,0,3,1,9,3,0,19,5,8,0,0,1,1,1,1
104189,0,1,0,3,0,5,2,1,3,3,0,0,1,4,2,4,4,4,5,3,1,6,0,3,27,1,6,1,0,0,0,1,1
104190,5,5,5,0,2,4,4,2,3,5,0,5,3,4,1,0,0,5,4,0,3,5,0,0,3,3,2,0,0,0,1,0,0
104191,2,4,1,3,3,0,1,5,0,2,5,2,2,4,5,1,5,3,0,3,3,9,0,4,9,1,6,1,1,1,1,1,1
104192,2,2,3,2,0,3,3,5,0,0,1,0,0,0,2,2,3,2,4,1,3,8,1,1,23,6,8,0,0,0,0,0,0
104193,4,2,4,1,4,3,5,4,1,4,2,2,1,3,3,0,4,1,4,1,0,10,2,2,8,2,6,1,1,1,1,1,1
104194,0,0,0,4,1,1,5,2,1,1,5,5,2,4,3,5,1,4,1,0,5,5,3,0,12,5,9,0,0,0,0,0,1
104195,3,0,5,0,0,2,2,0,1,2,4,5,0,3,3,1,5,5,1,4,4,7,1,1,6,4,5,1,1,1,0,1,0
104196,2,3,5,1,3,5,1,2,5,5,3,0,3,5,4,4,0,2,2,0,1,7,2,0,10,1,9,0,1,0,1,0,0
104197,3,0,5,4,0,0,3,0,3,0,0,2,4,4,4,5,5,4,3,3,0,8,3,1,30,0,3,1,0,1,0,1,1
104198,0,3,0,5,4,5,3,0,0,0,2,5,1,5,5,1,1,2,2,3,1,10,2,1,9,1,0,1,0,0,1,0,0
104199,5,2,2,3,0,4,4,1,5,1,3,0,5,5,5,4,0,1,1,2,5,5,3,3,23,6,4,1,1,1,1,0,1
104200,1,0,1,3,2,0,0,4,1,2,0,3,4,0,0,3,0,4,0,2,5,1,3,2,26,3,10,0,0,0,0,0,0
104201,4,3,2,5,0,1,3,4,5,5,3,3,0,2,2,3,0,3,5,2,2,5,1,3,14,4,8,1,1,1,1,1,1
104202,4,3,5,0,2,5,0,3,1,3,4,2,2,5,4,0,1,3,1,4,0,3,3,3,29,3,2,1,0,1,1,1,0
104203,2,4,4,2,5,4,5,1,0,4,2,1,3,0,5,3,3,4,4,4,2,2,3,4,16,3,8,1,1,1,1,1,1
104204,0,1,4,1,3,0,5,4,0,2,5,5,3,0,1,3,1,5,1,5,2,2,0,1,4,3,8,0,0,0,0,0,0
104205,1,3,2,2,3,0,4,5,2,2,5,2,2,1,4,0,3,1,5,0,5,8,3,1,28,1,1,0,0,1,1,0,0
104206,4,5,5,5,0,5,1,3,5,2,4,3,2,2,4,5,1,4,5,5,5,9,3,2,5,3,4,1,1,1,1,1,1
104207,5,1,5,3,1,0,4,4,3,0,1,4,3,3,3,4,4,2,1,2,4,3,3,2,4,2,0,1,0,0,0,1,0
104208,5,5,4,5,2,3,2,5,0,3,0,0,4,3,1,3,2,3,0,0,3,1,3,3,23,6,9,1,1,1,1,0,1
104209,1,4,4,3,3,5,3,4,1,1,4,4,5,4,3,2,3,1,4,5,3,7,3,0,30,2,8,1,1,1,1,1,1
104210,3,2,3,5,1,0,1,5,2,5,3,4,0,1,3,5,0,4,1,2,3,9,0,4,28,2,3,0,0,0,1,0,0
104211,0,5,0,1,5,0,2,1,3,4,4,1,0,2,1,2,2,0,3,3,0,10,0,2,30,4,6,0,1,0,1,1,1
104212,4,5,1,1,3,4,5,1,5,5,2,1,3,2,3,0,0,3,2,5,1,1,1,1,28,2,10,1,1,1,1,0,0
104213,2,1,4,1,1,5,1,1,0,1,0,3,2,5,3,5,2,2,2,3,3,7,0,1,10,2,0,0,0,0,0,0,1
104214,4,5,1,4,0,3,2,1,0,0,5,5,5,5,5,3,4,1,0,5,4,10,2,4,27,5,5,1,1,1,1,1,1
104215,4,0,1,3,3,1,1,3,4,2,5,5,3,4,1,3,2,2,0,1,2,8,3,2,27,2,9,1,0,0,1,1,1
104216,5,0,5,1,2,0,1,5,0,3,4,0,1,1,3,4,4,0,1,4,5,1,3,2,13,6,5,1,0,0,0,1,1
104217,2,0,2,1,4,5,2,1,4,3,0,3,5,0,0,0,0,1,3,0,4,0,0,4,22,0,0,0,0,0,1,0,0
104218,2,2,5,2,3,4,3,4,2,3,4,2,5,3,1,0,2,2,5,1,2,0,2,3,2,2,6,0,0,1,0,1,0
104219,3,5,1,0,3,5,0,0,2,4,5,4,0,4,5,2,0,0,1,1,5,7,2,0,22,1,5,0,0,1,1,0,1
104220,0,3,2,4,5,4,1,5,0,1,2,3,5,4,3,5,5,3,5,2,5,10,2,2,2,6,3,1,1,1,1,1,1
104221,0,3,2,5,3,2,4,3,4,1,3,3,2,4,1,5,5,3,3,0,3,7,3,4,11,3,0,0,1,0,1,1,1
104222,3,0,2,5,4,2,1,2,1,1,0,3,1,1,3,1,1,5,0,1,0,10,0,3,2,5,9,0,0,1,0,0,0
104223,4,3,2,1,2,2,2,2,0,2,3,0,0,2,5,5,4,5,3,0,3,2,0,3,19,2,7,0,0,0,0,1,1
104224,3,2,1,2,5,4,4,5,3,3,4,3,0,5,2,5,4,4,1,1,5,5,2,3,16,1,1,1,1,0,1,1,1
104225,4,2,4,3,2,0,4,2,0,4,1,0,0,4,4,4,2,3,3,0,5,0,2,2,25,5,8,1,0,0,0,1,0
104226,1,1,1,2,4,0,5,0,1,2,3,2,4,5,1,1,2,3,5,1,5,6,1,2,10,1,6,0,0,0,1,0,0
104227,2,1,2,2,5,5,0,3,1,2,1,3,5,1,2,4,5,0,5,5,0,10,0,0,23,1,1,1,0,1,0,1,0
104228,3,5,5,1,2,1,4,3,3,5,0,4,5,1,5,5,2,1,2,4,5,2,0,4,30,4,5,1,1,1,1,1,1
104229,2,3,2,0,0,0,4,4,4,2,0,5,3,3,0,3,2,4,1,0,2,10,2,0,19,5,7,0,1,1,1,0,1
104230,0,2,0,2,1,4,0,2,5,0,4,0,1,2,0,5,1,4,2,4,0,10,3,4,20,5,5,0,0,1,1,0,1
104231,0,0,0,0,1,2,5,1,5,2,1,3,5,5,0,1,2,0,3,5,2,8,3,4,28,0,0,0,0,0,0,1,0
104232,5,4,2,0,0,1,1,0,1,0,0,4,5,0,0,5,1,3,1,3,3,9,0,1,25,5,6,0,1,0,0,0,0
104233,3,2,3,3,3,2,2,5,1,2,5,1,2,3,4,1,0,1,5,1,3,0,2,4,21,2,8,0,0,1,1,1,0
104234,1,2,5,5,1,2,4,1,1,5,4,0,1,5,3,4,3,4,3,5,0,9,2,0,28,0,4,1,0,0,1,1,1
104235,1,4,0,3,0,3,3,2,1,4,1,5,5,3,0,2,1,3,1,5,0,3,3,0,21,6,2,0,0,0,0,0,0
104236,0,0,3,0,0,5,1,0,0,5,4,5,2,0,1,2,0,2,0,4,0,9,3,0,12,4,4,0,0,0,0,0,0
104237,5,3,1,5,1,5,1,1,3,1,2,4,3,0,4,4,0,5,3,2,0,7,0,4,5,6,10,1,0,1,1,0,1
104238,0,5,2,4,2,4,4,0,0,2,0,4,5,2,3,2,5,2,3,2,0,6,2,1,5,6,9,1,0,0,0,1,0
104239,4,2,2,1,5,2,1,2,0,5,1,1,0,4,4,5,2,1,1,1,1,9,3,4,29,4,5,0,0,1,1,1,1
104240,1,0,1,1,4,3,2,5,2,4,4,4,1,4,1,3,1,3,5,4,0,3,0,3,2,2,6,0,0,0,0,0,0
104241,2,1,0,5,4,0,4,1,4,1,4,5,1,0,5,3,1,5,3,5,4,1,1,1,26,1,6,0,1,0,0,1,0
104242,1,0,0,2,4,3,5,5,2,5,2,1,4,3,2,1,2,2,2,1,3,10,3,0,25,1,7,1,0,0,1,1,1
104243,4,3,3,0,4,4,4,3,2,0,5,2,0,5,5,3,1,1,1,2,3,10,1,3,29,4,3,1,1,1,1,0,1
104244,0,2,1,1,1,5,2,5,1,1,3,5,0,3,2,1,2,3,4,2,4,4,0,2,2,4,3,0,0,0,0,0,0
104245,2,0,1,1,0,0,1,3,4,3,0,1,1,1,4,4,2,1,5,4,3,8,3,0,28,6,0,0,0,0,1,0,0
104246,1,4,0,2,3,5,5,5,1,3,5,4,2,0,3,2,5,1,3,0,0,10,3,3,18,1,8,1,1,1,1,1,1
104247,1,1,0,2,0,3,3,3,5,4,0,0,4,3,3,3,1,3,5,2,5,2,0,4,28,6,0,1,0,0,0,1,0
104248,1,2,0,3,1,0,2,4,0,4,5,5,5,4,0,3,1,0,2,5,0,2,1,1,17,1,10,0,0,0,1,1,0
104249,5,5,2,1,4,5,5,0,4,1,0,0,3,5,4,0,2,5,0,3,1,9,3,2,26,3,5,1,1,1,0,1,1
104250,2,0,0,3,3,2,4,5,4,2,2,0,1,4,2,4,2,1,5,1,2,6,0,1,16,0,2,0,0,0,1,0,1
104251,2,1,1,2,4,2,2,0,2,4,0,2,3,2,1,5,3,4,4,5,1,0,1,1,12,0,10,0,0,0,1,0,1
104252,2,1,1,5,3,1,1,1,2,5,4,4,4,3,4,4,3,2,5,0,2,6,0,0,30,1,2,0,0,0,1,0,0
104253,5,3,1,4,3,0,0,4,5,5,1,1,0,1,4,1,2,1,4,2,1,1,0,4,9,5,5,0,0,1,1,0,0
104254,2,1,0,1,1,0,3,1,4,5,3,3,5,4,4,3,1,0,1,4,2,2,0,0,4,4,1,0,0,0,0,0,0
104255,2,5,0,0,1,1,0,0,0,4,1,2,3,3,5,0,4,1,4,2,0,10,2,1,13,0,3,1,0,0,0,0,1
104256,1,0,5,3,1,1,1,5,3,2,4,5,4,0,1,3,3,2,5,5,3,2,0,1,19,1,6,0,0,0,0,0,0
104257,1,5,4,2,4,2,4,3,4,4,2,2,0,1,1,2,1,0,2,4,3,3,2,3,15,3,0,0,0,1,0,0,0
104258,0,3,0,5,5,3,0,2,2,0,1,2,5,0,3,5,0,4,5,5,5,8,3,1,7,3,2,0,1,0,0,1,1
104259,3,0,1,2,0,5,5,1,4,5,0,0,5,5,2,3,0,4,2,2,1,5,2,4,14,3,2,0,0,1,1,0,1
104260,0,0,2,1,3,4,2,4,3,5,2,1,5,0,2,0,5,3,1,1,1,3,1,1,5,5,3,0,1,0,0,0,0
104261,1,0,5,2,2,2,5,1,1,3,4,0,3,3,3,5,3,1,2,4,3,10,0,3,2,2,0,1,0,0,0,1,0
104262,1,1,5,5,3,5,1,3,0,3,0,5,0,1,0,3,5,3,2,5,3,7,2,1,19,3,9,1,1,1,0,1,0
104263,1,1,4,0,1,3,2,0,0,3,3,2,2,5,2,5,2,4,5,3,3,4,2,0,16,3,2,0,0,0,0,1,0
104264,4,3,0,5,0,2,5,1,4,0,5,1,3,1,2,0,0,4,0,1,5,5,0,0,14,6,1,0,0,1,0,0,0
104265,3,1,2,1,1,1,3,0,4,1,5,1,2,5,0,1,5,2,0,5,2,0,1,3,8,5,5,1,0,0,0,0,0
104266,5,4,2,5,1,2,4,1,2,4,5,4,2,1,4,0,4,0,0,1,2,2,0,3,3,1,3,1,0,0,0,0,0
104267,2,1,3,3,0,0,4,2,2,0,5,3,2,0,4,1,4,2,3,0,2,10,3,3,5,5,3,1,0,0,1,0,1
104268,5,1,5,3,2,0,4,4,3,4,1,1,4,2,5,2,0,1,0,1,0,3,1,2,19,6,8,1,1,0,1,0,1
104269,0,1,1,1,4,5,2,4,5,1,0,1,3,2,5,3,0,4,5,1,2,8,2,2,19,4,3,0,1,0,1,0,1
104270,3,1,3,4,5,1,2,3,3,0,3,5,4,3,0,2,5,2,1,0,2,3,3,1,30,1,1,0,0,1,0,1,0
104271,4,5,1,3,3,3,0,5,3,3,4,0,0,3,1,2,5,4,2,1,4,3,1,3,17,1,1,1,0,1,1,0,1
104272,3,1,1,2,1,0,1,2,3,1,2,3,1,3,2,4,0,1,5,3,4,2,0,0,2,4,0,0,0,0,0,0,0
104273,5,1,1,2,2,3,0,2,0,2,1,5,5,1,3,2,3,1,3,5,1,1,1,0,19,0,10,0,0,0,0,1,0
104274,1,5,4,3,1,5,1,3,4,5,0,1,4,5,5,4,2,2,1,4,1,1,2,0,10,3,6,1,0,1,1,1,1
104275,0,3,2,2,1,2,4,1,5,4,3,0,4,3,1,0,3,4,5,4,4,0,1,3,29,6,5,0,0,0,1,1,0
104276,4,1,4,5,5,0,1,2,0,5,0,4,2,2,2,4,5,5,4,3,3,0,1,3,21,1,2,1,1,0,0,1,1
104277,0,5,4,0,3,0,2,5,0,2,4,5,2,0,4,4,3,5,0,4,1,8,3,4,28,2,4,0,0,1,1,0,1
104278,4,1,2,1,2,4,3,2,2,2,4,0,3,2,5,3,1,0,5,3,0,8,0,1,26,1,3,0,1,0,0,0,0
104279,4,0,5,5,2,0,0,5,4,4,4,2,4,2,4,1,2,3,0,4,2,3,2,2,22,6,4,1,0,0,1,1,0
104280,5,2,0,4,1,1,4,4,0,0,1,0,2,0,4,0,5,1,3,3,4,2,2,2,18,0,7,0,1,0,0,1,0
104281,2,4,5,2,2,5,4,1,4,5,0,5,5,4,5,5,0,1,0,0,1,3,1,4,10,0,0,1,1,1,0,0,1
104282,5,1,0,3,3,3,1,2,1,2,3,5,2,4,5,0,4,5,5,5,3,9,1,2,12,5,8,1,0,1,1,1,1
104283,1,4,2,0,5,5,0,2,1,2,4,4,1,1,5,0,2,0,4,3,5,8,2,3,4,3,7,0,0,1,1,0,0
104284,2,0,4,1,2,5,0,5,1,3,5,1,4,3,4,1,2,3,2,1,4,0,3,1,6,1,10,0,0,0,1,0,0
104285,0,4,4,5,1,3,1,2,3,0,0,4,4,0,1,1,0,4,1,4,5,8,0,3,29,5,4,1,1,1,1,0,0
104286,4,0,1,3,5,5,0,2,3,1,0,1,3,0,0,1,0,5,1,2,0,8,3,0,6,4,3,0,0,0,0,0,0
104287,4,2,5,0,1,0,0,4,2,0,0,0,5,4,4,1,2,2,5,0,5,4,0,4,6,4,0,0,0,0,0,0,0
104288,4,3,0,4,0,1,2,5,3,3,3,3,5,1,4,2,3,1,4,5,5,3,2,2,29,1,0,0,0,0,1,0,1
104289,4,1,4,2,3,1,3,3,4,4,0,5,1,5,3,5,0,2,0,2,3,8,1,2,18,0,8,1,1,0,1,0,1
104290,1,3,3,3,4,5,0,5,4,0,5,1,4,1,0,2,3,4,3,1,3,7,1,4,2,3,1,0,0,1,1,1,0
104291,0,4,1,5,1,3,3,0,4,0,2,2,4,3,5,0,5,3,5,2,1,6,3,0,14,5,5,0,1,0,0,1,0
104292,5,3,5,5,1,1,2,5,3,4,4,5,5,2,4,0,2,5,3,0,4,7,2,0,21,0,5,1,1,1,1,1,1
104293,2,2,4,0,1,1,1,1,1,2,1,2,3,0,3,5,4,4,1,5,3,1,0,3,15,4,1,0,0,0,0,0,1
104294,0,4,0,2,4,4,0,4,4,5,1,4,4,0,2,0,2,5,1,1,4,2,3,1,18,2,2,0,0,0,0,0,0
104295,5,4,0,1,5,5,4,3,4,3,0,4,4,0,0,5,0,3,5,2,1,7,1,2,15,5,2,0,1,1,0,1,1
104296,5,1,0,5,5,0,0,3,5,4,1,5,5,4,4,0,3,0,2,3,0,2,2,1,24,4,6,0,0,0,1,0,1
104297,2,4,2,4,1,2,1,0,4,2,4,2,1,5,2,0,0,0,1,2,2,0,0,2,5,6,8,0,0,0,0,0,0
104298,4,5,2,3,5,3,4,3,0,1,4,5,0,1,0,0,2,3,2,0,0,9,0,1,5,5,7,1,1,1,1,0,0
104299,0,4,4,0,1,1,3,0,3,4,4,4,4,1,0,5,1,5,1,2,5,7,2,3,11,2,2,1,0,0,0,0,0
104300,0,4,4,4,5,4,5,3,4,3,0,5,3,5,0,0,4,2,5,1,0,2,0,3,19,6,10,1,1,1,1,1,1
104301,1,4,0,3,5,4,0,2,5,3,1,5,5,2,1,5,0,0,0,1,1,10,3,3,29,3,5,0,0,1,1,0,0
104302,3,4,2,1,4,5,1,1,1,2,3,2,0,1,0,0,2,3,5,2,0,1,0,1,19,6,5,0,0,1,0,0,0
104303,0,1,4,2,5,4,3,2,5,3,5,4,0,3,0,4,0,3,3,0,5,6,2,2,7,2,9,0,1,1,0,0,0
104304,0,4,5,2,0,5,1,1,1,2,1,4,2,2,2,2,5,0,0,2,0,7,2,1,26,1,4,1,0,1,0,0,1
104305,4,1,1,1,3,2,2,0,2,5,1,0,3,1,0,1,4,3,3,1,2,4,3,3,27,0,9,0,0,1,0,0,0
104306,4,2,0,5,0,1,1,0,5,4,5,5,5,5,1,4,3,2,4,5,5,2,0,0,30,1,1,0,0,0,1,1,0
104307,4,5,0,5,3,1,4,2,0,2,2,4,4,4,2,4,5,0,5,2,1,0,3,0,26,5,2,1,0,0,1,1,1
104308,4,1,2,0,2,5,4,4,1,5,2,4,4,1,0,2,0,0,1,3,2,7,1,1,21,1,9,1,0,0,1,0,0
104309,4,5,2,5,5,3,4,3,5,0,2,0,2,3,1,0,3,3,3,0,4,9,3,3,12,6,10,1,1,1,1,1,1
104310,3,2,2,2,2,1,3,0,5,4,2,5,3,5,5,1,5,1,4,5,0,5,2,4,20,6,1,0,0,1,1,1,0
104311,3,1,0,4,4,4,2,2,0,2,2,5,0,2,2,0,2,1,4,0,3,3,1,1,22,4,5,0,0,1,0,0,0
104312,5,0,2,4,1,1,3,3,4,1,4,5,4,0,4,3,5,4,1,2,4,3,2,4,7,6,0,0,0,0,0,0,1
104313,2,3,1,3,0,1,0,1,3,4,4,2,0,2,2,2,5,1,0,3,2,8,3,1,7,4,3,0,0,0,1,0,1
104314,0,2,2,4,4,0,3,0,5,3,0,0,1,2,3,3,5,2,2,3,2,0,3,0,15,6,2,0,0,0,1,0,0
104315,4,3,0,4,1,5,1,1,2,0,0,4,0,1,0,3,0,3,1,3,0,10,1,0,2,1,8,0,1,1,0,1,0
104316,1,0,4,5,4,1,5,0,3,1,3,3,5,5,4,4,1,5,2,3,1,3,1,3,23,4,8,1,0,0,1,1,1
104317,5,1,2,2,2,4,1,1,1,2,5,1,1,0,1,2,4,5,4,2,1,10,2,1,29,1,7,0,1,1,0,1,1
104318,2,0,1,4,5,0,0,3,3,3,5,1,1,0,1,1,2,0,4,0,5,2,3,2,29,2,8,0,1,0,0,0,0
104319,5,1,5,5,2,0,5,4,2,4,5,4,5,0,1,3,4,1,1,5,0,4,2,1,13,2,3,1,1,0,1,1,0
104320,0,5,4,5,2,4,0,5,2,2,3,5,1,0,4,5,0,4,2,0,5,8,0,3,7,5,0,0,1,1,1,0,1
104321,3,0,0,0,4,0,3,4,1,4,1,3,3,1,3,4,3,4,1,1,1,2,0,2,9,2,7,0,0,0,0,0,1
104322,2,4,0,2,4,0,2,2,2,4,0,5,0,1,3,1,5,0,5,1,3,5,2,4,3,6,0,0,0,0,1,0,0
104323,2,0,0,3,0,1,1,5,1,2,4,3,2,4,2,1,1,1,5,1,4,3,3,2,25,5,2,0,1,0,0,0,0
104324,1,3,3,3,4,3,2,5,5,5,5,3,5,1,0,5,4,0,0,0,2,10,1,0,24,2,9,0,1,0,0,0,1
104325,5,5,2,3,2,0,4,2,2,5,2,2,1,1,4,4,0,1,3,4,5,3,1,4,2,2,7,1,1,1,0,1,0
104326,2,2,2,5,5,0,0,0,2,1,0,0,2,2,3,3,1,4,1,4,0,0,3,2,6,2,7,0,0,0,0,1,0
104327,5,1,3,3,3,2,3,2,5,3,4,1,5,0,3,4,1,5,5,1,3,8,1,1,6,3,2,1,1,1,1,1,0
104328,2,3,3,4,4,4,5,2,2,5,2,2,3,4,5,1,1,0,1,5,2,5,2,0,20,6,5,1,1,1,1,1,0
104329,0,1,0,5,2,0,1,4,4,3,3,3,5,4,0,5,2,5,1,1,3,2,0,1,3,6,6,0,0,0,0,0,0
104330,5,5,0,0,1,1,4,0,5,4,1,1,2,0,1,1,5,2,1,2,2,2,2,1,9,4,3,0,0,0,0,0,0
104331,1,5,4,3,4,1,5,3,5,4,2,3,1,3,5,5,0,4,2,2,5,1,1,0,10,4,10,1,1,0,1,1,1
104332,1,3,5,2,0,1,5,1,2,3,4,3,0,3,0,1,2,5,3,1,3,5,3,2,29,6,2,0,0,1,1,1,0
104333,5,3,5,5,3,1,3,2,3,2,5,3,2,5,1,1,0,2,2,4,5,1,2,2,29,2,7,1,1,1,1,1,0
104334,5,3,5,3,5,3,5,0,4,3,1,5,0,4,4,3,3,0,2,0,2,2,0,0,25,4,0,1,1,1,0,1,1
104335,5,4,2,3,5,0,4,3,3,4,4,1,3,5,3,2,3,1,5,5,0,1,2,0,7,2,2,1,1,1,0,1,0
104336,2,2,4,4,4,5,3,0,1,1,1,2,0,4,1,5,0,5,2,3,3,3,3,1,19,6,9,1,1,1,0,1,0
104337,4,5,5,1,2,1,0,5,3,5,4,2,0,3,2,5,1,4,4,1,5,5,1,4,3,3,8,1,0,1,1,1,1
104338,1,2,5,3,4,5,5,4,0,1,2,4,3,5,2,5,1,1,5,2,3,7,3,2,5,3,7,1,1,1,0,1,1
104339,4,0,0,4,0,4,1,5,5,2,4,3,3,3,1,3,0,5,5,4,5,8,3,2,16,5,2,1,0,0,1,1,1
104340,3,4,0,4,4,2,4,3,3,0,1,4,1,4,0,5,2,1,4,5,0,9,3,1,19,5,1,1,1,1,0,1,0
104341,0,3,2,1,1,1,3,5,1,5,0,3,4,2,3,4,1,0,0,2,4,8,2,2,23,2,5,1,0,0,0,0,0
104342,2,5,3,5,4,5,2,1,2,4,4,4,2,0,0,1,1,3,2,5,1,6,1,3,3,3,6,1,1,1,0,1,0
104343,2,2,5,0,2,5,4,0,0,0,0,0,1,3,4,3,5,3,2,3,0,8,1,1,21,2,7,1,1,1,0,1,1
104344,1,2,1,1,4,3,3,5,4,1,3,0,2,1,4,2,1,0,4,5,2,3,2,3,4,6,1,0,1,0,0,0,0
104345,2,3,4,5,3,0,4,3,3,3,0,3,5,3,5,1,1,3,0,2,3,2,2,0,22,0,7,1,0,1,0,0,0
104346,3,2,5,3,5,5,5,4,0,2,3,1,3,4,5,4,2,4,0,3,5,4,0,2,22,2,2,1,1,1,0,1,1
104347,0,4,5,3,4,2,1,1,2,0,0,1,5,5,5,2,5,2,3,4,3,4,3,3,28,5,5,1,1,1,0,1,1
104348,0,2,1,3,5,0,4,2,0,5,0,1,5,1,3,1,1,5,1,5,5,5,2,2,6,3,9,1,1,0,0,0,1
104349,4,4,1,5,0,4,0,4,2,2,5,0,1,5,0,5,3,2,4,2,3,10,1,4,28,4,6,1,0,1,1,1,1
104350,2,2,1,1,2,0,4,2,5,4,5,1,0,1,5,2,5,2,5,4,3,6,1,1,4,1,7,0,0,0,0,0,1
104351,3,1,4,1,2,2,0,0,3,4,2,5,4,4,5,4,5,4,0,1,1,9,1,0,30,5,9,1,0,0,0,1,1
104352,3,5,4,2,0,0,1,1,2,1,2,0,2,5,1,1,3,3,5,1,3,9,0,2,14,5,2,0,0,1,0,0,0
104353,3,3,2,5,0,2,1,2,3,2,4,5,2,3,2,2,4,5,3,0,5,1,0,4,21,1,10,0,0,0,1,1,1
104354,2,4,0,3,0,4,4,4,3,4,2,3,0,2,0,2,0,2,5,3,3,10,3,1,30,2,4,0,1,0,1,1,0
104355,2,3,3,4,4,0,2,2,0,4,0,4,0,3,1,2,4,0,4,2,3,3,2,4,11,3,4,1,1,0,0,0,1
104356,4,2,4,4,2,0,2,2,1,1,1,4,5,2,2,4,1,4,3,3,1,2,3,4,23,0,8,1,1,1,1,0,1
104357,5,5,2,5,4,5,2,3,4,1,3,0,0,0,5,2,1,5,3,2,5,0,2,0,24,1,5,0,1,1,1,1,1
104358,1,2,1,2,5,1,3,0,5,4,5,1,5,2,1,0,2,3,4,3,2,10,3,0,16,1,5,0,1,1,1,1,0
104359,4,5,3,2,0,0,5,3,0,2,3,5,1,0,0,0,4,3,0,3,2,2,3,1,14,3,10,0,1,1,0,1,0
104360,5,2,3,0,5,3,4,1,5,0,3,3,0,1,3,0,2,3,0,2,3,6,0,1,6,6,1,0,1,1,0,1,0
104361,0,0,3,0,1,1,0,5,0,2,4,2,3,5,4,5,1,2,1,5,4,3,2,4,18,4,2,1,0,0,1,0,1
104362,4,0,5,2,2,5,3,1,3,0,0,3,0,0,5,0,4,0,2,1,5,3,0,1,8,3,3,0,1,0,0,0,0
104363,2,5,1,4,5,0,0,1,4,3,3,2,1,0,4,5,3,5,3,3,3,6,0,4,9,6,2,1,0,0,0,0,0
104364,5,3,3,5,1,3,0,2,1,5,1,0,0,5,1,3,4,3,3,4,2,2,2,3,25,0,10,1,1,1,0,1,1
104365,3,2,5,2,5,5,1,2,5,0,2,5,0,4,4,0,3,4,5,4,1,4,1,4,20,1,1,1,1,1,1,1,0
104366,5,4,1,3,3,4,4,3,5,1,2,1,0,1,5,2,3,3,3,0,1,7,1,2,3,4,2,1,1,1,0,1,1
104367,0,3,1,4,0,0,5,4,2,3,4,5,5,0,4,4,0,2,2,3,1,5,1,3,11,4,1,0,0,1,0,0,0
104368,0,3,0,1,4,1,1,5,5,0,1,1,0,3,3,2,2,1,1,1,0,7,2,2,18,6,4,0,0,1,0,0,1
104369,5,4,2,0,0,0,5,5,0,3,5,3,1,5,1,4,0,1,5,2,4,10,3,2,23,6,1,0,1,1,1,1,0
104370,3,1,0,5,3,5,1,1,3,1,3,2,0,0,0,2,1,2,3,4,1,9,2,1,28,5,3,1,1,0,1,0,1
104371,3,0,4,3,2,1,1,3,1,3,2,5,0,5,2,2,4,0,2,2,5,2,1,1,14,3,3,1,1,0,0,0,0
104372,1,4,0,0,0,0,0,1,3,2,1,3,0,0,3,1,0,1,1,5,3,3,2,1,15,4,8,0,0,0,0,0,0
104373,1,0,4,1,3,2,0,4,1,5,0,3,0,5,5,3,1,5,3,3,0,0,0,1,7,2,7,0,0,0,0,0,0
104374,4,4,3,1,2,1,3,0,2,5,2,1,0,0,2,4,0,1,4,5,5,5,1,3,29,4,8,1,0,1,1,1,0
104375,1,0,5,1,0,0,2,5,4,5,0,5,2,1,4,4,2,1,0,3,4,6,1,0,9,2,10,1,0,0,1,0,0
104376,3,1,2,2,3,2,0,2,1,0,4,0,2,0,4,1,2,0,2,5,1,7,0,3,23,3,5,1,0,0,0,1,0
104377,1,4,2,4,0,5,3,4,5,5,4,3,1,2,2,2,4,5,4,1,4,0,2,3,27,3,3,1,1,1,1,1,0
104378,1,3,1,4,3,1,2,4,4,0,3,1,1,3,4,4,0,1,3,0,0,8,1,2,22,2,0,0,1,0,0,0,0
104379,0,4,3,5,1,5,2,2,1,1,5,2,2,0,5,1,0,4,0,5,0,2,2,4,17,4,9,0,1,1,0,1,0
104380,5,3,1,5,4,3,5,5,4,5,0,0,2,0,3,4,2,0,5,3,1,9,3,3,14,1,7,1,1,1,1,1,1
104381,5,0,0,1,5,2,2,1,1,5,5,4,0,0,4,5,0,1,1,5,4,3,0,3,17,6,5,0,0,0,1,0,0
104382,0,5,5,0,5,4,2,4,3,1,2,4,5,2,4,1,0,0,5,1,3,8,1,3,6,3,6,1,1,1,1,1,1
104383,2,1,4,0,5,2,4,5,3,5,4,4,2,3,5,2,3,3,1,5,1,1,1,2,25,4,10,1,0,1,1,1,1
104384,3,0,0,4,0,1,5,0,4,0,5,4,2,3,3,4,5,4,4,2,5,3,1,0,8,0,5,0,1,0,1,0,0
104385,2,5,3,2,3,1,4,5,2,2,0,0,3,5,0,4,0,5,1,0,4,3,3,3,17,5,6,0,1,0,1,1,1
104386,4,1,1,4,1,0,2,5,2,0,5,4,1,2,1,1,1,0,2,4,4,5,0,1,6,0,3,0,0,0,0,1,0
104387,1,3,1,2,0,3,1,2,2,3,5,1,3,3,1,2,5,5,2,3,0,5,2,0,28,1,10,0,0,0,1,0,1
104388,0,2,2,5,2,0,1,5,5,5,4,3,5,0,5,3,3,2,2,5,4,5,1,3,22,4,2,0,0,0,1,1,1
104389,2,4,4,3,2,1,0,0,5,3,0,3,5,2,0,4,1,0,4,3,0,7,0,1,18,3,8,0,1,0,1,0,0
104390,3,0,0,5,1,0,4,1,1,3,5,1,1,1,1,4,5,3,3,5,3,10,0,4,19,2,0,0,0,0,1,1,1
104391,1,0,2,1,0,0,4,4,0,1,1,0,0,1,4,0,3,2,0,5,1,0,0,1,9,0,0,0,0,0,0,0,0
104392,4,2,5,4,2,5,2,5,5,3,0,0,0,0,3,0,5,4,4,3,5,5,2,4,19,5,5,1,0,1,1,1,1
104393,0,2,2,3,0,0,5,0,1,1,3,2,1,0,0,5,2,2,0,3,5,10,0,4,3,4,4,0,1,0,0,0,0
104394,0,4,0,1,0,3,5,4,1,3,0,3,3,1,4,4,4,0,4,2,3,0,2,2,11,5,0,0,0,0,0,0,0
104395,3,3,2,1,2,1,3,0,0,0,3,0,2,0,0,5,2,5,4,5,2,9,0,1,25,2,3,0,0,0,0,1,0
104396,3,0,4,1,0,0,1,4,0,3,0,4,1,2,0,0,3,5,1,2,4,8,0,2,9,6,7,0,0,0,0,0,1
104397,1,5,5,0,5,1,3,5,0,2,4,1,1,0,4,3,1,3,1,5,5,9,2,0,24,1,6,1,1,1,0,0,0
104398,1,2,3,5,5,0,4,2,3,4,0,4,3,2,2,0,1,0,2,3,5,4,2,0,24,3,1,1,1,0,0,1,0
104399,0,5,0,1,5,1,3,0,3,5,4,4,5,4,3,2,0,2,4,5,5,6,0,0,10,0,4,0,0,0,0,0,1
104400,3,5,4,3,0,4,2,1,0,5,4,4,4,1,0,2,2,3,4,0,3,5,0,4,8,5,9,0,1,1,0,0,0
104401,2,0,4,3,2,3,3,3,3,2,0,1,1,0,0,1,1,4,3,1,0,4,1,0,22,1,9,0,0,0,0,0,0
104402,0,3,3,3,4,4,5,4,1,3,0,3,3,1,1,1,2,4,0,2,1,8,2,3,5,4,3,0,1,1,1,1,1
104403,2,2,5,3,3,4,2,3,3,3,5,4,3,2,2,0,2,5,5,4,2,6,0,4,8,3,3,1,1,0,1,0,1
104404,5,2,4,5,1,5,1,2,4,5,2,4,4,3,3,0,3,2,0,0,5,10,0,1,15,6,0,1,1,1,1,0,1
104405,1,1,1,5,4,0,3,3,2,4,3,3,2,3,2,3,0,4,3,1,2,8,2,1,11,0,3,0,0,0,0,0,1
104406,5,3,2,5,1,0,3,5,1,0,1,4,2,0,5,1,2,5,4,0,3,8,1,2,22,3,6,0,1,0,0,1,1
104407,1,2,3,2,5,2,5,4,5,4,2,2,2,5,1,1,5,1,4,1,4,6,3,2,4,2,6,1,1,0,1,1,0
104408,1,1,2,4,0,3,0,0,4,2,4,5,1,2,1,4,0,4,5,5,4,2,0,1,2,4,7,0,0,0,0,0,0
104409,1,1,3,1,4,4,5,1,5,5,5,4,5,1,0,2,5,5,0,5,1,7,2,2,6,1,0,1,1,1,1,0,0
104410,1,0,4,5,0,0,4,2,0,3,4,0,2,5,5,5,0,2,1,1,2,2,2,4,9,1,1,0,0,0,0,0,0
104411,0,5,0,1,5,0,4,1,1,2,1,4,5,1,3,3,5,0,1,4,5,2,1,2,13,2,5,1,0,1,0,1,0
104412,3,4,3,0,2,4,1,4,2,1,4,0,2,4,3,5,2,0,5,2,5,10,3,2,21,5,2,1,1,1,1,1,1
104413,2,2,0,4,0,3,1,5,1,5,2,0,4,5,4,4,4,1,5,1,3,3,0,1,12,0,0,0,0,1,0,0,0
104414,4,2,3,4,5,2,2,3,2,0,2,3,4,1,4,5,5,4,5,4,4,2,2,4,13,5,3,1,1,0,0,1,1
104415,2,0,2,0,5,1,1,5,1,0,1,2,4,2,2,4,4,3,4,2,3,5,1,4,27,3,7,1,1,0,0,1,1
104416,2,1,1,5,5,4,3,2,2,0,5,2,4,3,4,3,4,5,0,3,3,1,3,3,2,4,6,1,0,0,0,0,1
104417,2,5,5,0,2,4,4,4,4,3,1,2,4,4,1,2,0,3,2,0,5,9,0,1,18,3,10,1,1,1,1,1,0
104418,0,0,1,0,0,0,2,4,2,1,5,2,1,5,3,4,1,3,0,5,4,9,0,2,22,1,3,0,0,0,1,0,0
104419,4,0,0,5,1,0,4,1,4,3,5,5,0,3,2,2,5,0,0,5,4,6,2,0,19,2,8,0,0,1,1,0,0
104420,0,5,2,1,0,4,4,4,2,4,3,4,5,4,2,1,5,1,2,5,4,4,1,4,7,3,1,1,0,0,1,1,0
104421,4,3,4,1,0,5,5,3,2,1,0,4,5,5,3,0,1,2,4,2,0,5,3,4,7,1,4,1,1,0,1,1,0
104422,5,0,0,4,0,1,4,3,1,0,3,3,1,3,3,5,3,3,4,1,5,0,1,0,9,6,10,0,0,0,0,1,0
104423,4,2,2,3,3,4,1,1,0,2,0,4,0,4,5,1,2,4,3,3,3,4,1,2,20,3,5,0,1,1,0,1,1
104424,2,4,2,3,4,5,0,1,0,3,2,3,5,3,4,2,5,0,2,2,3,6,1,0,16,6,3,0,0,1,0,1,1
104425,1,2,5,5,3,0,5,5,1,4,0,5,0,3,2,4,5,3,5,1,5,6,2,2,27,0,0,1,0,0,1,1,1
104426,5,2,0,0,1,1,4,3,3,0,4,0,0,5,5,4,4,2,4,1,4,4,1,3,28,6,0,0,0,1,1,0,1
104427,1,3,0,5,3,0,5,0,0,5,2,4,5,2,5,4,4,5,4,2,3,7,0,3,25,2,2,1,0,0,0,1,1
104428,2,3,3,1,1,4,2,3,2,3,5,2,4,1,3,4,3,5,0,5,5,4,2,4,14,6,6,1,1,1,1,1,1
104429,4,5,1,3,2,4,0,3,0,2,4,1,3,4,1,5,5,0,0,4,3,5,1,4,10,3,2,1,1,1,0,1,1
104430,5,1,4,1,5,0,3,4,2,1,1,3,3,3,5,5,5,1,1,0,3,6,0,0,4,4,2,1,0,0,0,1,1
104431,5,1,1,1,0,1,3,5,1,5,4,5,4,3,3,2,2,4,5,1,0,10,1,3,15,1,9,0,0,0,1,1,1
104432,0,0,3,1,5,3,1,3,1,0,1,1,3,2,2,0,2,4,4,4,0,10,0,1,14,4,3,0,0,0,0,0,0
104433,5,3,0,3,1,5,2,0,3,2,1,2,4,4,2,0,2,0,1,1,2,6,0,3,14,6,7,0,0,1,1,0,0
104434,0,3,4,5,4,4,2,2,5,2,1,1,4,2,4,1,4,0,3,4,0,1,0,1,12,6,5,1,0,0,1,1,0
104435,3,2,3,0,1,1,1,1,3,3,4,4,1,3,3,3,5,1,0,4,3,3,3,3,19,5,6,0,0,0,1,1,1
104436,5,4,0,3,0,2,4,0,1,1,5,3,3,0,3,2,1,4,2,5,4,2,1,4,5,3,0,0,0,0,0,0,0
104437,3,2,1,5,2,0,2,5,5,5,5,1,1,5,4,3,2,1,3,5,1,9,1,4,4,1,0,1,1,0,1,1,1
104438,5,1,0,4,2,1,5,1,5,2,3,5,3,4,0,4,5,2,5,3,0,9,2,4,6,2,4,1,0,1,1,0,1
104439,2,3,0,5,3,3,0,1,4,4,0,1,1,2,2,4,1,5,4,4,5,3,2,2,2,1,4,0,0,1,0,0,0
104440,1,2,4,0,1,2,5,2,1,3,5,0,5,1,3,4,4,2,0,3,4,1,2,4,19,6,8,0,0,1,0,0,0
104441,1,2,2,2,5,3,3,2,1,1,2,1,1,5,1,5,4,3,0,5,0,4,1,0,15,0,1,0,0,0,0,0,0
104442,2,2,4,2,4,1,4,3,5,5,3,1,1,3,4,0,1,3,2,3,5,10,1,3,30,0,7,1,1,1,1,1,1
104443,4,5,1,3,5,3,1,1,5,2,2,1,0,2,1,2,1,3,5,0,2,0,1,1,22,1,0,0,1,1,0,0,0
104444,2,1,4,1,4,3,0,4,2,3,1,0,3,5,4,5,3,4,5,1,3,3,3,1,27,2,9,0,1,0,1,1,1
104445,4,1,3,1,4,1,1,0,2,3,1,5,2,5,2,0,4,5,0,2,4,1,1,4,3,6,0,0,0,0,0,0,1
104446,2,3,3,5,0,0,2,5,3,3,3,1,4,1,3,2,0,5,5,1,1,6,2,0,26,6,0,0,1,1,1,1,1
104447,1,0,4,1,3,2,2,5,5,3,2,5,2,4,0,4,5,3,0,1,1,9,1,1,13,1,10,1,1,0,1,0,1
104448,1,0,4,5,5,0,1,3,1,3,0,4,1,1,4,5,3,2,2,4,5,2,1,3,9,5,4,1,1,0,0,0,0
104449,3,3,4,0,0,0,0,0,4,4,2,4,1,0,1,4,0,5,0,0,0,4,2,4,17,4,4,0,0,0,0,0,1
104450,5,3,4,2,2,1,4,4,5,2,2,1,1,2,5,5,4,3,2,3,3,3,0,4,18,2,8,1,1,1,1,1,1
104451,5,3,2,3,1,2,4,4,1,4,3,3,4,1,5,0,3,4,4,4,1,1,1,2,4,2,2,0,1,0,1,1,1
104452,1,0,4,5,4,1,0,3,1,3,2,2,0,3,0,5,2,1,0,5,1,6,0,2,6,2,4,0,0,0,0,0,0
104453,2,5,5,4,5,0,4,1,0,5,1,2,5,2,0,2,1,5,5,2,5,1,0,1,27,5,4,1,1,1,1,0,0
104454,4,2,4,0,0,1,5,2,4,3,3,5,1,1,1,4,4,2,1,1,2,10,1,1,14,2,2,1,0,0,0,1,1
104455,3,0,3,4,4,5,5,2,1,3,5,5,0,2,1,1,2,1,4,4,5,3,0,3,29,6,5,1,1,1,1,1,0
104456,0,1,0,1,2,4,1,3,0,2,2,2,3,4,5,4,4,3,0,1,4,4,0,3,23,5,0,0,0,0,0,0,1
104457,3,1,2,5,5,2,2,1,3,2,3,0,4,3,0,0,4,1,1,0,3,7,2,1,5,2,9,1,1,0,1,1,0
104458,0,2,0,4,0,0,0,2,3,4,2,3,3,3,1,3,5,1,3,3,3,9,1,1,8,2,0,0,0,0,0,0,1
104459,0,2,0,1,1,2,0,5,0,3,1,5,2,0,1,0,5,2,0,1,0,1,2,4,7,2,2,0,0,0,1,0,1
104460,3,2,2,2,4,5,5,2,4,2,5,5,1,0,4,3,5,1,5,0,3,2,3,3,26,3,1,1,1,1,1,1,1
104461,0,2,2,4,4,4,5,3,3,4,5,2,5,3,4,5,3,0,4,3,5,10,1,2,11,6,5,0,1,1,1,1,1
104462,2,5,3,5,0,4,1,5,2,0,1,3,2,3,3,3,1,0,0,4,0,0,3,1,23,1,9,0,1,1,0,0,1
104463,3,5,5,3,0,1,2,5,2,0,3,5,2,3,5,0,0,5,1,5,5,2,1,1,18,0,6,1,1,1,0,1,0
104464,3,2,4,1,2,2,0,3,3,3,5,1,1,2,2,3,1,3,5,1,2,9,2,3,21,5,6,1,1,1,1,0,0
104465,2,5,2,2,0,0,4,1,4,2,3,1,4,0,1,1,2,1,4,4,2,10,1,3,16,2,7,1,1,0,0,0,0
104466,0,4,2,4,4,5,3,0,4,4,3,0,5,2,4,1,1,5,2,3,4,7,3,2,27,6,3,0,1,1,0,0,0
104467,4,4,4,3,4,0,1,5,2,3,5,3,3,3,5,3,4,0,1,1,4,6,1,2,28,3,9,1,1,1,1,1,1
104468,5,1,1,1,4,3,5,3,3,4,3,5,4,5,4,1,2,5,0,0,1,1,1,2,9,0,7,0,0,0,1,0,0
104469,5,2,5,1,2,1,0,3,1,1,5,1,4,3,0,2,5,4,5,0,4,1,1,3,3,3,10,0,0,0,1,0,1
104470,4,2,4,1,3,3,1,5,1,1,0,5,1,2,1,1,0,5,0,2,5,0,2,1,29,3,5,1,0,1,0,0,0
104471,2,0,4,2,3,4,4,2,5,1,3,3,2,2,5,3,0,2,0,4,1,2,3,3,16,5,8,1,1,1,1,0,0
104472,5,0,1,2,4,1,2,0,2,3,0,1,1,0,0,4,2,4,2,3,0,9,3,3,13,4,7,0,0,1,0,0,1
104473,2,3,3,3,2,0,4,4,1,4,1,5,2,1,2,5,1,1,2,1,1,3,0,1,9,1,0,0,1,0,0,1,0
104474,0,2,4,5,3,3,1,5,4,5,4,3,5,2,4,2,5,2,1,3,1,1,3,4,13,2,2,0,0,1,1,1,1
104475,5,4,0,3,3,3,3,1,4,1,5,3,4,3,5,0,3,5,1,2,2,2,1,3,28,0,7,1,1,1,1,0,1
104476,1,4,1,3,3,0,3,5,1,0,5,0,3,3,4,1,4,4,4,5,0,5,2,1,25,1,7,0,0,0,1,1,1
104477,5,0,3,2,5,0,0,3,1,5,4,3,0,1,5,5,4,3,3,5,3,4,3,1,27,2,1,1,1,1,1,1,1
104478,2,5,2,3,2,3,1,3,3,3,3,1,2,3,0,4,3,1,1,4,1,9,3,0,26,0,10,1,1,1,1,0,1
104479,5,2,4,5,5,3,1,5,5,2,2,2,4,1,1,3,3,2,2,4,3,9,1,2,19,1,8,1,1,0,1,1,1
104480,3,3,2,0,0,0,3,1,0,1,1,5,3,0,0,5,1,3,4,3,1,6,0,4,22,3,8,0,0,1,0,1,0
104481,2,5,5,2,2,3,2,4,1,5,4,5,3,1,4,1,2,3,5,3,5,10,3,1,23,6,8,1,1,1,1,1,0
104482,1,3,1,0,2,2,2,0,5,4,4,2,2,1,3,0,1,5,1,3,2,9,1,0,13,2,2,0,0,0,0,0,0
104483,5,0,2,1,5,0,1,4,4,1,0,1,5,3,5,3,5,0,1,5,5,1,3,2,26,4,3,1,0,0,0,0,1
104484,0,1,0,0,0,3,5,0,3,1,5,1,5,4,3,5,0,3,3,4,5,0,3,0,27,0,8,0,0,0,0,0,1
104485,2,2,1,3,1,3,4,0,2,5,1,1,3,1,3,0,5,2,2,4,4,1,2,3,10,2,3,1,0,1,0,1,0
104486,2,0,1,4,2,0,4,2,2,4,4,3,5,0,4,0,0,3,3,5,1,4,1,0,24,3,2,0,0,0,0,0,0
104487,3,1,4,5,4,4,1,2,1,4,0,5,1,0,2,4,2,1,2,1,5,5,0,1,10,1,9,1,0,1,0,0,0
104488,1,4,2,1,2,1,4,4,4,0,1,5,0,1,5,4,4,3,4,0,1,2,0,3,14,4,3,0,0,0,0,0,0
104489,3,0,1,4,3,3,1,5,3,3,3,1,4,0,5,0,2,0,0,5,4,7,2,1,3,1,8,1,0,0,0,0,0
104490,2,1,1,1,1,4,2,5,4,0,2,4,4,5,3,5,5,4,3,4,1,4,3,0,13,6,2,0,0,0,0,0,1
104491,1,3,3,1,5,5,1,3,5,2,0,2,1,1,2,5,5,2,5,0,3,1,1,3,14,0,10,0,1,1,1,1,1
104492,1,0,4,3,4,1,1,0,0,0,5,3,5,3,3,1,5,0,3,0,0,8,2,2,16,3,10,0,0,1,1,0,1
104493,4,1,5,4,0,2,3,4,5,1,5,1,4,4,5,5,4,3,1,2,3,8,1,0,18,3,4,1,1,0,1,0,1
104494,1,5,0,3,4,0,1,2,1,1,1,4,1,1,3,5,5,2,5,0,0,9,2,0,27,2,2,0,1,1,0,0,0
104495,1,3,5,0,0,5,4,3,1,1,3,2,3,0,4,2,2,5,0,4,5,10,3,4,14,3,8,1,1,1,1,1,1
104496,3,5,2,2,3,1,3,3,2,5,1,4,5,1,3,4,0,5,5,4,1,1,1,2,26,1,6,0,1,0,1,1,0
104497,1,2,4,1,4,4,5,5,1,2,4,1,4,5,2,2,3,3,3,2,5,2,3,1,7,1,9,1,0,1,1,0,1
104498,2,3,0,0,5,5,1,2,2,0,4,5,2,2,5,5,2,5,5,3,1,3,0,2,3,5,7,0,0,1,0,0,1
104499,1,1,3,0,0,2,5,5,4,5,4,2,4,0,2,0,0,0,0,4,4,10,0,4,9,5,3,1,0,0,1,0,0
104500,2,2,5,2,1,4,0,3,1,0,3,3,1,3,0,1,1,3,1,4,0,4,3,1,21,0,0,0,0,0,0,0,0
104501,4,1,0,0,4,2,3,4,3,0,0,3,5,2,4,1,0,4,4,5,3,9,2,1,17,2,1,0,0,0,0,0,1
104502,3,4,4,4,1,3,2,5,2,5,1,3,5,1,3,0,0,1,4,2,5,2,0,2,16,6,3,0,1,0,0,1,0
104503,5,1,0,0,4,1,4,4,1,2,5,1,1,0,0,0,4,2,3,2,1,3,0,4,4,4,3,0,1,0,0,0,0
104504,4,1,5,1,1,5,0,2,0,2,3,5,4,4,1,3,1,5,3,0,0,2,2,1,6,1,3,0,0,0,1,0,1
104505,0,2,4,5,0,0,1,1,5,1,2,1,5,1,4,3,3,5,5,1,3,3,1,0,8,4,9,0,0,0,0,0,0
104506,2,2,5,4,3,3,1,0,0,3,5,2,1,0,4,3,3,5,5,3,4,9,1,4,2,0,5,1,1,1,0,1,0
104507,1,1,5,3,4,5,5,2,3,2,2,2,4,4,3,4,1,4,1,4,1,3,3,4,11,0,4,1,1,1,1,1,1
104508,3,2,1,0,1,4,3,3,1,0,5,2,3,1,4,4,2,1,3,3,1,9,0,4,14,3,1,0,1,1,0,0,0
104509,1,1,2,0,5,4,0,4,5,5,4,1,2,5,5,1,2,0,3,1,3,2,3,1,29,3,6,1,0,1,1,1,1
104510,5,5,4,5,5,3,4,0,0,5,0,5,3,3,1,2,5,4,1,1,3,0,1,2,8,4,1,1,1,1,0,0,0
104511,1,3,1,4,0,5,1,2,2,1,5,3,2,3,1,3,5,0,1,2,1,6,0,2,17,5,4,0,0,0,0,1,0
104512,3,5,1,5,1,5,1,5,3,3,5,5,4,4,4,0,0,5,1,2,0,10,2,0,9,4,1,1,1,0,1,1,0
104513,0,5,0,4,3,1,2,4,5,2,5,2,5,1,2,3,4,1,4,5,2,2,3,3,11,3,9,1,0,0,1,1,1
104514,5,3,5,0,2,3,4,5,0,0,3,2,1,4,3,2,4,2,2,3,0,8,0,1,19,1,3,1,1,0,0,0,1
104515,5,4,1,4,1,2,5,5,4,2,4,3,1,1,3,1,5,5,3,4,4,10,2,4,21,5,4,1,1,1,1,1,1
104516,4,0,2,2,3,1,0,0,0,3,1,3,3,1,5,3,3,0,3,1,2,3,0,4,16,5,2,1,0,1,0,1,0
104517,2,5,2,4,5,4,5,4,1,0,0,1,5,3,0,1,2,3,0,1,0,1,2,1,8,3,4,0,1,1,0,0,0
104518,0,2,2,2,1,0,5,3,5,2,0,5,5,2,4,1,4,5,2,4,4,7,1,1,8,0,1,0,0,0,0,0,0
104519,4,4,4,4,1,0,1,2,2,1,1,5,2,5,5,4,4,0,2,2,4,7,3,0,14,5,8,1,1,0,0,1,1
104520,2,1,5,5,4,0,3,4,3,2,5,3,4,0,4,3,2,4,5,3,5,5,2,0,28,6,6,1,1,1,1,1,1
104521,5,0,3,5,3,1,2,5,2,3,1,2,5,0,5,1,4,4,0,2,4,6,0,2,11,0,2,0,0,0,1,0,0
104522,4,5,5,3,4,3,2,2,5,2,0,2,1,0,0,3,0,4,5,0,2,2,2,4,16,3,2,1,0,1,0,1,1
104523,3,2,0,1,3,5,3,3,0,4,4,0,0,5,5,1,5,1,5,2,2,3,1,2,21,1,10,1,1,1,1,1,1
104524,5,0,5,3,4,5,3,2,5,3,1,0,5,2,5,4,2,3,4,3,4,1,1,2,5,1,0,1,1,0,1,1,0
104525,4,3,0,2,4,5,2,3,1,4,3,2,0,5,5,2,1,3,5,3,1,5,2,2,8,1,5,1,1,1,1,1,1
104526,2,0,0,1,3,4,2,5,3,3,4,1,0,3,4,1,1,2,2,1,3,6,1,2,7,4,8,0,0,0,1,0,1
104527,0,2,0,4,2,2,2,4,1,4,3,1,1,5,2,0,0,2,1,2,1,9,0,2,4,2,8,0,1,0,1,0,0
104528,0,4,1,0,2,4,2,1,4,0,4,1,4,4,5,1,1,5,4,5,5,0,0,4,30,2,0,1,0,0,0,1,0
104529,2,4,5,2,1,1,0,5,4,5,0,1,4,0,0,3,0,0,0,3,1,8,3,0,30,4,10,1,0,1,1,1,0
104530,3,2,1,4,2,3,2,3,0,4,1,2,1,5,4,4,1,3,5,2,3,8,1,2,15,0,9,1,1,1,0,1,1
104531,0,2,4,5,3,0,4,3,1,1,2,0,4,3,1,4,4,3,3,1,1,8,3,2,9,1,6,0,1,0,0,1,1
104532,0,5,2,3,4,5,5,0,4,0,4,4,5,3,5,2,3,3,3,0,1,7,0,2,23,1,2,0,1,1,0,1,1
104533,4,1,0,5,4,5,4,2,3,0,3,4,0,1,1,5,2,5,3,5,4,8,2,2,22,2,10,1,0,1,1,1,0
104534,4,0,2,4,2,4,5,1,3,4,4,1,5,4,3,4,5,3,3,3,4,7,0,1,30,4,10,1,1,0,1,1,1
104535,0,0,1,1,4,1,4,0,2,2,4,0,3,0,0,1,4,4,5,0,5,2,0,2,26,1,2,0,0,0,0,0,0
104536,3,4,1,5,2,1,3,5,4,1,4,0,5,0,0,1,0,4,1,1,5,5,3,3,11,5,4,0,0,1,1,1,0
104537,0,2,3,2,2,4,4,0,5,1,3,1,0,1,0,3,3,4,2,5,5,2,3,1,8,1,9,0,1,0,0,1,0
104538,4,0,4,3,0,2,5,4,0,2,4,3,1,4,2,4,2,3,2,5,5,6,0,3,2,3,6,1,1,1,1,1,0
104539,5,1,3,1,1,3,1,4,4,0,4,0,2,4,5,2,2,0,1,3,0,9,1,4,26,6,5,1,1,1,1,1,1
104540,5,0,1,3,4,2,0,3,5,3,0,0,4,1,1,0,1,0,4,0,4,10,2,0,19,3,3,0,0,1,0,0,0
104541,3,4,4,4,1,5,1,5,1,0,1,3,4,3,1,4,5,3,2,4,5,7,3,3,25,0,2,1,0,1,0,1,1
104542,3,2,4,5,0,0,3,0,2,3,5,5,1,2,1,2,0,1,5,0,0,6,1,3,2,3,0,0,0,0,0,0,0
104543,5,0,1,5,1,2,4,0,3,0,0,2,1,3,1,0,0,1,1,3,4,2,3,3,8,4,6,1,0,0,0,1,0
104544,3,1,5,4,5,1,2,5,4,4,3,1,2,0,1,1,2,3,4,5,2,3,2,2,13,1,9,0,1,1,1,1,0
104545,2,3,5,3,0,4,5,1,4,1,4,4,0,2,2,3,5,2,4,0,2,1,1,1,8,1,9,1,0,0,1,1,0
104546,4,3,3,5,0,1,1,1,5,3,2,5,5,2,3,3,4,0,2,5,2,7,2,2,7,3,3,1,0,0,1,1,1
104547,3,4,1,0,2,1,2,4,3,2,1,5,4,0,3,0,2,2,3,0,2,5,0,3,29,1,6,0,0,0,1,0,1
104548,5,0,2,5,2,1,5,3,5,5,0,2,4,3,4,4,1,5,4,0,5,3,2,4,27,3,6,1,1,0,1,1,1
104549,3,0,2,1,5,5,1,1,3,4,3,0,2,2,2,3,1,0,1,3,5,6,0,2,15,1,3,0,0,1,0,0,0
104550,5,0,1,2,1,1,4,1,1,5,3,5,3,1,5,3,1,4,2,2,0,9,1,0,4,5,8,0,0,0,1,0,0
104551,0,2,1,5,2,5,0,5,4,4,4,5,1,4,4,0,3,4,2,1,5,4,2,0,17,1,4,1,0,0,0,1,0
104552,0,4,0,4,1,5,5,3,2,5,0,3,0,4,5,0,5,4,2,5,2,4,1,2,27,0,1,1,0,1,0,1,0
104553,0,3,0,5,1,5,1,5,3,1,2,4,1,1,4,1,3,0,2,2,5,3,3,2,11,6,6,0,0,0,1,1,0
104554,3,1,4,4,1,2,3,3,3,1,3,5,3,5,0,5,3,2,2,1,4,2,0,2,14,1,1,0,1,0,1,0,1
104555,4,3,0,3,1,3,4,3,0,4,5,0,5,0,1,1,2,5,5,4,4,5,3,3,20,1,0,1,1,0,1,1,0
104556,1,3,2,1,4,4,2,2,3,0,1,2,0,3,4,0,1,1,4,5,0,0,1,3,15,3,3,0,0,0,0,1,1
104557,0,1,2,5,4,0,3,0,0,1,4,5,1,4,0,1,0,2,2,3,2,0,2,2,30,5,6,0,0,1,0,1,0
104558,5,4,0,3,1,0,4,3,2,4,4,4,0,1,5,4,0,5,5,3,5,3,1,1,2,1,5,0,0,0,0,0,0
104559,4,2,4,4,2,1,5,4,3,2,3,0,2,2,1,1,2,3,2,2,2,8,1,3,10,5,5,1,1,0,1,1,1
104560,3,0,5,2,1,5,0,2,3,1,0,0,5,4,4,4,5,2,1,4,4,5,3,1,22,3,10,1,0,1,1,1,0
104561,2,2,3,5,5,0,2,5,0,1,0,1,0,2,1,0,4,0,3,3,2,5,0,4,16,1,2,0,0,0,0,1,0
104562,2,4,4,2,0,4,5,4,5,4,3,2,3,1,0,5,5,3,1,3,0,0,0,0,22,3,3,0,0,1,0,1,0
104563,0,4,1,1,2,5,3,3,4,2,3,0,0,3,1,3,1,2,0,5,2,0,2,0,30,6,8,0,1,1,0,0,0
104564,1,1,5,1,1,5,0,3,1,0,3,1,0,0,5,5,4,1,3,4,4,10,2,4,21,1,8,1,1,0,0,1,1
104565,5,4,4,4,2,3,0,1,2,3,4,3,3,3,3,4,3,1,1,4,5,5,3,4,19,2,8,1,1,1,1,1,1
104566,2,2,2,4,5,3,4,5,0,4,2,4,2,1,3,0,0,5,5,2,3,6,3,0,7,2,3,1,1,1,0,1,1
104567,4,2,4,1,3,4,2,0,2,0,1,3,5,1,3,3,0,3,2,4,2,3,2,0,17,6,1,0,1,1,1,0,1
104568,4,0,5,4,2,3,4,0,4,0,5,3,1,2,3,5,4,4,0,5,0,8,3,3,14,4,5,1,1,1,1,1,1
104569,1,5,3,5,4,4,5,4,5,3,4,4,3,4,4,2,1,0,3,4,5,8,0,4,14,4,0,1,1,1,1,1,1
104570,1,5,1,3,4,2,0,0,3,5,3,3,0,1,1,0,2,5,2,2,5,0,2,0,25,5,3,0,0,1,1,0,0
104571,4,1,1,5,0,5,2,3,1,0,3,1,3,4,0,3,4,1,1,0,3,5,2,1,7,3,5,0,0,0,0,1,0
104572,0,3,1,0,2,2,0,1,5,3,4,1,4,2,5,3,0,5,0,0,3,4,1,2,2,3,9,0,0,1,1,0,0
104573,2,4,1,2,2,1,5,4,3,4,1,0,2,5,2,4,1,5,1,1,4,9,3,3,3,3,9,1,0,1,1,1,1
104574,5,3,5,3,2,4,2,0,4,0,2,0,0,2,5,0,0,1,3,4,3,4,2,1,23,0,4,1,1,1,0,1,0
104575,4,1,1,2,2,3,5,1,4,1,0,4,3,2,3,3,3,1,2,0,0,2,0,0,20,6,5,0,0,0,0,0,0
104576,4,5,5,0,4,0,1,3,2,3,4,4,0,4,4,2,0,4,1,1,4,7,3,3,23,4,6,1,1,1,0,1,1
104577,0,1,1,2,5,0,0,2,0,3,3,3,3,0,4,1,4,3,3,2,1,3,1,4,12,5,3,0,0,0,0,0,0
104578,1,2,2,2,0,0,5,1,3,3,5,2,1,5,1,4,0,2,2,0,1,5,2,3,29,2,9,0,0,1,0,0,0
104579,1,2,3,1,5,3,3,0,5,1,1,0,3,1,1,3,3,2,2,3,1,2,0,4,5,6,0,0,0,1,0,0,0
104580,1,5,0,2,5,5,1,0,5,5,2,2,4,4,0,5,3,3,1,4,3,2,1,4,18,3,9,0,0,1,1,1,1
104581,1,3,1,2,2,1,4,1,5,2,0,0,5,2,1,1,4,3,2,0,1,10,2,3,21,0,3,1,0,0,1,0,0
104582,5,4,1,5,2,0,2,1,2,3,5,5,1,1,5,1,4,2,2,4,1,8,0,3,11,6,7,1,1,0,1,1,1
104583,0,5,0,2,0,5,0,0,5,3,2,2,5,0,0,5,2,3,0,0,4,3,1,0,13,4,5,0,0,0,0,0,0
104584,4,5,4,2,2,4,1,3,0,3,0,0,1,4,5,2,5,0,4,3,5,7,2,4,3,2,4,1,1,1,0,1,1
104585,3,5,3,2,1,3,4,5,1,1,3,1,0,0,2,2,1,2,2,0,1,5,3,3,17,2,2,0,1,1,1,0,0
104586,3,5,5,3,5,1,0,4,3,1,5,3,5,3,5,4,5,4,0,1,5,4,0,4,26,6,10,1,1,1,1,1,1
104587,1,5,5,1,0,4,2,1,1,0,0,2,3,3,5,0,5,4,1,3,1,1,3,4,18,3,9,0,0,1,0,1,1
104588,1,5,2,5,2,2,1,2,0,4,3,0,3,1,4,3,4,2,3,1,4,9,1,1,17,1,9,1,0,1,1,1,1
104589,3,3,4,2,2,1,4,4,1,1,2,2,1,4,1,2,3,4,3,4,0,0,1,3,24,2,8,0,1,0,0,1,0
104590,1,0,0,2,5,1,5,5,5,0,0,4,1,2,0,5,0,0,1,1,1,1,2,1,10,4,3,0,0,0,0,0,0
104591,4,0,2,0,4,0,4,3,2,0,1,3,0,4,3,0,2,3,3,5,1,5,1,0,16,6,2,0,0,0,0,1,0
104592,0,4,3,5,5,2,4,1,1,5,3,3,5,2,3,1,2,3,4,4,2,5,1,2,26,3,6,1,1,1,1,1,0
104593,0,1,2,2,1,4,0,5,3,2,5,3,0,4,1,1,2,3,3,2,3,6,0,2,18,3,8,1,0,0,1,0,1
104594,4,4,4,0,1,4,5,3,2,3,0,4,3,2,0,1,0,0,0,0,5,9,0,1,22,6,3,0,1,0,1,0,0
104595,3,5,5,1,3,4,0,0,2,3,3,2,1,2,2,1,5,5,4,4,0,10,0,2,16,3,7,1,1,1,1,1,0
104596,0,3,2,2,2,5,2,1,5,5,5,4,5,5,2,3,3,5,4,5,2,7,2,3,4,5,3,0,1,0,1,1,1
104597,5,4,1,4,0,5,4,3,3,5,4,5,4,0,1,2,0,5,1,2,2,10,1,3,20,5,7,1,1,1,1,1,1
104598,0,1,3,0,4,1,1,4,0,4,4,0,0,2,0,2,0,0,4,5,1,5,0,1,20,1,6,0,0,0,0,0,0
104599,5,2,5,0,0,2,1,5,5,5,5,4,0,0,2,5,4,0,2,2,2,9,0,3,4,1,1,0,0,0,0,0,0
104600,4,5,5,3,1,2,0,1,0,1,3,1,0,0,2,5,3,2,0,5,1,1,3,4,26,3,4,0,1,1,1,1,1
104601,5,4,4,2,5,4,2,4,4,2,0,0,4,0,3,1,1,5,5,0,2,6,3,4,25,4,10,1,1,1,1,1,1
104602,5,1,1,5,4,5,2,5,0,1,1,1,0,4,4,0,1,2,5,2,0,0,3,2,9,6,2,1,0,0,1,1,0
104603,1,5,1,4,3,5,2,4,1,4,2,5,1,4,3,4,0,1,4,4,0,8,2,4,13,2,8,1,1,1,1,1,1
104604,4,2,3,3,0,0,0,4,5,1,5,3,2,4,5,0,3,5,0,3,0,7,3,1,8,4,5,1,0,0,1,0,1
104605,1,5,2,2,1,3,1,4,1,4,1,2,1,5,5,3,0,0,5,3,3,4,2,0,27,3,8,1,1,1,0,0,0
104606,2,3,3,3,1,0,0,3,5,1,5,1,2,3,0,1,4,4,0,3,1,4,0,4,29,6,2,1,0,0,1,1,0
104607,1,3,5,3,3,1,1,3,1,4,3,3,1,1,2,1,2,3,2,0,5,10,2,3,16,2,1,0,1,0,1,1,0
104608,2,0,3,1,3,2,3,3,2,0,4,3,2,2,5,4,1,1,1,3,2,4,0,3,22,2,7,1,0,0,0,0,1
104609,5,2,2,2,2,3,0,5,5,4,0,2,0,3,5,4,2,4,3,0,1,10,0,3,7,3,1,1,0,1,1,0,1
104610,2,4,5,5,4,4,0,2,4,4,2,2,2,4,1,1,5,2,1,5,3,4,0,1,27,5,8,1,0,1,1,1,1
104611,0,5,2,3,4,5,3,4,1,3,2,4,3,2,1,2,2,4,2,2,0,10,0,1,13,1,2,1,1,1,0,1,1
104612,1,0,3,2,4,2,3,0,4,3,2,3,2,0,5,0,1,3,5,5,3,1,3,4,12,0,5,0,0,1,0,0,0
104613,4,0,0,4,0,3,5,2,2,2,5,0,5,5,0,5,5,0,3,2,3,1,0,3,7,3,3,0,0,0,0,0,0
104614,3,4,3,1,3,0,3,5,0,3,2,2,2,3,2,5,0,5,2,1,2,6,3,2,28,5,4,1,0,1,1,0,1
104615,3,2,2,1,1,0,5,1,1,3,5,0,1,0,5,0,1,4,1,3,4,10,1,2,3,6,5,0,1,1,0,1,0
104616,2,5,0,5,1,5,4,4,1,2,5,5,0,5,0,4,3,2,0,0,5,4,0,0,19,3,7,1,0,1,1,1,0
104617,1,0,1,4,5,5,3,3,2,3,3,1,3,2,5,5,3,3,5,3,4,4,1,0,14,3,1,0,1,1,0,1,1
104618,3,2,4,2,2,5,2,0,5,0,1,5,3,4,4,5,2,5,3,3,4,0,0,4,18,0,4,1,0,1,0,1,1
104619,3,0,1,5,4,1,0,0,3,2,0,1,0,4,5,2,2,2,5,1,2,6,1,1,26,1,0,0,0,0,0,0,1
104620,5,4,0,2,1,3,4,0,0,2,1,2,5,1,0,0,4,4,4,0,2,10,1,3,9,1,10,1,1,1,0,1,1
104621,3,5,0,4,5,1,5,2,3,5,3,2,5,5,1,3,0,4,0,5,0,3,0,4,16,6,9,1,0,1,1,0,0
104622,5,0,0,0,1,4,2,1,3,1,1,5,5,5,3,1,3,4,5,4,3,5,1,0,2,3,9,0,0,0,0,1,1
104623,4,1,2,4,1,2,2,5,2,5,5,0,4,5,2,2,4,2,4,4,5,3,0,1,20,2,10,1,0,0,1,1,1
104624,0,5,2,1,1,5,0,4,1,5,2,4,0,1,4,3,1,1,3,4,5,2,0,0,17,3,5,0,0,0,0,0,0
104625,2,0,3,1,1,2,3,0,4,4,1,3,5,0,0,3,4,1,3,5,0,2,2,2,18,5,1,0,0,0,0,0,0
104626,2,5,3,4,3,3,1,3,3,4,3,1,2,3,2,0,3,0,0,4,1,7,0,4,30,5,5,1,1,1,1,1,1
104627,0,5,3,1,0,3,0,4,2,1,0,5,5,1,1,3,2,2,3,0,5,5,2,1,12,3,5,0,0,0,0,0,0
104628,1,0,5,2,1,4,0,3,1,0,4,3,1,3,4,5,5,2,0,1,2,9,2,0,13,3,5,0,0,0,0,0,1
104629,4,0,1,5,4,0,2,0,0,4,3,3,4,4,3,1,0,2,4,3,3,2,3,3,21,4,2,0,1,0,0,0,0
104630,2,4,4,5,0,2,2,0,1,4,5,2,3,0,3,5,1,3,5,4,3,3,2,2,29,5,5,0,1,0,1,1,1
104631,0,0,0,2,2,2,2,3,3,4,5,2,2,4,3,0,4,1,2,4,2,7,1,3,10,1,6,1,0,0,1,0,0
104632,1,3,5,0,4,1,4,5,0,3,0,4,2,0,0,3,0,2,4,1,2,10,1,0,3,5,1,0,1,1,0,0,0
104633,1,0,2,1,2,4,3,0,0,5,5,5,0,3,1,0,0,4,3,2,5,1,0,1,13,5,3,0,0,0,0,0,0
104634,1,3,2,3,0,4,4,0,5,0,0,5,5,3,4,5,5,2,0,2,3,6,0,4,8,4,4,1,0,0,0,0,1
104635,0,2,0,2,0,0,1,1,1,0,4,2,4,0,1,4,0,0,2,5,5,1,0,1,15,3,10,0,0,0,0,0,0
104636,4,4,3,4,5,4,1,1,0,0,2,3,5,1,5,5,5,1,4,4,0,2,1,0,10,1,2,0,0,1,0,1,1
104637,4,5,2,5,4,5,3,5,5,1,2,5,3,3,0,0,4,2,5,4,0,0,2,4,12,3,8,1,1,1,1,1,1
104638,2,2,5,3,2,1,0,5,2,0,4,3,1,2,2,3,5,5,0,1,2,7,2,2,12,4,4,0,1,0,1,1,1
104639,3,3,1,3,5,3,4,1,0,0,1,0,3,2,2,4,0,0,3,1,4,7,2,4,8,0,3,0,1,1,0,1,0
104640,5,3,2,3,0,3,1,4,2,4,5,4,2,4,0,0,1,1,2,5,5,6,1,4,18,3,3,0,0,1,1,1,0
104641,5,5,5,1,0,0,5,0,0,0,0,3,5,4,5,5,1,1,1,3,5,10,3,0,4,1,4,1,1,0,1,0,1
104642,0,1,4,3,5,4,5,3,1,4,1,2,3,3,1,0,4,0,0,1,5,10,0,3,26,0,10,1,1,1,0,1,0
104643,5,1,4,5,4,4,3,3,5,3,2,0,4,4,5,0,1,5,2,2,2,5,2,3,20,6,9,1,1,1,1,1,0
104644,0,2,3,4,3,1,1,5,4,3,1,2,3,5,3,1,1,0,5,5,4,9,3,2,18,3,1,1,1,0,1,1,0
104645,0,4,5,4,2,1,2,4,2,0,5,4,2,1,3,5,3,3,5,0,1,0,3,4,8,2,5,0,1,1,0,0,1
104646,2,5,1,5,4,4,2,0,2,0,5,3,4,5,5,4,3,2,2,5,5,6,0,1,5,5,9,1,1,1,1,1,1
104647,4,1,4,2,3,4,2,2,3,0,2,1,2,2,0,2,2,5,5,3,5,8,2,0,11,0,1,0,1,1,0,0,0
104648,0,0,3,2,2,0,0,0,3,1,3,4,0,5,4,3,0,3,0,2,4,6,3,4,3,3,5,0,0,0,1,0,0
104649,1,3,2,5,2,2,1,0,4,5,2,2,2,3,5,0,2,5,4,1,4,4,1,2,10,4,4,0,0,0,1,0,0
104650,1,3,1,2,2,3,4,0,3,2,2,3,0,2,4,4,2,4,4,0,1,2,2,2,22,2,8,0,1,0,1,0,0
104651,2,2,3,4,3,0,0,5,0,1,2,0,4,0,3,0,3,4,2,5,4,0,1,3,22,4,10,0,0,0,0,1,1
104652,5,1,0,3,3,5,2,1,5,1,1,0,4,0,2,4,5,3,2,1,4,8,1,4,22,1,9,0,0,0,1,1,1
104653,1,5,4,0,4,1,5,4,2,2,4,1,5,3,0,2,2,0,1,0,1,0,2,3,13,2,8,1,1,1,1,0,0
104654,1,5,1,1,2,5,0,4,4,3,0,0,2,4,3,4,0,3,3,4,5,9,1,0,2,3,3,0,1,0,1,0,1
104655,0,4,2,1,1,0,5,5,4,4,1,2,5,0,2,0,0,2,4,3,2,10,1,1,25,0,1,0,1,0,1,0,1
104656,1,3,1,1,3,5,2,3,1,0,0,2,4,5,2,1,0,0,5,0,3,10,2,4,4,1,1,0,1,1,0,0,0
104657,0,1,2,4,3,0,2,5,3,4,2,0,2,1,5,3,5,2,2,2,5,2,0,3,13,3,8,0,0,0,1,1,0
104658,3,2,2,5,1,4,4,2,4,0,4,3,1,4,0,4,3,2,1,5,4,2,1,0,27,4,9,0,0,1,0,1,0
104659,2,0,1,5,0,2,4,4,2,1,3,2,5,4,1,0,1,5,4,1,4,8,2,0,26,5,5,0,1,1,1,1,1
104660,2,1,5,1,1,2,2,4,4,3,4,2,1,4,2,0,4,4,3,3,4,6,0,1,19,0,2,1,1,0,0,0,1
104661,4,2,4,2,0,0,0,3,3,0,3,1,0,5,5,2,5,4,4,3,0,2,1,4,20,0,10,0,1,0,0,1,1
104662,3,2,2,1,0,4,5,1,5,1,2,2,0,4,3,4,2,1,0,4,0,10,3,3,15,2,2,1,0,0,0,1,1
104663,0,0,0,0,5,3,0,0,5,3,5,0,4,0,2,3,4,2,2,1,4,5,2,3,14,6,1,0,0,0,0,0,0
104664,2,5,5,3,4,1,5,0,5,4,3,5,4,2,5,2,4,1,5,4,0,7,2,4,4,5,5,1,1,1,1,1,1
104665,1,1,4,5,0,2,2,2,1,0,0,3,3,3,4,3,1,3,0,0,4,3,3,1,27,4,5,0,1,1,0,0,1
104666,4,3,3,0,2,3,3,2,4,4,0,5,2,3,4,2,5,1,1,4,4,3,3,2,10,0,1,1,0,1,1,0,1
104667,1,2,3,3,1,4,4,1,4,2,4,5,1,3,3,3,5,1,3,0,1,10,1,2,18,3,9,0,1,1,1,1,1
104668,0,2,0,0,5,3,5,4,2,3,0,2,0,1,2,4,4,2,2,0,1,0,0,0,22,0,3,0,0,0,0,0,0
104669,4,5,2,5,2,0,0,0,1,1,1,2,4,5,3,1,5,5,3,0,5,4,2,1,26,5,2,1,1,1,0,1,1
104670,2,4,1,0,1,3,4,2,1,5,0,4,1,4,2,0,2,0,4,4,2,10,1,0,18,6,5,1,0,1,0,1,0
104671,0,5,3,2,3,2,3,2,3,4,4,2,5,4,2,1,4,5,3,4,4,10,1,1,3,2,1,1,0,1,0,0,1
104672,4,2,5,0,2,2,2,5,5,3,0,2,5,2,4,4,3,5,5,4,1,7,1,4,17,0,9,0,1,1,1,1,1
104673,1,1,3,2,1,2,2,0,5,1,1,2,4,3,3,5,3,1,3,5,0,0,1,0,14,4,3,0,0,0,0,0,0
104674,5,2,3,2,1,2,4,5,5,4,5,3,2,1,1,3,1,1,2,3,1,9,0,1,25,5,0,0,1,1,1,0,0
104675,4,3,4,3,0,1,0,4,5,2,0,0,2,3,3,5,2,1,3,5,1,2,0,2,14,0,6,0,0,0,1,1,0
104676,2,2,5,4,4,1,3,4,0,3,1,1,5,1,2,2,0,5,0,5,1,0,3,3,23,2,10,1,1,1,1,0,0
104677,3,2,0,5,5,4,4,4,5,3,4,4,0,5,4,4,2,0,4,4,4,6,3,0,14,5,4,1,1,1,1,1,1
104678,3,0,1,2,4,1,3,4,3,4,0,2,5,3,5,3,0,0,3,3,2,6,1,3,10,2,5,1,1,0,1,0,1
104679,3,3,1,5,2,4,2,2,0,5,1,4,4,2,3,0,3,0,3,3,2,2,0,2,20,2,7,0,0,1,0,1,0
104680,0,4,4,2,2,2,3,3,0,2,4,3,0,3,4,1,2,1,0,3,1,10,1,3,28,4,9,1,0,1,0,1,1
104681,1,3,2,0,0,3,3,2,1,0,0,1,1,1,0,4,0,4,0,1,3,6,1,2,11,0,1,0,0,0,0,0,0
104682,1,5,4,3,2,0,4,5,1,2,2,2,5,4,5,3,1,3,2,3,5,6,1,0,19,5,9,0,0,1,0,1,1
104683,4,5,2,4,0,1,4,1,0,2,1,0,3,1,4,4,5,2,0,0,4,1,1,1,25,4,9,0,0,1,0,1,1
104684,0,5,5,1,4,5,5,3,2,2,1,4,2,5,5,1,0,0,2,4,5,4,3,3,5,3,5,1,1,1,1,1,1
104685,3,0,4,3,5,4,0,1,3,2,2,2,4,5,4,1,1,4,5,5,2,6,3,2,2,2,6,0,0,0,1,1,0
104686,4,5,0,2,1,0,1,2,1,3,1,1,4,1,4,5,2,5,2,5,0,3,1,4,16,0,9,1,0,0,1,1,1
104687,5,2,5,0,4,5,5,5,4,3,4,3,5,3,0,2,4,2,4,4,1,6,3,3,28,4,2,1,1,1,1,1,1
104688,1,2,5,2,3,5,3,1,4,2,0,0,2,1,1,4,5,3,2,3,1,1,3,3,14,6,1,0,0,1,1,1,0
104689,0,2,0,2,2,0,2,5,2,3,2,2,3,0,2,0,4,1,2,2,3,7,1,2,6,2,0,0,0,0,0,0,0
104690,4,1,2,2,4,1,3,4,0,5,0,5,3,1,3,5,0,4,4,2,0,0,3,2,25,6,9,0,1,1,1,1,1
104691,0,5,5,5,4,1,2,2,1,3,0,2,0,5,2,5,2,3,5,1,2,8,3,2,26,4,2,1,1,0,1,1,1
104692,0,3,5,2,1,5,5,2,3,3,4,2,4,1,2,4,5,1,1,3,3,3,1,0,28,4,9,1,0,1,1,0,0
104693,5,5,2,3,4,5,3,0,2,1,2,2,4,5,3,1,4,1,5,4,2,10,1,2,25,4,5,1,1,1,1,1,1
104694,5,5,3,0,3,4,2,4,3,2,2,1,0,4,2,0,0,1,3,5,3,6,2,3,8,1,6,1,1,1,1,1,0
104695,4,2,0,1,1,1,3,3,5,0,1,1,4,2,3,1,2,5,1,3,3,4,3,0,13,5,1,0,0,0,1,0,0
104696,5,4,3,5,4,5,1,5,4,3,0,2,2,3,4,3,2,5,1,1,0,9,2,3,22,6,7,1,1,1,1,1,1
104697,0,3,3,5,3,5,4,1,3,0,5,3,2,5,3,5,1,2,0,3,1,6,2,1,21,5,8,0,1,1,1,1,1
104698,0,2,2,5,0,5,1,2,0,4,4,1,1,0,2,4,5,1,3,5,3,10,1,1,17,3,8,1,0,0,0,0,0
104699,1,4,1,0,0,2,0,4,4,5,2,1,5,4,5,2,4,1,0,2,2,1,2,3,15,5,8,1,0,1,1,0,1
104700,0,4,4,5,1,4,0,2,1,4,0,4,0,3,0,3,0,2,2,4,2,1,3,3,28,6,10,0,1,1,0,0,1
104701,5,5,2,1,0,4,0,1,2,0,5,3,5,5,0,4,1,0,0,4,3,10,3,0,25,5,2,1,1,0,1,0,1
104702,0,4,1,0,2,0,0,1,4,3,2,1,3,5,2,4,3,4,1,2,2,3,2,4,4,1,4,0,0,0,1,0,1
104703,3,3,2,0,2,3,0,5,4,2,1,5,1,5,3,0,4,0,2,4,3,7,0,3,21,0,0,0,1,0,0,1,0
104704,5,5,2,4,4,3,1,2,4,0,0,5,4,0,4,3,4,1,3,5,4,0,2,1,22,6,5,1,1,1,1,1,0
104705,4,0,1,3,1,3,5,4,1,4,5,5,4,2,3,5,5,2,4,0,0,1,2,0,16,1,7,0,1,0,0,0,1
104706,1,4,3,3,3,2,0,3,2,5,0,1,1,5,3,3,3,3,1,4,0,3,2,2,30,5,3,0,1,1,0,1,0
104707,2,2,5,5,3,4,4,3,2,2,2,5,5,1,1,2,1,2,1,2,4,9,2,4,11,1,8,1,1,0,1,1,0
104708,3,2,4,0,2,5,5,1,2,5,3,2,0,1,0,3,0,5,2,5,5,7,0,3,18,3,2,0,1,0,0,0,0
104709,4,4,1,0,5,3,4,1,4,0,1,0,0,4,2,4,0,2,2,5,4,0,2,1,2,1,8,1,0,0,0,0,0
104710,2,1,2,5,1,5,2,2,5,5,0,3,5,1,3,0,3,3,2,3,0,4,2,3,10,0,3,1,0,0,1,1,0
104711,1,5,3,3,2,4,0,0,2,4,3,5,4,3,4,1,3,2,0,3,5,3,2,4,30,4,3,1,1,1,1,1,1
104712,4,2,4,4,0,1,2,3,1,4,0,0,2,2,1,3,0,1,5,4,3,8,3,3,21,2,7,1,1,1,1,1,0
104713,5,2,4,3,2,4,3,0,5,3,5,0,1,2,1,0,2,3,1,1,0,0,2,1,21,5,6,0,1,1,0,0,0
104714,2,1,2,0,0,4,4,1,0,0,2,0,3,0,0,2,2,5,4,2,5,0,3,2,2,6,0,0,0,0,0,0,0
104715,0,2,1,3,5,5,0,3,2,2,4,5,4,5,4,4,2,1,3,4,0,3,2,1,4,1,6,1,0,1,0,0,1
104716,3,5,3,5,1,2,1,0,5,5,5,1,0,0,1,3,1,5,3,2,5,7,1,3,18,4,7,1,1,1,1,0,0
104717,5,0,0,0,4,0,3,0,5,2,4,2,2,1,5,4,1,4,5,0,4,8,2,0,5,3,5,0,0,1,0,0,1
104718,5,3,4,0,0,4,4,1,4,0,2,0,3,1,4,0,4,3,0,1,4,10,2,4,13,2,10,1,1,1,1,1,1
104719,2,5,5,2,1,3,1,4,5,2,0,5,3,1,5,2,4,4,2,1,5,9,2,2,12,2,1,1,1,1,0,1,1
104720,0,2,4,2,0,3,4,4,1,0,0,4,4,0,0,5,4,4,1,3,3,2,2,4,5,4,2,0,0,1,0,0,1
104721,3,3,2,3,2,4,4,0,0,2,2,3,5,5,5,3,5,2,5,3,0,4,2,4,29,6,9,1,1,1,1,1,1
104722,4,2,4,0,3,3,2,1,5,3,1,5,0,3,1,5,1,4,0,0,3,10,1,2,28,6,2,1,1,1,1,1,1
104723,5,0,3,5,2,0,3,0,2,0,5,1,3,2,3,2,2,2,1,1,0,6,2,4,27,2,3,0,1,0,0,1,0
104724,0,3,3,0,3,5,2,0,1,2,2,2,3,0,1,0,3,2,3,5,0,8,1,3,15,2,9,0,0,1,0,0,0
104725,1,5,5,1,4,1,4,5,2,3,5,5,1,3,3,1,3,5,0,1,0,8,2,2,5,6,2,1,1,1,0,1,0
104726,2,3,1,5,0,1,1,2,4,4,1,3,0,0,4,5,4,1,0,1,2,3,1,2,27,1,10,0,1,0,0,0,0
104727,0,2,4,2,2,4,1,4,2,0,5,1,5,1,2,1,5,0,5,3,3,4,2,4,28,5,6,1,1,1,1,1,0
104728,5,0,4,3,3,4,2,4,3,3,2,3,0,3,1,5,2,0,0,3,2,4,3,4,9,5,8,1,1,0,1,1,0
104729,0,5,3,2,3,3,1,2,3,3,5,5,2,5,2,3,3,2,1,5,4,10,2,4,22,0,4,1,1,0,0,1,1
104730,3,5,0,1,0,4,3,4,2,0,3,0,3,3,3,4,5,0,2,5,5,1,2,4,11,3,2,0,0,1,0,1,0
104731,5,5,4,3,1,0,5,1,5,0,0,5,2,2,4,5,3,5,2,2,1,1,1,4,26,0,6,1,0,0,1,1,1
104732,4,2,1,4,2,1,2,2,5,3,5,2,3,3,0,5,1,0,4,2,0,7,0,3,30,3,5,1,0,1,1,1,0
104733,4,3,5,0,3,1,5,2,2,5,1,0,0,4,0,3,4,4,1,1,4,6,3,1,12,3,9,1,0,1,0,1,1
104734,1,2,4,5,5,2,2,3,4,5,4,5,3,3,4,3,0,1,2,0,3,6,0,2,18,6,9,0,1,1,1,0,0
104735,4,1,2,1,2,2,0,1,4,4,4,3,4,2,0,0,4,4,3,4,0,5,2,0,19,0,2,0,0,0,0,0,1
104736,2,1,2,5,3,0,2,4,0,5,1,1,3,5,1,0,0,0,0,2,5,1,0,2,12,2,6,0,0,0,0,0,0
104737,0,2,0,5,1,4,2,5,5,3,3,1,5,1,5,5,1,5,2,4,3,2,2,1,30,4,0,0,0,0,0,0,1
104738,2,3,2,5,0,3,0,5,4,0,4,0,2,0,2,0,5,0,3,5,0,5,3,4,23,5,2,1,0,1,1,1,1
104739,2,0,0,3,2,2,2,5,5,3,5,3,1,1,0,0,1,2,1,3,3,0,0,4,13,3,0,0,0,0,1,0,0
104740,3,4,5,5,2,5,0,3,4,2,2,1,2,4,1,0,3,3,2,5,3,10,0,0,3,6,0,1,1,0,1,1,0
104741,1,2,3,5,0,2,4,4,5,1,2,1,1,0,5,0,2,3,3,2,0,10,1,2,8,1,4,0,1,1,1,0,1
104742,2,5,1,3,4,0,3,4,3,0,4,3,2,2,3,2,0,2,5,4,3,10,1,2,24,4,4,1,1,1,1,1,0
104743,2,1,4,5,1,5,1,5,0,0,2,5,2,0,4,0,3,0,3,3,3,7,0,3,2,3,1,0,0,1,1,1,0
104744,1,0,0,2,1,0,0,0,1,4,3,5,1,5,1,0,2,5,0,4,0,8,2,1,6,4,8,1,0,0,0,0,0
104745,4,1,3,5,2,0,3,1,0,1,0,0,0,1,4,5,5,5,4,5,2,2,1,0,15,4,5,0,0,0,0,1,0
104746,1,5,0,5,5,2,4,2,1,3,4,2,1,1,0,0,1,4,4,2,4,1,3,3,2,3,0,0,0,1,0,1,0
104747,4,1,0,3,3,3,2,3,3,1,2,1,0,4,1,0,3,1,2,3,3,7,1,1,8,0,8,1,1,0,0,1,0
104748,1,4,1,0,2,1,5,5,5,2,2,2,5,5,3,3,5,5,4,3,2,3,1,2,30,0,3,1,0,0,1,0,1
104749,5,5,1,1,4,5,1,0,4,2,5,5,5,0,5,1,2,1,0,4,3,10,2,3,29,6,0,1,1,1,1,1,1
104750,2,1,4,1,0,1,4,0,2,1,4,2,1,5,5,1,2,0,5,3,2,6,0,3,7,1,8,0,0,0,1,1,0
104751,0,3,5,3,2,5,2,5,2,2,3,3,5,2,2,2,2,4,0,1,0,2,1,4,14,3,10,1,0,1,1,0,1
104752,0,1,4,2,3,3,1,1,3,4,3,5,2,1,4,1,0,1,5,2,0,1,0,0,28,2,7,0,0,0,0,0,0
104753,4,2,4,4,2,1,1,0,2,3,5,1,2,0,1,4,4,4,1,0,3,2,0,0,3,2,6,0,0,0,0,0,0
104754,5,1,3,1,4,2,2,4,3,4,3,2,3,2,5,4,0,4,2,4,2,9,0,4,16,1,0,0,0,1,1,0,1
104755,1,4,2,0,4,0,0,5,5,5,1,4,5,1,0,0,4,0,1,3,4,9,0,4,26,3,8,0,1,1,1,1,0
104756,3,5,1,3,2,5,3,5,0,2,3,1,4,1,2,3,3,3,4,5,0,7,0,2,6,1,7,1,1,1,1,1,1
104757,3,1,5,0,5,3,2,5,2,4,3,4,3,1,0,1,0,2,3,3,4,6,2,4,29,6,1,1,1,1,1,0,0
104758,0,1,3,5,5,2,4,0,0,0,0,1,4,0,3,3,0,2,2,5,4,3,2,1,17,6,0,1,1,0,0,0,0
104759,2,4,3,0,2,4,3,0,5,3,0,5,5,4,2,3,0,2,4,5,4,2,2,4,2,2,5,0,0,0,1,1,0
104760,4,2,0,2,5,3,5,5,1,2,2,0,4,2,4,2,5,5,5,1,4,9,0,3,7,4,9,0,1,1,1,1,1
104761,5,3,2,5,3,3,0,4,3,0,3,4,2,4,3,3,0,0,2,3,0,5,3,1,28,6,1,1,0,1,1,1,1
104762,5,4,4,3,0,2,2,1,0,5,0,5,1,3,2,4,5,3,4,1,0,7,2,3,4,6,0,1,1,1,1,1,0
104763,0,0,2,4,0,2,3,2,2,4,2,0,2,0,5,4,0,4,5,2,1,10,3,1,23,2,3,0,1,0,0,0,0
104764,1,5,3,2,0,1,1,5,5,3,1,2,0,2,0,0,3,5,0,5,0,9,3,2,10,3,0,0,0,1,1,1,0
104765,2,2,4,4,1,4,4,5,5,4,4,5,3,0,0,3,3,3,1,2,4,7,1,2,6,5,10,0,1,1,1,0,1
104766,0,3,0,4,1,2,2,5,0,4,2,0,4,1,1,2,4,3,1,0,5,7,2,1,16,4,4,0,0,1,0,0,0
104767,3,2,5,3,0,2,4,2,3,4,0,1,0,4,3,5,2,1,3,5,4,8,0,1,23,3,1,1,1,1,1,1,0
104768,0,4,4,0,3,4,5,4,1,1,2,5,5,1,5,2,1,3,5,2,2,10,3,1,21,4,0,0,1,0,1,0,1
104769,0,3,2,5,2,3,5,0,4,2,5,0,3,1,0,1,1,5,5,4,5,7,3,3,11,0,8,1,1,0,1,1,0
104770,0,1,4,0,3,5,3,5,3,2,0,5,5,0,4,4,0,1,3,0,4,9,1,0,11,6,8,0,1,1,1,0,1
104771,1,1,0,2,3,1,4,1,4,5,2,4,4,0,4,2,5,2,5,0,4,10,2,2,16,5,6,0,0,1,1,0,0
104772,4,5,1,3,1,0,5,5,5,0,0,1,5,1,1,1,0,0,4,1,1,10,1,1,10,0,8,0,1,1,0,1,0
104773,1,3,0,4,3,2,5,0,2,5,5,1,4,5,0,3,3,1,4,5,4,7,0,4,20,0,6,1,0,1,1,1,0
104774,5,1,3,3,5,3,4,5,0,2,2,1,2,3,4,5,3,0,5,2,0,10,0,2,14,2,0,1,1,1,1,1,1
104775,1,0,5,2,1,4,5,3,1,4,3,3,3,4,4,1,1,5,4,5,3,5,3,3,4,6,1,1,1,0,0,1,1
104776,0,0,3,2,1,3,5,3,1,1,5,5,0,0,4,0,1,1,0,0,1,6,2,4,14,5,5,0,0,1,0,0,0
104777,2,5,4,5,3,5,1,4,0,5,0,4,5,3,4,2,3,5,3,4,4,7,0,4,6,6,0,1,1,1,1,1,1
104778,4,5,0,2,4,0,3,2,4,3,2,0,4,4,2,2,4,5,0,3,4,9,3,3,25,5,2,1,1,1,1,1,1
104779,0,2,5,5,3,3,2,5,5,5,0,3,3,4,2,1,2,1,0,1,3,1,3,3,14,5,9,1,1,1,1,0,0
104780,0,1,1,0,4,4,5,0,3,2,4,1,3,4,0,3,4,2,5,2,3,4,0,1,5,0,6,0,0,0,0,1,0
104781,5,2,3,3,0,3,4,3,3,5,3,3,4,4,3,0,3,2,4,1,0,8,1,0,8,1,1,0,0,0,0,1,1
104782,3,0,4,4,0,1,5,1,3,5,2,2,1,5,4,2,5,5,3,2,5,1,2,4,4,3,1,1,0,0,0,0,1
104783,2,3,5,4,2,4,2,0,5,0,1,3,3,2,1,0,1,5,5,3,4,4,0,1,6,2,8,0,1,0,0,0,0
104784,4,3,5,2,1,5,5,3,0,2,1,4,3,1,1,5,4,5,4,4,0,5,1,1,17,1,9,0,1,1,0,1,1
104785,5,5,3,4,0,1,0,4,3,2,5,1,4,0,3,3,2,2,3,5,3,4,2,2,4,2,6,0,1,1,1,1,0
104786,2,1,3,2,1,3,5,0,5,1,0,2,5,1,1,3,3,2,2,2,3,1,3,3,18,5,6,0,1,1,0,1,1
104787,3,1,2,3,1,4,1,4,0,5,0,0,2,2,5,3,2,0,1,5,0,6,3,0,28,0,4,0,0,0,0,0,1
104788,0,0,3,5,5,0,3,5,3,0,2,2,1,0,3,4,2,2,1,0,2,2,0,1,10,5,10,0,0,0,0,0,1
104789,1,2,4,4,4,0,4,4,0,1,2,5,5,4,2,4,4,1,2,2,0,1,2,3,3,4,9,0,1,0,0,0,1
104790,3,3,3,4,2,4,4,1,5,1,5,4,2,2,1,5,5,5,0,4,0,6,1,0,8,3,1,1,1,1,0,1,1
104791,1,0,3,5,5,4,1,0,3,2,1,4,1,1,5,3,2,2,0,5,5,0,0,2,25,1,10,0,1,0,0,0,0
104792,5,4,2,1,5,0,3,0,5,4,1,5,2,5,4,0,1,3,1,4,2,2,1,4,26,4,0,0,1,0,0,1,1
104793,5,2,1,3,1,3,3,3,1,0,1,3,4,0,3,2,2,1,2,2,0,9,3,1,15,4,1,0,1,1,1,0,0
104794,1,4,0,3,2,4,4,1,4,3,2,0,1,3,1,2,1,4,0,3,2,0,1,2,8,6,2,0,0,0,0,0,0
104795,2,2,2,4,5,5,1,2,4,2,1,3,0,3,0,5,3,4,1,2,3,0,2,4,13,4,0,0,1,1,1,0,1
104796,1,0,2,0,2,4,4,0,0,3,4,0,4,5,4,2,3,4,5,0,2,3,1,2,20,0,10,0,1,0,0,0,0
104797,3,0,3,4,2,1,3,2,4,0,4,1,3,2,0,5,2,5,3,4,0,2,3,1,11,5,6,0,0,0,1,0,1
104798,0,3,5,1,5,3,4,0,4,5,4,3,4,5,2,4,5,2,5,5,5,6,1,1,22,4,7,1,1,1,1,1,1
104799,2,3,4,2,3,4,5,2,3,3,4,5,1,4,3,2,1,5,1,2,0,2,0,4,23,0,6,1,0,1,1,1,1
104800,3,4,4,4,2,1,2,3,3,1,3,1,1,2,3,5,0,3,4,1,2,5,1,3,18,0,0,1,0,0,1,0,0
104801,3,5,3,1,5,0,2,5,4,4,4,1,2,3,4,2,4,0,0,4,3,0,1,4,17,2,6,1,1,1,1,1,0
104802,3,0,5,0,4,2,4,1,0,2,2,4,5,2,0,2,5,0,0,1,5,3,0,4,13,6,9,1,1,0,0,0,0
104803,1,1,5,4,2,4,4,1,2,2,5,1,4,3,1,0,0,4,0,4,4,2,2,2,15,0,2,0,0,0,0,0,0
104804,4,1,0,1,2,3,5,4,1,1,5,1,2,1,0,0,2,3,3,1,3,7,0,4,25,2,6,1,1,0,1,0,0
104805,4,0,3,4,0,3,3,5,5,2,0,1,0,1,1,3,3,5,0,0,2,1,0,0,6,5,4,0,0,1,0,0,0
104806,4,0,3,5,0,3,3,2,1,1,2,4,3,4,1,4,3,0,1,3,4,2,3,0,14,1,2,1,0,0,0,1,0
104807,2,0,5,2,5,5,0,2,0,4,4,3,0,5,5,5,5,4,4,5,2,8,0,2,12,2,3,1,1,0,0,1,1
104808,5,3,3,4,0,3,2,4,5,2,1,1,4,3,2,4,4,3,0,3,3,7,2,0,4,0,4,1,1,1,1,1,1
104809,2,0,0,1,5,0,1,4,2,0,3,5,2,1,3,2,5,0,5,2,2,3,3,4,3,5,10,1,0,1,1,1,0
104810,4,1,1,5,1,2,5,4,4,4,5,2,5,0,1,1,3,4,0,5,4,2,3,0,2,0,7,1,0,0,1,0,0
104811,1,0,0,1,3,1,0,3,1,5,5,4,5,5,4,2,1,0,4,3,0,10,3,1,21,5,1,0,0,0,1,0,0
104812,1,4,1,5,4,4,4,0,4,5,5,1,1,5,3,1,5,0,4,3,1,0,1,1,28,6,6,1,1,1,1,1,0
104813,3,3,0,4,5,5,5,1,5,2,3,5,0,1,5,3,2,5,5,0,5,9,3,1,4,1,9,0,1,1,1,1,0
104814,3,5,4,1,2,4,2,0,4,1,5,1,3,4,3,0,1,2,2,1,0,3,3,0,25,5,1,1,0,1,1,0,0
104815,4,0,2,4,5,1,4,2,1,1,3,2,0,4,4,4,4,4,0,0,3,3,1,4,9,5,3,1,1,1,0,0,1
104816,1,1,4,3,2,4,3,5,3,2,3,3,4,5,4,0,4,3,3,4,3,9,3,0,27,6,0,1,1,1,1,1,1
104817,5,2,5,4,5,0,4,1,4,0,1,3,5,3,0,2,4,2,5,0,0,9,0,3,3,1,5,0,1,1,1,1,1
104818,1,3,3,2,0,1,4,4,5,5,5,3,5,1,3,1,3,1,4,1,1,8,3,3,9,2,2,0,1,1,1,1,1
104819,3,0,2,1,1,1,1,2,1,1,1,4,4,2,2,3,4,0,3,2,1,0,1,1,14,6,4,0,0,0,0,0,0
104820,5,1,1,4,3,2,4,1,1,4,1,4,4,4,2,4,4,0,2,5,2,7,3,3,9,2,7,0,1,1,1,1,1
104821,3,2,4,0,4,1,5,1,2,2,4,2,1,1,2,2,1,0,1,3,3,9,0,0,30,3,3,0,0,1,0,0,0
104822,4,0,3,2,4,2,1,4,1,4,5,3,5,3,5,1,5,0,0,0,1,0,2,1,19,5,2,0,0,0,1,0,1
104823,5,2,4,0,2,0,1,4,4,5,5,3,4,4,5,5,3,5,0,1,1,10,3,4,12,3,3,1,1,1,1,0,1
104824,5,4,0,0,3,4,1,1,3,2,4,2,0,0,2,5,2,1,5,2,3,1,2,4,27,4,3,1,0,0,0,0,1
104825,2,3,0,0,3,2,5,5,2,5,5,3,3,3,5,5,2,5,5,2,5,5,0,2,30,3,8,0,0,1,1,1,1
104826,2,2,0,0,5,4,5,0,4,2,2,4,2,1,1,2,0,1,3,5,4,7,3,3,27,6,8,1,1,1,1,1,0
104827,1,2,4,5,0,0,2,3,1,1,0,4,0,2,4,0,2,3,2,4,5,3,3,0,23,0,2,0,0,0,0,1,0
104828,3,5,3,4,0,5,5,1,5,4,1,0,1,1,0,4,4,2,1,4,3,7,1,2,11,1,10,1,1,0,0,1,1
104829,5,3,1,5,3,3,4,5,3,0,0,0,5,1,0,1,5,4,5,5,0,3,3,0,23,2,6,1,0,1,0,1,1
104830,2,3,1,0,0,1,2,4,5,0,4,4,2,0,1,1,0,5,4,2,2,4,0,0,27,3,0,0,0,0,0,0,0
104831,2,5,3,5,1,4,4,0,3,2,2,3,0,2,3,4,4,0,0,3,5,0,1,4,14,5,1,1,0,1,0,1,0
104832,0,0,5,3,3,4,5,2,4,3,2,3,4,3,4,0,1,2,2,4,3,10,1,3,13,4,8,1,1,1,1,1,1
104833,2,0,5,4,1,4,5,4,1,2,5,5,1,1,0,5,0,5,2,5,1,2,2,0,25,2,7,1,0,0,0,0,1
104834,1,2,2,5,1,5,2,3,1,0,5,1,2,5,1,1,3,0,4,0,5,10,3,3,7,4,5,1,1,0,1,1,0
104835,5,1,4,1,2,5,1,2,3,3,0,1,0,3,5,1,0,4,4,2,2,3,3,2,29,2,5,1,1,0,0,1,0
104836,3,1,0,4,4,0,1,0,1,3,5,3,0,5,2,3,1,1,4,0,1,1,0,1,6,6,5,0,0,0,0,0,0
104837,0,0,5,3,2,1,4,3,0,1,3,4,5,4,4,4,1,4,4,0,0,4,3,4,23,5,1,1,1,0,0,0,1
104838,0,5,0,2,4,0,4,0,2,3,4,5,4,1,0,3,5,1,1,2,0,2,3,0,18,6,2,0,1,1,0,0,0
104839,5,3,2,2,0,0,4,1,1,2,5,5,3,3,2,3,0,3,2,2,2,8,1,3,5,5,8,1,0,1,0,0,0
104840,5,4,4,1,0,0,0,1,3,0,2,2,0,4,2,3,1,3,4,5,3,10,2,1,4,5,10,0,1,1,0,0,1
104841,4,0,5,1,0,4,5,3,3,4,4,1,3,2,4,2,5,1,1,2,1,6,2,4,9,3,4,1,1,1,1,1,1
104842,0,2,1,5,5,3,0,2,3,2,4,3,0,0,3,2,1,3,3,3,2,8,3,3,18,2,2,0,1,0,0,0,0
104843,0,3,3,4,1,0,3,2,4,5,3,1,0,1,0,0,1,0,4,4,2,9,1,3,18,3,7,0,1,0,1,0,0
104844,1,3,1,3,0,2,5,5,0,1,4,2,4,1,1,3,4,0,4,0,3,2,2,4,2,2,10,1,1,1,1,0,0
104845,4,4,0,4,1,0,1,2,4,0,4,1,3,2,3,2,0,4,2,4,5,10,2,0,18,4,3,0,1,0,0,1,1
104846,4,4,2,2,4,1,3,4,2,4,2,2,4,5,0,5,0,3,2,3,2,9,3,1,8,4,7,1,1,1,1,0,1
104847,5,2,3,1,2,0,5,5,4,5,5,5,2,0,0,5,2,3,3,4,4,10,1,2,13,2,5,1,1,1,1,1,1
104848,0,4,1,5,2,3,1,0,4,5,0,1,1,5,5,0,3,1,0,5,3,7,3,4,27,2,9,1,1,1,0,1,1
104849,0,1,5,5,0,0,0,4,1,5,1,5,4,3,0,3,0,0,4,2,5,9,3,3,22,4,5,1,0,0,0,1,1
104850,5,0,3,1,4,4,2,0,1,1,4,1,3,5,4,0,0,4,0,3,5,6,3,3,28,5,3,1,1,1,0,1,0
104851,5,5,2,4,1,5,4,3,4,4,2,1,5,4,3,2,0,1,4,0,4,8,2,2,21,0,0,1,1,0,1,1,0
104852,4,0,2,2,0,5,3,1,3,0,1,1,3,2,5,2,4,2,4,1,1,8,3,4,21,6,4,1,0,1,0,1,1
104853,0,1,2,4,4,4,2,1,1,2,3,4,1,0,3,1,4,5,3,2,1,9,3,0,27,6,7,1,1,0,1,1,0
104854,0,0,0,0,5,4,3,5,1,5,0,4,0,4,0,4,2,5,1,5,1,2,3,3,4,4,9,0,1,0,0,0,0
104855,0,1,3,2,3,5,0,1,5,3,0,0,1,3,3,0,0,2,2,3,4,0,0,4,14,4,4,0,0,0,1,0,0
104856,4,2,4,0,5,5,2,3,3,5,0,1,3,2,4,5,4,2,3,5,5,4,1,4,28,4,10,1,1,1,1,1,1
104857,5,0,2,4,2,1,5,4,5,5,5,5,3,4,1,5,4,5,5,1,0,9,3,0,19,5,8,1,1,1,1,1,1
104858,3,2,2,2,3,3,2,4,4,4,1,3,0,4,1,4,0,2,5,2,5,4,1,4,9,4,3,0,0,0,1,0,1
104859,1,5,5,1,2,1,5,1,1,4,5,1,1,1,2,5,4,3,0,1,3,4,1,3,21,5,8,1,1,1,0,1,0
104860,4,0,3,4,3,5,3,2,1,2,3,1,4,0,3,1,5,0,5,5,2,4,2,0,4,4,4,1,1,1,0,1,0
104861,0,5,1,5,5,0,5,3,5,3,1,2,2,3,1,3,4,5,4,3,4,7,3,4,25,2,6,1,1,1,1,1,1
104862,4,2,0,2,3,2,3,3,4,0,0,1,4,0,4,4,2,1,5,1,2,1,0,2,12,3,0,0,0,0,0,0,0
104863,5,3,4,4,0,2,2,0,3,3,0,2,2,3,5,2,1,1,2,0,2,9,2,2,13,1,9,1,0,1,1,1,0
104864,4,2,3,4,3,5,5,3,4,5,3,3,1,5,1,1,2,4,4,1,3,4,1,1,6,5,7,1,1,1,1,1,1
104865,5,1,3,2,2,1,1,0,2,0,3,2,4,4,4,2,2,5,0,5,2,7,3,0,9,2,7,0,0,0,0,1,1
104866,3,0,1,4,3,5,2,3,1,2,5,3,1,1,2,0,1,3,3,2,3,1,0,4,22,0,8,0,0,0,0,1,0
104867,2,3,1,0,3,2,4,4,4,5,1,0,3,5,0,3,5,5,2,4,4,10,0,4,4,5,0,1,0,1,1,0,1
104868,1,5,2,5,3,4,5,2,5,2,3,3,1,5,1,0,0,3,1,5,4,6,1,2,11,4,8,1,1,1,1,0,1
104869,5,3,4,2,5,3,1,1,5,3,0,0,4,2,5,1,1,2,1,3,4,2,3,4,29,5,2,1,1,1,0,1,1
104870,4,3,1,0,5,2,5,1,4,4,3,4,5,0,0,5,0,0,0,4,3,9,2,4,19,1,1,1,1,1,1,1,0
104871,1,3,3,5,5,1,2,4,5,4,1,3,5,5,0,0,3,2,3,1,5,6,1,2,30,5,0,1,0,1,1,1,0
104872,5,2,5,4,3,1,2,2,3,4,1,3,5,4,4,4,0,0,1,5,4,8,0,4,30,5,0,1,1,1,1,1,1
104873,0,0,1,4,1,3,0,5,1,0,2,2,0,5,3,1,4,1,0,3,1,8,2,3,5,4,10,1,1,0,1,0,0
104874,3,3,1,0,1,1,0,5,0,0,2,1,5,5,1,0,3,2,1,4,4,4,3,1,14,4,7,0,0,0,1,1,0
104875,1,5,1,4,5,5,3,2,1,4,0,4,3,2,4,3,3,5,4,3,2,3,3,0,29,0,5,1,1,1,1,1,1
104876,3,1,5,4,5,0,3,1,2,5,3,0,2,0,3,1,4,5,3,4,2,5,0,2,11,2,2,1,1,0,0,1,0
104877,2,5,3,5,0,1,0,4,0,1,2,2,4,2,1,4,5,3,1,5,2,9,3,2,2,5,6,1,1,0,0,1,1
104878,2,5,5,2,1,0,5,4,1,3,5,1,4,2,4,5,0,2,3,5,4,6,1,0,19,2,5,1,1,0,0,1,1
104879,4,1,5,5,4,5,3,0,5,0,3,2,5,1,5,4,4,2,1,1,1,0,3,1,14,5,6,1,1,1,0,1,1
104880,4,3,2,4,0,2,0,5,1,1,5,2,3,4,2,4,0,5,5,0,3,10,3,1,19,1,4,0,0,1,1,1,1
104881,2,4,0,1,0,0,5,1,2,2,0,2,4,4,4,3,0,2,0,2,4,4,1,4,14,2,0,0,0,1,0,0,1
104882,5,2,1,1,5,0,1,3,3,0,2,1,1,0,0,1,0,5,2,4,5,10,3,3,18,2,5,1,1,1,0,1,0
104883,2,4,3,5,0,5,4,1,5,3,5,0,4,5,0,2,1,2,3,5,1,0,2,0,4,4,1,1,0,0,0,1,1
104884,0,5,2,3,1,5,4,2,5,3,1,2,2,1,0,5,2,0,5,0,3,7,0,1,4,1,7,1,0,1,1,1,0
104885,0,3,0,0,5,1,4,3,4,0,1,1,3,1,2,3,1,2,0,3,5,0,1,4,4,0,8,0,0,0,0,0,0
104886,1,5,5,0,0,3,4,0,0,3,4,0,2,1,2,3,1,5,4,2,4,4,3,0,2,2,9,0,0,0,0,0,0
104887,4,4,1,4,4,1,5,1,0,2,0,5,1,0,5,3,5,2,1,3,3,8,1,4,21,1,2,1,1,1,0,1,1
104888,3,4,3,1,3,5,0,4,4,0,5,2,2,0,5,3,0,4,4,2,0,2,3,4,27,3,6,1,0,1,1,0,1
104889,2,5,5,1,3,4,2,5,5,1,5,0,2,1,3,0,0,5,0,5,4,0,1,3,13,0,3,0,1,1,1,0,1
104890,2,1,3,3,4,2,2,5,3,3,5,2,1,0,5,3,2,0,1,4,3,1,1,2,7,1,8,0,1,0,0,0,1
104891,5,0,4,5,0,5,2,4,5,4,4,0,0,1,5,0,4,5,5,1,2,2,3,4,23,1,10,1,1,0,1,1,1
104892,3,0,0,2,0,1,1,5,4,2,5,5,2,1,2,4,3,4,3,5,0,0,3,2,3,0,10,0,0,0,0,0,1
104893,0,1,4,3,1,5,1,0,2,3,5,2,3,4,1,5,3,3,0,3,4,10,3,2,3,3,10,1,1,1,1,1,0
104894,0,4,5,4,2,1,5,1,5,2,1,5,3,1,2,1,1,2,3,1,4,4,1,4,18,5,4,1,1,1,1,1,0
104895,2,3,5,3,5,5,5,2,4,5,0,2,3,5,0,1,2,4,4,3,1,6,2,1,2,6,7,1,1,1,1,1,1
104896,2,2,0,4,0,5,4,5,2,5,5,5,1,5,3,0,4,0,4,5,1,0,0,2,6,5,7,1,0,1,0,1,0
104897,5,0,1,1,2,3,3,4,3,2,2,5,0,2,5,1,2,5,1,1,5,9,3,4,10,5,9,1,1,1,1,1,1
104898,3,4,0,3,2,0,2,2,3,1,0,3,0,0,4,3,3,1,3,4,3,7,0,3,29,6,6,1,0,0,0,1,0
104899,4,2,5,0,1,4,4,0,0,3,2,2,4,1,1,1,0,0,0,4,3,5,0,1,16,2,0,0,1,0,0,0,0
104900,3,4,1,4,2,4,5,3,1,5,0,5,4,0,3,2,4,4,5,3,2,1,1,1,21,1,0,1,0,0,0,1,0
104901,2,0,3,4,1,5,2,1,1,3,3,3,3,0,5,4,5,0,1,3,3,4,1,3,11,6,3,0,0,1,0,1,1
104902,3,1,2,4,0,1,3,1,1,2,4,1,3,4,4,4,1,1,1,4,4,8,1,1,30,0,2,0,1,0,1,1,1
104903,3,0,4,0,3,1,5,1,3,4,0,0,3,0,0,0,0,1,4,2,0,7,0,1,27,4,3,0,1,1,0,0,0
104904,4,1,5,5,5,2,5,1,3,1,0,3,2,4,0,5,2,5,0,1,0,3,2,1,25,1,5,1,1,1,0,1,1
104905,1,5,1,2,2,2,1,1,5,1,5,1,4,4,5,5,5,1,0,0,1,1,0,0,10,4,5,0,0,0,0,0,1
104906,3,2,4,0,3,0,1,3,0,0,2,4,5,2,5,3,5,4,4,0,1,9,0,2,11,0,4,1,0,0,0,0,1
104907,1,2,1,3,4,0,1,0,4,5,0,3,1,1,4,4,3,3,0,3,0,10,3,1,6,3,9,1,0,0,1,0,0
104908,4,1,1,3,5,2,0,2,1,5,0,2,2,2,3,3,3,3,5,1,2,0,2,2,21,4,0,0,1,0,0,0,1
104909,4,1,0,2,4,5,4,5,2,5,2,1,1,1,5,2,3,4,4,1,0,1,3,4,24,5,4,0,1,1,1,1,1
104910,3,4,2,4,5,0,2,5,0,0,0,1,1,2,2,3,0,3,1,2,2,1,2,0,14,4,9,0,0,1,0,0,0
104911,5,5,3,3,4,1,0,4,0,5,0,1,2,1,3,5,1,1,0,3,0,10,1,4,2,3,9,0,1,1,1,0,1
104912,3,4,4,1,5,5,1,1,0,1,1,3,1,5,1,0,4,5,0,2,0,8,2,3,8,1,2,1,1,0,0,1,0
104913,0,4,5,3,5,0,3,0,1,5,4,4,2,5,2,4,2,0,3,4,3,5,0,1,17,5,6,1,1,1,0,1,1
104914,3,2,3,1,4,0,5,5,2,2,3,5,1,5,0,2,4,1,3,0,2,7,2,0,17,4,3,0,1,0,0,0,0
104915,4,0,2,0,2,5,3,2,1,1,4,4,4,5,3,5,2,1,2,0,5,4,1,1,13,2,10,0,0,0,0,0,1
104916,0,4,1,1,1,1,3,2,0,3,1,3,1,1,2,3,5,4,4,4,3,1,3,3,29,1,5,1,0,1,0,0,0
104917,0,4,5,5,3,1,1,2,2,4,0,4,0,5,4,0,4,2,3,2,2,9,1,2,5,1,3,1,0,0,0,0,1
104918,1,3,2,3,4,0,1,0,0,2,3,1,5,2,5,3,3,2,3,3,4,9,1,0,2,5,0,0,0,0,0,0,0
104919,5,0,4,1,4,2,4,4,4,4,5,5,5,0,5,5,4,0,0,3,5,2,1,0,11,6,8,1,1,0,1,1,1
104920,3,4,3,2,3,5,4,1,4,0,3,0,5,4,3,4,3,5,1,3,1,7,2,4,28,2,0,1,1,1,1,1,0
104921,5,5,5,5,0,5,5,1,0,5,1,5,1,5,4,4,1,2,1,4,3,10,2,1,29,1,9,1,1,1,0,1,1
104922,5,1,5,3,1,3,3,4,3,3,0,0,2,4,2,0,1,0,2,0,1,5,0,0,9,3,7,1,1,0,1,0,0
104923,3,0,4,4,3,4,1,4,5,3,0,5,1,0,3,5,1,1,1,1,5,0,3,1,17,5,6,0,1,1,0,0,1
104924,4,4,3,3,2,3,3,4,5,5,5,4,1,0,0,3,3,4,1,3,2,7,3,0,4,6,4,1,1,0,1,0,1
104925,1,1,0,5,2,4,5,4,0,0,1,2,5,0,0,4,3,0,0,0,0,4,3,2,12,6,0,0,1,0,0,0,1
104926,0,4,0,3,1,3,1,0,5,5,0,2,0,5,0,5,0,4,1,5,5,6,3,0,30,5,6,0,0,0,0,0,0
104927,2,4,3,2,0,1,5,2,2,1,2,1,3,3,1,5,2,2,5,1,5,7,1,0,15,4,2,0,1,1,0,1,0
104928,3,1,4,1,2,5,5,2,5,5,5,1,4,4,3,3,4,3,3,5,2,0,3,2,5,1,5,0,0,0,1,0,0
104929,1,0,4,0,2,5,4,1,1,4,2,1,0,0,2,3,4,4,5,2,2,9,3,3,22,5,3,0,1,1,0,1,0
104930,1,3,1,4,4,0,3,2,4,2,5,5,5,3,5,0,4,1,0,4,4,9,0,2,30,2,6,1,1,0,1,0,1
104931,0,2,3,5,0,0,2,2,4,0,3,1,1,2,0,0,1,3,2,5,0,2,1,1,11,1,10,0,0,0,0,1,0
104932,4,5,5,3,2,4,5,3,1,0,5,2,2,3,2,3,4,0,4,3,5,9,0,0,19,1,8,1,1,1,0,1,1
104933,5,2,0,2,5,0,0,5,4,0,1,4,3,4,2,5,1,3,4,1,0,6,3,2,21,3,4,0,0,1,1,1,1
104934,4,1,2,0,1,4,4,3,1,0,3,4,5,3,1,5,4,4,4,5,1,6,3,3,26,3,0,0,1,1,0,1,1
104935,2,5,5,3,1,5,2,5,4,3,2,1,5,0,3,5,4,0,2,0,1,6,3,2,29,6,4,1,1,1,1,0,1
104936,3,4,1,1,0,0,3,4,5,5,4,4,1,4,2,0,1,0,5,0,3,5,1,0,20,1,8,1,0,1,1,0,0
104937,5,3,1,3,3,4,2,4,1,4,0,1,2,5,1,2,4,0,1,0,4,10,3,2,22,2,10,1,1,1,1,1,1
104938,3,5,2,1,5,0,0,1,5,4,1,4,3,3,3,3,0,5,5,0,1,8,2,4,2,0,9,1,1,0,1,0,1
104939,1,4,4,5,2,1,5,3,4,5,1,0,2,1,1,3,3,5,5,1,1,5,1,4,11,1,2,1,1,0,0,1,1
104940,2,5,1,5,2,3,4,0,3,3,5,5,0,4,4,2,3,3,1,4,4,1,3,2,24,6,8,1,1,1,1,1,0
104941,4,4,4,1,4,4,3,5,1,0,5,0,4,3,2,5,5,3,4,4,1,9,2,4,28,6,0,1,1,1,1,1,1
104942,2,2,1,1,2,0,0,1,3,2,0,5,3,5,2,1,3,2,1,2,2,10,2,2,23,6,4,0,0,0,0,0,1
104943,5,0,2,5,2,0,4,1,5,4,2,4,0,3,1,5,0,3,5,5,2,8,2,3,11,0,8,1,1,0,1,1,1
104944,5,3,3,0,4,1,5,5,0,2,3,0,3,4,5,2,5,1,2,0,3,10,1,3,6,2,1,1,1,1,1,1,0
104945,0,4,0,3,1,4,4,0,5,1,5,4,5,4,1,3,1,2,2,2,4,7,2,2,19,6,1,0,1,1,0,0,1
104946,4,5,4,0,5,2,1,3,0,2,2,2,3,0,3,2,4,0,4,5,5,4,0,4,4,3,10,1,1,1,0,1,0
104947,2,4,4,2,1,1,1,3,5,4,4,5,2,1,3,2,4,3,1,5,5,5,1,4,24,3,2,1,1,0,1,1,1
104948,3,3,5,0,3,0,2,1,3,2,4,5,4,2,0,3,1,5,0,0,1,6,1,3,13,4,4,0,0,0,0,0,1
104949,1,3,1,0,1,5,0,2,5,2,3,5,1,4,0,3,0,4,5,2,2,0,3,2,21,4,1,0,0,1,0,0,0
104950,2,0,2,2,3,4,3,4,1,2,4,3,0,1,0,4,3,3,5,4,3,7,2,1,2,1,6,0,0,0,1,1,0
104951,1,0,5,0,2,5,2,4,0,2,0,5,2,2,5,0,2,1,0,5,2,0,1,0,9,5,4,0,0,0,0,0,0
104952,0,0,0,4,1,2,3,3,2,1,1,2,1,0,3,0,3,4,4,2,3,8,3,3,2,5,9,0,0,0,0,1,0
104953,4,5,2,3,4,4,5,3,4,1,5,0,2,3,0,2,5,5,0,1,2,8,3,3,10,3,5,1,1,1,1,1,1
104954,0,4,2,2,5,3,3,2,4,0,0,5,4,3,4,1,4,5,5,2,3,9,0,0,26,1,1,0,1,1,0,1,1
104955,2,1,2,2,0,3,2,3,4,4,3,0,5,3,5,4,1,5,1,3,3,3,2,3,12,5,7,0,0,1,1,0,1
104956,1,2,2,5,3,2,4,0,4,1,4,3,3,3,3,3,4,1,4,2,0,7,1,3,25,2,1,1,1,1,0,1,1
104957,0,2,4,5,4,3,2,0,4,5,3,3,3,5,3,0,1,1,1,4,5,3,0,2,16,4,3,0,1,1,1,1,0
104958,2,1,1,0,4,2,4,4,5,5,5,2,5,0,4,0,3,0,5,2,0,8,3,1,15,0,0,1,0,0,1,0,0
104959,5,2,5,4,1,3,5,1,1,4,5,4,5,4,2,5,1,5,1,4,2,3,1,3,21,6,6,1,1,1,1,0,0
104960,5,2,5,2,0,2,5,4,1,5,0,1,4,3,0,3,5,2,4,0,5,3,3,0,15,1,10,1,1,0,1,1,1
104961,2,4,1,4,3,5,3,0,0,5,3,5,5,2,4,5,2,3,5,5,0,0,1,1,18,6,1,0,0,0,1,0,0
104962,3,4,5,4,3,5,2,1,2,4,4,5,2,1,1,3,1,2,2,4,1,5,3,3,12,4,7,1,1,1,1,1,0
104963,5,0,1,4,1,2,2,5,1,2,4,5,4,5,3,2,5,4,0,4,4,1,2,3,30,2,7,0,0,0,0,1,1
104964,1,2,0,4,2,2,3,1,3,5,3,5,3,5,0,2,4,0,4,3,4,9,3,4,6,6,9,1,0,1,1,1,1
104965,5,5,2,1,3,4,5,5,3,2,2,4,3,2,2,4,1,1,0,0,5,7,2,4,26,2,0,1,0,1,1,1,1
104966,0,5,4,5,2,3,5,1,3,0,1,5,3,4,2,5,0,2,5,2,4,7,0,0,20,0,6,1,0,0,0,1,0
104967,1,4,5,4,2,1,3,3,3,3,2,5,0,0,1,2,5,0,2,3,3,10,1,0,18,5,7,1,1,1,0,1,0
104968,2,4,3,1,4,5,1,4,5,0,0,4,0,0,3,2,5,3,5,3,1,8,1,0,11,0,8,0,1,0,0,1,1
104969,0,0,4,1,5,4,2,3,0,0,5,4,5,5,2,2,1,4,0,1,5,2,0,2,9,0,8,0,0,0,0,0,0
104970,4,5,1,3,4,3,1,1,1,0,4,1,2,5,5,5,1,0,5,2,2,4,2,0,10,3,8,0,1,1,0,1,0
104971,5,4,5,2,0,4,1,4,2,5,1,1,0,0,4,0,4,4,0,3,1,0,2,4,12,5,9,1,1,1,1,0,1
104972,2,5,3,4,2,1,0,1,0,0,0,2,0,0,2,1,4,4,4,1,0,5,0,4,4,3,1,0,0,0,0,0,0
104973,5,5,0,2,0,4,4,4,4,2,3,2,0,0,1,4,2,0,2,5,5,6,3,4,5,6,8,1,1,1,1,1,0
104974,4,1,0,1,5,0,4,2,2,4,5,1,1,0,2,5,4,2,3,0,0,1,1,0,17,2,1,0,0,0,0,0,0
104975,4,0,1,2,3,4,1,5,1,4,5,1,4,2,1,1,1,4,1,0,1,8,1,2,24,1,2,1,0,0,0,0,0
104976,4,3,0,4,1,3,4,5,3,0,1,1,4,2,4,3,2,3,3,4,5,7,0,3,30,0,2,1,1,1,1,1,1
104977,3,2,1,4,5,3,0,4,1,5,2,3,0,3,5,1,2,0,3,3,4,4,0,1,13,0,10,0,1,0,1,1,0
104978,0,0,5,1,3,4,1,2,2,5,3,4,3,0,4,5,1,3,1,4,3,6,1,0,28,6,1,1,0,1,0,0,0
104979,5,1,1,4,0,1,1,2,3,5,3,4,3,5,5,0,4,1,4,3,0,2,0,1,24,2,5,0,0,0,1,0,1
104980,3,5,3,0,0,4,0,2,1,3,1,0,5,4,1,3,4,2,2,1,1,10,3,3,7,4,1,0,1,1,1,0,1
104981,5,2,5,5,4,0,4,2,4,3,4,3,5,4,0,3,3,0,2,1,4,6,0,1,9,4,9,1,1,0,1,1,0
104982,5,1,1,4,1,4,0,2,1,1,4,2,5,5,4,5,1,4,0,0,3,5,2,4,15,6,8,0,0,0,0,0,1
104983,1,3,4,0,3,4,2,2,0,0,4,4,4,1,5,3,3,1,0,1,0,4,0,4,7,3,5,0,1,1,0,0,1
104984,2,3,2,4,5,0,2,4,2,4,0,5,4,4,3,2,1,3,0,3,3,5,0,0,15,4,5,0,0,0,1,1,0
104985,1,1,1,2,1,4,3,5,1,5,4,1,4,2,2,2,1,2,3,3,0,6,1,4,7,1,1,0,0,0,1,0,0
104986,0,5,5,5,0,4,1,5,4,4,2,4,4,2,3,3,3,0,0,3,0,5,3,3,12,3,1,1,1,1,1,1,1
104987,5,3,3,1,0,3,2,3,3,3,4,3,5,4,0,5,1,0,0,2,1,7,0,1,12,1,0,0,0,0,0,0,0
104988,5,0,2,5,5,3,4,5,0,3,3,1,0,1,5,0,4,0,2,3,2,9,2,3,9,3,10,1,1,1,1,1,0
104989,5,1,4,5,3,0,2,5,2,1,3,3,0,0,0,4,4,0,4,0,3,5,2,4,5,2,1,0,1,0,0,1,1
104990,5,5,5,1,1,5,5,2,5,0,3,0,1,2,4,3,0,0,0,1,3,6,2,1,23,4,5,1,1,1,1,1,1
104991,3,0,4,2,0,5,2,2,4,1,1,0,5,4,2,1,1,0,3,4,5,10,1,1,2,6,7,1,1,1,1,1,1
104992,3,0,5,3,4,4,4,2,3,2,3,2,4,0,4,2,3,5,5,4,2,5,2,4,12,0,10,1,1,1,1,1,1
104993,5,3,1,1,0,0,0,0,5,1,5,5,2,5,4,3,0,5,5,4,1,5,0,2,23,6,4,0,0,0,1,0,1
104994,3,2,2,5,0,2,5,1,0,3,0,3,1,5,4,4,4,2,5,1,1,3,0,3,24,1,1,0,0,1,0,1,0
104995,3,1,1,1,3,4,2,2,4,4,1,4,1,2,4,5,3,0,5,3,2,7,0,4,13,1,2,0,0,1,1,0,1
104996,1,2,4,1,3,4,5,4,0,4,0,5,2,1,3,2,2,3,4,3,2,10,3,1,4,6,0,1,1,1,0,1,0
104997,4,1,4,3,3,5,4,1,3,4,2,2,5,4,3,4,2,4,4,3,1,7,1,3,24,0,1,1,1,1,1,1,1
104998,4,2,3,2,5,3,4,3,0,1,1,3,5,1,0,3,2,3,3,1,4,7,2,0,28,6,9,1,1,1,1,1,0
104999,4,1,3,0,1,4,0,1,2,5,3,1,5,1,4,4,3,2,4,1,3,10,3,1,7,4,3,0,0,0,0,0,1
105000,2,3,4,5,3,2,3,2,0,5,0,1,4,4,2,5,3,2,5,2,4,1,1,4,23,3,3,1,0,0,1,1,1
105001,1,4,1,1,1,4,4,0,1,2,0,5,3,1,2,0,0,0,1,2,0,3,0,1,18,0,5,0,1,0,0,0,0
105002,0,5,2,0,2,3,4,3,3,1,1,4,0,3,4,5,1,2,1,2,3,1,0,0,11,4,5,0,0,0,1,0,0
105003,3,0,4,3,0,4,2,0,4,5,3,0,3,1,0,1,4,0,3,4,5,10,2,1,29,4,9,1,1,1,1,1,0
105004,4,1,0,5,4,1,3,1,5,5,0,2,4,5,1,5,5,2,3,3,4,6,3,4,22,5,4,1,1,1,1,1,1
105005,4,1,5,0,4,1,1,3,5,2,3,4,2,1,5,2,5,0,5,5,1,7,1,2,8,6,10,0,0,1,1,1,0
105006,5,3,1,2,4,0,2,4,0,0,3,4,4,5,5,1,1,1,4,0,0,7,3,0,18,6,10,0,0,1,1,1,1
105007,2,3,4,5,0,4,2,2,5,3,1,3,3,4,5,0,5,1,1,4,5,9,2,3,8,5,4,1,0,1,1,1,1
105008,4,5,3,5,0,4,0,1,1,4,0,0,5,2,0,5,4,1,4,2,0,3,2,4,9,0,0,0,0,1,1,1,1
105009,4,5,5,1,4,1,5,5,5,2,4,2,0,4,2,4,1,0,0,4,2,2,0,3,23,5,4,1,1,1,1,1,1
105010,1,4,4,3,3,2,3,2,5,0,2,2,4,5,3,2,4,3,5,3,4,0,2,1,12,4,3,1,0,0,1,0,1
105011,5,1,3,5,0,3,1,1,5,4,3,1,2,3,1,5,4,1,2,0,3,10,0,2,10,6,1,0,1,0,0,0,1
105012,0,0,4,4,3,4,5,0,3,4,4,2,0,5,0,5,4,4,1,4,1,6,2,4,18,3,6,0,1,1,1,1,0
105013,3,5,2,3,5,1,4,2,4,5,0,2,1,5,0,1,5,3,2,1,5,6,1,0,8,3,6,1,0,0,1,1,0
105014,5,5,3,4,4,2,4,1,2,5,4,3,4,5,4,3,5,1,4,1,1,1,1,4,16,1,10,1,1,0,1,1,1
105015,3,1,5,2,1,1,5,2,0,2,0,1,1,5,4,3,4,1,5,1,5,6,1,1,6,3,6,1,0,0,0,1,0
105016,5,0,0,0,1,4,2,1,2,1,3,2,3,5,3,4,3,0,0,4,0,5,3,1,8,6,1,1,0,0,0,0,0
105017,0,4,2,3,4,5,2,1,1,0,0,5,1,0,0,3,3,5,4,3,0,10,3,4,11,0,0,1,1,1,0,1,0
105018,3,3,0,3,2,4,3,4,0,0,0,2,2,3,2,1,5,4,3,5,2,9,2,4,26,4,0,1,0,1,1,1,1
105019,4,5,3,5,4,4,5,2,0,4,2,1,0,4,2,1,2,3,1,0,2,0,2,1,10,3,5,1,1,1,0,1,0
105020,3,3,4,5,5,4,4,4,1,5,3,4,4,0,0,1,3,0,0,3,3,5,0,3,29,2,8,1,1,1,1,1,0
105021,5,4,0,2,2,5,4,3,4,3,1,1,5,3,1,2,2,3,2,1,3,7,1,0,9,2,7,0,0,1,1,1,0
105022,2,4,3,5,3,2,4,3,5,5,1,1,3,5,2,3,5,3,2,4,1,1,1,3,21,0,3,0,1,0,1,1,1
105023,4,0,2,0,2,1,0,2,5,1,1,4,2,4,1,5,5,5,4,1,2,9,0,4,24,2,4,0,0,0,1,0,1
105024,2,0,4,5,3,5,2,2,3,4,3,1,5,1,2,0,0,2,3,4,2,5,2,1,19,3,4,1,0,0,1,1,0
105025,5,4,1,0,0,0,2,1,5,2,2,0,5,2,1,2,0,0,4,2,5,10,2,1,14,4,0,0,0,0,1,0,0
105026,0,1,0,3,5,2,2,5,1,2,5,0,5,5,1,3,5,4,4,5,5,1,3,4,22,5,9,1,1,1,1,1,1
105027,1,1,0,4,3,4,5,2,5,3,2,4,4,1,5,2,3,2,1,2,3,3,3,3,23,6,3,1,0,1,1,1,0
105028,0,4,2,3,1,4,2,5,5,0,3,1,1,3,1,0,3,4,2,0,1,8,3,4,8,6,4,1,1,1,1,0,1
105029,4,1,2,5,3,4,5,4,0,2,5,2,0,5,3,4,0,5,4,1,3,4,3,0,13,2,7,1,1,1,0,0,1
105030,1,0,5,3,2,2,5,3,2,2,5,3,2,2,5,1,5,5,5,1,2,5,1,0,9,6,7,0,0,0,0,1,1
105031,1,0,2,0,4,5,2,5,1,2,2,1,3,0,1,4,4,3,2,1,0,1,0,0,5,2,7,0,0,0,0,0,0
105032,5,2,1,3,4,1,1,3,0,4,1,1,1,4,1,1,2,1,3,3,2,4,3,4,2,1,2,1,1,0,0,1,1
105033,2,3,4,1,2,0,4,4,1,1,2,0,0,2,3,4,5,3,1,4,2,1,1,0,10,0,3,0,0,0,0,0,0
105034,0,4,0,3,4,3,5,4,5,0,1,0,1,2,0,1,3,0,0,2,3,6,2,0,3,5,7,0,0,0,0,1,0
105035,0,5,2,2,0,1,2,3,1,3,2,5,2,5,3,3,5,3,1,0,4,9,2,1,15,4,3,0,0,0,1,0,1
105036,1,3,3,0,5,2,1,4,3,0,0,5,1,0,0,0,3,3,1,1,4,2,2,1,10,5,7,0,0,0,0,0,0
105037,5,4,1,3,3,2,3,4,5,5,2,3,2,4,4,1,2,5,3,2,5,0,1,3,5,1,4,1,0,0,1,1,1
105038,3,1,3,0,3,1,5,1,4,5,0,2,3,4,3,4,4,2,5,5,5,3,3,1,5,5,6,0,1,0,0,1,1
105039,5,2,2,1,3,5,3,5,2,2,5,4,0,5,2,1,0,4,3,3,0,9,3,1,10,3,10,0,1,1,1,1,1
105040,1,1,5,3,1,2,2,3,0,4,0,4,0,1,2,2,3,2,5,4,2,3,2,4,13,2,7,1,1,0,1,1,0
105041,2,0,1,5,4,4,2,0,2,3,5,2,0,0,1,2,5,3,2,1,0,3,3,3,13,3,7,1,0,1,1,0,0
105042,0,5,5,1,2,0,4,0,1,4,5,4,4,5,0,1,5,5,4,1,2,6,2,3,10,3,5,1,1,0,1,0,1
105043,2,1,3,1,4,5,2,4,5,1,5,0,4,0,5,3,1,2,0,0,4,9,3,3,26,5,10,0,0,1,1,0,1
105044,3,2,4,1,0,5,4,4,5,5,2,0,0,5,0,1,2,2,4,1,3,6,2,4,26,5,2,1,1,1,1,1,0
105045,4,2,1,3,0,0,5,3,1,5,4,5,5,4,1,3,1,2,2,5,4,2,1,4,9,0,7,0,1,0,1,1,0
105046,2,0,0,1,5,3,4,3,0,3,5,3,1,2,0,4,3,3,3,3,5,1,3,1,30,0,5,0,0,0,1,1,1
105047,4,5,4,3,4,3,5,5,4,5,5,4,5,2,2,4,3,0,1,3,5,6,3,2,9,3,0,1,1,1,1,1,1
105048,3,1,2,4,0,1,4,5,5,1,5,3,1,4,4,1,5,0,3,2,0,9,2,3,9,4,0,0,1,0,1,0,1
105049,1,0,1,0,1,4,5,4,5,4,2,0,4,5,1,4,5,3,4,0,1,8,1,2,8,6,8,0,0,0,1,1,1
105050,5,2,5,5,3,4,0,0,4,5,4,0,2,0,5,4,3,4,5,1,5,2,0,3,7,4,8,1,1,0,0,1,1
105051,2,0,1,3,0,5,2,4,2,4,1,3,4,0,3,3,1,0,0,1,2,1,0,3,11,4,1,0,0,0,0,0,0
105052,0,5,2,3,2,3,1,3,2,5,5,0,0,4,5,4,2,2,2,5,4,9,0,0,9,3,9,1,1,1,1,0,0
105053,5,1,4,3,1,4,5,4,0,1,2,5,3,2,2,2,2,4,3,1,2,9,3,1,3,1,0,1,0,1,0,0,1
105054,5,1,5,5,0,4,1,4,5,0,1,1,5,2,3,0,2,1,4,5,2,3,3,0,4,6,0,0,0,1,1,0,0
105055,0,1,5,3,1,4,5,4,5,3,1,4,0,0,1,3,1,5,0,1,1,6,2,3,3,1,9,0,1,0,1,1,0
105056,5,0,3,5,1,3,4,5,5,1,5,1,2,1,2,5,4,2,4,2,3,5,2,0,17,5,6,1,1,0,1,1,1
105057,5,0,0,1,0,4,0,0,3,3,1,4,5,3,5,2,4,4,0,0,0,1,3,4,21,3,3,0,0,0,0,0,1
105058,4,3,0,1,3,0,4,5,5,2,4,1,5,5,1,3,5,1,2,3,5,5,3,2,26,6,3,1,1,1,1,1,1
105059,1,1,4,3,1,3,2,2,0,5,1,3,3,0,2,4,0,5,1,0,4,4,2,2,14,0,10,0,0,1,0,0,0
105060,3,0,3,0,0,1,1,1,2,0,3,1,0,2,4,5,1,3,2,2,1,7,0,2,11,5,3,0,0,0,0,0,0
105061,3,1,0,0,0,2,5,4,0,5,3,5,5,4,1,2,0,2,2,5,3,4,2,2,25,2,4,0,0,0,0,0,1
105062,3,1,4,1,5,4,4,5,3,1,3,3,1,4,4,1,1,1,1,5,5,2,2,0,24,4,2,1,1,1,0,0,0
105063,3,2,5,1,0,0,4,0,0,1,1,3,2,2,1,3,0,4,4,0,0,5,2,4,24,2,7,0,0,0,0,0,1
105064,3,5,0,0,5,4,1,5,1,0,5,1,5,2,5,4,1,2,5,2,1,7,1,1,28,6,4,1,1,1,0,0,1
105065,3,1,4,4,0,1,3,2,2,4,5,1,0,5,4,4,3,5,5,3,3,2,0,3,24,5,9,1,1,0,1,1,1
105066,4,4,2,3,0,4,2,5,0,4,5,4,2,5,5,3,1,0,0,1,5,4,0,3,2,2,9,1,1,1,1,0,1
105067,3,4,2,1,3,4,3,0,0,5,2,0,3,4,3,5,3,5,3,0,0,10,2,0,9,2,7,0,0,0,1,0,1
105068,0,0,4,1,5,0,2,3,5,0,1,0,0,4,4,1,0,1,1,2,0,8,1,0,18,6,6,0,0,1,0,0,0
105069,0,3,1,5,0,1,3,3,1,2,3,3,2,4,4,1,4,0,5,2,2,4,3,0,13,1,2,0,0,0,0,1,0
105070,5,2,0,5,1,4,4,4,5,5,0,3,0,4,1,5,4,2,4,1,4,6,0,3,9,1,10,1,0,1,1,1,1
105071,5,3,5,0,4,2,1,2,2,0,4,1,3,3,0,1,4,1,5,5,3,10,1,4,6,6,10,1,1,1,1,1,1
105072,3,1,2,3,0,2,0,0,0,3,1,4,5,0,5,4,2,4,2,3,0,8,2,2,19,1,4,0,0,0,0,0,0
105073,1,2,1,1,1,0,0,1,0,1,1,0,1,5,3,1,1,5,0,2,2,8,0,3,28,2,9,0,0,0,0,0,1
105074,4,0,4,2,1,4,5,1,4,2,4,2,1,4,0,4,2,3,4,0,2,9,3,0,3,6,8,0,1,0,1,0,1
105075,0,5,1,3,4,0,5,5,0,4,3,5,0,2,3,5,5,3,3,5,2,1,1,1,8,1,1,1,0,1,0,0,1
105076,2,3,4,5,4,1,4,0,5,4,0,1,2,3,1,5,5,0,4,3,0,4,3,3,2,6,1,1,1,1,0,0,1
105077,1,0,0,3,4,2,0,5,1,0,5,4,0,0,2,3,3,1,2,5,2,8,0,4,28,6,4,0,0,0,1,1,1
105078,0,3,3,5,3,4,3,3,3,3,3,1,5,4,4,1,5,3,3,4,0,2,2,4,4,1,3,0,1,1,1,1,1
105079,4,5,2,4,0,2,2,3,2,2,1,1,0,2,3,2,1,4,0,3,2,2,3,0,11,5,4,1,0,0,0,0,0
105080,3,4,5,4,1,5,1,5,0,4,2,1,4,5,3,4,3,2,2,1,4,0,3,2,24,2,6,1,0,1,1,1,1
105081,1,1,3,4,5,3,2,4,4,5,2,1,1,1,3,3,1,4,3,1,0,10,0,3,10,3,5,0,0,0,1,1,1
105082,3,5,5,4,4,1,4,3,0,5,5,0,4,4,1,1,0,2,4,1,5,3,3,2,12,0,6,1,1,1,1,1,0
105083,0,1,1,1,1,1,5,4,4,0,3,5,0,2,4,3,4,5,2,4,3,1,2,1,11,4,10,0,0,0,0,0,1
105084,2,1,2,5,4,4,5,2,3,4,4,3,2,2,3,5,2,0,0,2,4,6,0,0,26,1,5,0,0,0,0,1,0
105085,3,0,4,5,4,2,1,5,1,5,0,5,0,1,2,0,3,5,2,0,2,9,1,3,29,4,10,1,1,1,0,1,1
105086,2,5,0,3,4,3,3,4,5,4,3,3,4,5,4,3,5,3,4,3,5,7,0,4,8,2,9,1,1,1,1,1,1
105087,4,4,5,4,5,2,3,5,1,2,0,5,1,1,3,3,2,5,0,0,1,0,3,0,13,6,8,1,1,1,0,0,1
105088,1,3,4,5,3,1,1,3,1,4,2,2,3,4,1,5,5,1,3,0,0,7,3,4,9,1,5,1,1,0,1,1,1
105089,0,4,4,0,0,3,2,3,3,0,3,1,2,0,4,1,3,0,5,5,2,4,0,4,5,2,6,0,0,0,0,0,0
105090,3,1,1,0,4,1,2,2,2,2,5,5,1,4,3,1,1,1,5,3,3,1,2,4,6,1,9,0,0,0,0,0,0
105091,5,0,4,5,0,5,0,5,2,4,1,4,1,2,0,2,0,3,1,1,5,9,2,1,28,0,4,1,1,1,1,1,0
105092,2,5,5,3,3,4,2,3,4,3,1,5,3,5,1,1,5,4,4,3,2,5,3,3,27,2,0,1,1,1,1,1,1
105093,0,5,1,4,4,4,2,0,5,1,5,5,1,2,4,5,4,4,1,2,0,9,1,1,19,6,7,0,1,1,0,1,1
105094,5,0,3,3,0,1,1,3,4,3,3,1,5,0,2,4,1,0,3,5,5,8,2,3,23,5,9,1,0,0,1,1,1
105095,2,0,0,3,4,0,3,0,0,0,4,3,4,4,4,2,4,2,4,5,4,3,2,0,29,5,8,0,0,0,0,1,1
105096,1,3,2,0,4,0,4,3,5,5,5,4,2,2,1,2,4,4,4,5,3,8,0,4,3,6,1,0,0,1,1,1,0
105097,3,0,0,1,3,5,0,4,2,3,0,5,2,0,5,0,0,4,2,1,0,3,3,2,22,1,8,0,1,1,0,0,1
105098,1,4,3,0,1,5,2,4,5,3,3,0,2,0,4,0,5,2,1,1,5,6,1,4,24,1,6,1,0,1,1,1,1
105099,5,5,3,2,1,4,0,0,1,2,0,5,4,2,1,3,0,2,5,3,3,7,0,4,16,2,0,0,1,1,1,1,0
105100,1,1,3,0,4,3,4,2,3,1,5,4,2,4,1,3,0,1,2,3,5,1,1,4,24,6,7,1,1,0,1,1,0
105101,3,1,4,4,0,1,5,2,5,1,2,2,2,5,1,4,2,1,2,0,0,9,3,3,8,6,5,1,1,1,0,1,1
105102,3,5,5,1,4,4,2,2,5,2,2,4,4,2,3,0,1,3,3,4,2,4,2,0,4,0,9,1,0,1,1,0,1
105103,1,2,1,4,1,3,5,5,3,2,1,1,1,5,2,0,2,2,0,2,1,10,3,4,9,4,10,1,0,1,1,1,1
105104,2,1,1,0,2,3,3,3,3,2,3,2,3,4,4,3,3,1,4,4,4,0,0,3,5,2,3,1,0,0,0,1,0
105105,0,0,1,0,3,0,5,2,0,3,3,1,2,3,1,0,2,0,5,2,1,9,1,1,28,1,0,0,0,0,0,0,0
105106,3,5,5,2,0,3,5,5,3,2,5,2,2,0,0,5,2,5,1,0,5,7,1,1,21,4,2,1,0,1,1,0,0
105107,4,5,0,4,4,4,3,3,2,1,0,1,4,5,0,2,3,4,4,3,2,10,2,3,6,0,10,1,1,1,1,1,1
105108,5,0,0,4,4,4,2,2,0,3,4,3,0,3,3,3,5,0,4,0,2,4,0,4,7,6,9,1,1,1,0,0,1
105109,1,4,0,3,0,0,4,3,5,1,5,2,3,4,5,4,4,3,2,4,3,1,2,0,3,2,0,0,0,0,1,0,1
105110,1,0,4,3,5,0,1,5,2,5,5,1,1,0,1,3,2,4,1,1,4,2,2,0,2,6,3,0,0,0,0,0,1
105111,3,0,3,4,4,5,1,2,4,4,3,2,0,5,4,0,4,3,2,3,2,8,0,3,2,0,4,0,1,0,0,1,1
105112,4,2,5,4,5,1,3,3,0,1,4,3,1,2,2,1,5,4,1,1,0,2,1,2,22,5,8,0,1,1,0,0,0
105113,5,2,1,4,3,2,1,1,1,4,0,4,4,2,1,2,0,3,2,0,5,1,3,3,28,0,0,0,1,0,0,0,0
105114,0,5,2,0,3,3,2,0,5,5,0,5,4,3,4,0,1,1,2,4,2,0,2,4,22,2,0,0,0,0,1,0,1
105115,1,4,3,2,2,2,5,0,5,4,4,1,1,0,0,3,5,2,2,1,0,0,1,3,4,1,4,0,1,0,1,0,0
105116,1,0,0,5,1,5,4,2,0,4,1,2,2,4,5,0,5,4,1,4,3,9,3,3,4,6,0,1,1,0,0,1,1
105117,1,3,5,2,1,5,5,4,5,1,4,4,5,1,5,0,4,5,5,3,4,4,3,0,20,2,1,1,1,0,1,1,1
105118,2,5,4,0,1,2,5,1,1,1,4,1,2,3,5,4,4,2,2,2,2,0,3,0,6,0,8,1,0,1,0,0,1
105119,5,3,0,3,1,1,1,5,1,3,4,4,1,3,5,0,5,2,3,2,0,10,3,4,4,4,9,1,1,1,0,1,1
105120,0,1,5,1,4,5,4,0,5,1,5,3,2,4,5,0,0,5,3,2,5,3,3,4,7,0,0,1,1,1,0,1,1
105121,4,0,2,3,3,4,2,4,3,0,1,0,4,4,2,2,3,1,2,2,5,9,0,4,23,5,9,1,1,1,1,1,0
105122,3,2,2,3,2,4,5,1,4,5,4,3,2,1,0,5,1,2,2,3,3,6,0,1,21,4,3,0,1,0,0,0,0
105123,3,2,5,4,4,2,1,0,0,2,4,0,3,4,3,1,5,4,1,0,1,4,0,4,20,5,0,1,1,0,1,0,1
105124,4,2,3,5,4,2,1,4,4,4,1,3,4,3,2,2,0,1,5,0,3,8,0,4,10,1,1,0,1,1,1,1,1
105125,0,0,1,4,5,1,5,3,2,4,1,1,5,5,4,4,0,3,4,3,3,3,2,0,11,4,4,1,0,0,0,0,1
105126,4,0,4,5,1,2,1,3,4,0,3,0,4,2,4,5,3,5,4,2,5,10,0,1,10,6,6,1,1,0,1,1,1
105127,1,3,4,0,1,3,3,5,3,1,5,4,2,3,4,1,1,5,3,4,5,0,2,1,29,1,3,1,0,0,0,0,1
105128,3,5,1,4,0,0,1,3,0,3,3,4,4,0,4,0,5,3,2,0,4,3,1,2,15,3,3,0,0,0,1,0,1
105129,4,3,4,2,0,3,1,5,5,3,0,1,4,2,5,1,1,0,3,0,3,10,1,3,7,2,5,0,1,1,1,0,0
105130,3,2,3,4,3,3,4,2,1,1,2,0,1,5,2,4,4,4,5,0,1,0,1,0,10,1,3,0,0,0,1,1,0
105131,1,5,1,0,4,5,4,2,2,0,2,5,4,4,3,2,2,5,0,5,0,0,2,1,18,0,2,0,1,1,0,0,0
105132,2,4,2,3,3,0,1,2,4,3,3,2,4,5,1,5,3,2,1,4,4,8,3,4,20,6,9,1,1,1,1,1,1
105133,2,4,5,0,5,1,5,2,5,1,3,5,1,5,3,2,5,4,1,2,0,3,3,0,5,5,4,1,1,1,1,1,1
105134,0,3,1,3,3,2,0,5,5,1,5,2,1,1,3,2,3,2,3,3,3,5,3,3,3,2,0,1,1,0,0,0,1
105135,4,4,4,1,5,5,0,3,2,2,5,4,4,1,0,4,1,5,1,1,3,4,1,1,11,1,10,0,1,1,1,0,1
105136,0,3,4,0,1,1,5,5,2,2,3,5,0,0,4,5,5,5,2,2,1,4,1,0,19,1,2,1,0,0,0,0,1
105137,2,3,5,0,1,5,0,1,4,2,0,4,1,3,4,4,5,3,0,1,1,10,2,1,26,2,3,0,1,1,0,0,1
105138,3,3,1,1,4,5,1,4,1,2,1,5,3,4,4,1,2,3,5,4,5,7,3,4,6,0,6,1,1,1,1,1,1
105139,0,4,1,5,3,0,0,0,3,3,1,0,2,4,1,1,2,4,5,4,4,3,0,2,25,3,3,0,1,0,1,0,0
105140,5,5,5,5,2,2,1,1,1,3,3,4,0,5,1,0,4,4,2,3,2,10,1,4,2,6,0,1,1,1,1,1,1
105141,2,1,2,0,5,1,0,0,1,0,0,4,0,2,0,3,3,1,3,1,4,2,0,2,24,5,2,0,0,0,0,0,0
105142,0,4,3,5,4,2,2,5,3,1,1,4,0,2,0,5,0,5,0,1,0,2,0,4,12,5,8,0,1,0,0,0,1
105143,3,0,3,3,1,5,1,1,5,3,0,3,3,3,4,1,1,3,4,2,1,7,1,0,4,6,7,0,1,0,1,0,0
105144,3,3,3,1,3,2,0,4,1,4,4,1,0,4,5,1,0,4,1,3,5,6,2,0,26,5,8,0,1,1,1,1,0
105145,3,5,3,5,2,3,4,2,4,0,1,3,4,5,2,5,1,0,2,5,4,0,2,4,23,1,4,1,1,1,1,1,1
105146,4,3,2,1,2,0,0,0,0,4,5,4,3,0,2,0,1,4,1,1,0,6,1,3,8,2,10,0,0,1,0,0,0
105147,2,1,2,1,4,3,2,2,4,0,2,5,3,2,2,1,5,1,3,4,1,6,1,4,21,1,3,1,1,0,0,0,0
105148,4,3,2,1,4,2,1,2,2,3,4,4,1,1,4,2,5,0,2,0,2,6,3,4,7,4,9,0,1,1,0,0,1
105149,2,2,3,0,0,5,3,3,0,1,3,5,1,1,5,5,0,4,4,0,2,2,3,3,28,6,2,1,1,1,0,0,0
105150,3,2,4,2,3,4,2,1,3,5,5,4,4,0,5,5,4,1,4,5,3,5,3,4,17,4,8,0,1,1,1,1,1
105151,0,1,3,0,3,1,2,4,1,4,0,0,3,3,0,5,4,1,1,1,5,1,2,0,29,1,7,0,0,0,0,0,1
105152,3,3,4,1,3,3,4,4,3,4,4,4,2,3,5,5,5,4,4,5,4,10,2,4,18,6,1,1,1,1,1,1,1
105153,1,1,2,2,1,2,0,0,0,4,3,4,1,2,0,0,5,2,4,2,4,10,0,3,15,4,1,0,0,0,0,1,0
105154,4,2,4,3,3,2,2,3,2,0,2,0,2,3,2,0,2,5,0,3,0,2,3,4,19,3,0,0,1,0,0,1,0
105155,4,5,2,5,5,2,3,3,1,5,4,1,1,4,1,5,2,3,0,0,2,3,3,3,7,1,10,1,1,1,1,1,1
105156,5,4,2,0,0,4,4,1,1,0,3,1,3,3,3,2,1,2,0,0,4,9,1,4,20,1,5,1,0,1,1,0,1
105157,5,2,0,3,3,1,3,4,0,3,3,3,1,5,1,0,5,4,5,5,4,4,1,3,7,5,6,0,0,1,1,1,1
105158,0,5,1,0,5,0,4,1,1,3,3,4,4,1,3,3,0,4,1,2,4,7,0,1,18,0,8,0,0,0,0,0,0
105159,0,0,4,5,2,1,4,5,0,5,0,5,0,5,5,5,3,3,5,4,4,10,3,2,5,1,6,0,1,0,1,1,1
105160,5,5,0,1,2,4,4,2,3,4,2,0,4,0,0,4,2,0,2,3,1,9,2,4,6,1,0,1,1,1,1,0,0
105161,2,2,1,5,1,1,3,2,2,4,5,5,0,0,5,2,2,1,1,4,4,6,1,3,6,6,6,1,0,0,0,0,0
105162,0,4,4,4,1,0,5,3,1,5,0,0,1,3,2,1,5,0,3,1,4,8,3,3,16,0,10,1,1,1,0,1,1
105163,1,5,5,1,2,2,0,3,3,0,1,3,5,2,3,4,2,3,5,5,1,9,0,3,8,0,0,0,0,0,1,0,0
105164,5,3,2,1,4,5,2,3,5,0,4,5,4,3,2,0,0,0,2,1,1,7,2,1,8,1,6,0,1,1,1,1,0
105165,2,3,2,1,1,5,4,4,3,1,0,2,5,5,1,0,5,5,0,4,1,3,0,2,13,1,9,1,1,0,1,1,1
105166,0,4,3,2,1,5,0,1,1,1,0,5,3,2,1,4,5,0,4,3,5,0,2,2,16,3,2,0,1,1,0,1,0
105167,4,1,4,2,5,4,4,4,2,2,4,3,0,5,0,1,2,3,4,3,3,9,0,3,28,6,4,1,1,1,1,1,0
105168,1,1,2,3,5,4,0,3,4,4,1,2,5,4,2,0,1,0,3,5,5,6,3,1,5,0,8,1,1,0,1,1,0
105169,2,2,1,2,1,4,4,1,0,2,1,5,4,0,0,5,4,5,1,0,2,0,1,2,19,6,1,0,0,0,0,0,0
105170,0,2,2,4,2,0,1,5,1,5,2,0,3,2,2,3,0,0,4,1,3,2,3,3,18,0,1,0,1,0,1,1,0
105171,3,4,1,2,2,2,4,5,2,3,5,4,4,0,2,4,3,4,5,4,5,0,0,0,15,1,5,0,0,0,0,0,0
105172,2,1,4,1,1,3,4,1,3,2,5,2,1,5,4,4,1,4,5,5,2,3,2,0,24,0,0,1,0,0,1,0,1
105173,5,3,0,1,0,2,4,4,3,4,1,4,4,2,4,4,1,3,1,5,4,2,0,0,23,6,3,0,0,1,0,0,1
105174,2,0,3,4,0,4,3,3,4,2,1,0,4,4,5,4,0,2,3,2,2,4,3,1,28,3,3,0,0,0,0,0,1
105175,1,0,0,0,3,5,5,4,5,0,3,5,0,0,0,4,3,5,3,2,5,10,0,3,30,5,7,0,1,1,1,1,0
105176,0,5,5,1,0,3,0,2,1,5,4,0,0,2,4,3,4,3,3,1,4,9,1,3,26,0,6,1,0,1,1,0,0
105177,1,5,3,1,3,0,1,1,2,0,0,3,5,4,1,0,2,0,0,2,4,9,3,2,12,4,0,0,1,0,1,1,0
105178,2,5,0,3,0,2,0,1,2,2,2,1,4,5,4,4,5,2,4,5,1,10,2,3,7,3,7,1,0,1,1,0,1
105179,0,1,5,0,0,1,4,0,0,0,0,5,1,0,5,2,0,3,3,2,5,1,1,0,17,2,4,0,0,0,0,0,0
105180,2,3,3,2,0,2,5,5,0,4,1,5,3,2,0,3,5,2,3,0,1,8,3,2,15,4,3,1,1,0,0,1,1
105181,5,4,3,4,2,1,5,1,3,3,3,5,0,5,3,1,4,2,2,5,2,9,0,4,15,2,6,1,1,1,1,1,1
105182,4,1,0,5,1,0,3,5,3,5,0,2,1,2,3,4,0,0,5,4,2,1,1,3,2,1,0,1,0,0,0,0,0
105183,3,4,1,2,1,1,0,1,1,5,5,1,0,1,1,4,2,1,4,0,4,3,3,0,27,5,8,0,0,0,0,0,0
105184,5,4,4,5,1,2,1,2,5,1,0,0,0,4,1,3,3,3,3,2,4,4,3,3,12,6,6,1,1,1,1,1,0
105185,4,2,2,3,5,0,3,5,1,1,4,1,0,4,0,1,3,5,3,4,5,6,2,3,17,5,0,1,1,0,1,1,0
105186,3,2,3,4,2,0,5,2,3,1,2,3,0,5,2,2,2,0,5,0,0,0,2,2,17,6,5,1,1,0,0,0,1
105187,5,1,5,1,4,1,5,4,5,0,3,2,5,5,4,1,1,1,4,1,5,0,0,3,29,3,9,1,1,1,0,1,1
105188,0,4,2,5,1,3,4,0,4,5,2,0,0,0,4,3,1,5,2,4,0,9,1,3,23,6,5,0,1,1,0,1,0
105189,4,5,2,1,2,3,5,5,4,0,2,5,0,4,4,0,3,2,2,4,3,4,2,1,8,6,5,1,1,0,1,1,0
105190,1,5,4,0,0,2,2,3,1,2,3,5,2,1,5,2,3,1,1,2,5,1,2,0,10,6,6,0,1,0,0,0,1
105191,4,4,0,0,1,3,1,4,5,1,1,2,3,5,3,5,2,3,4,0,4,3,3,3,10,1,0,0,0,0,1,0,1
105192,5,2,2,3,0,1,2,0,2,0,0,1,4,4,2,1,1,1,5,4,5,7,1,4,13,0,4,1,0,0,0,1,0
105193,2,4,5,3,0,4,0,5,1,4,0,2,0,1,1,2,3,5,1,4,0,1,3,1,16,3,2,0,0,0,0,0,0
105194,0,1,1,1,1,0,4,2,4,3,1,1,0,2,3,2,1,1,1,3,3,5,1,1,27,2,10,0,1,0,0,0,0
105195,2,5,1,5,0,0,1,1,3,5,1,0,0,4,2,5,2,3,2,1,0,8,0,0,8,2,0,0,1,0,0,0,0
105196,2,1,2,1,1,5,2,0,0,3,0,2,0,5,0,5,5,0,5,4,4,2,2,2,21,1,9,0,1,0,0,0,1
105197,5,2,0,3,4,2,0,0,0,2,0,0,1,5,2,5,4,5,3,4,1,3,3,0,13,1,5,0,0,0,0,0,1
105198,5,0,0,3,0,3,5,4,0,1,5,0,4,2,4,3,4,1,5,0,1,6,0,4,18,1,6,0,1,1,1,1,1
105199,3,0,1,3,3,2,2,1,0,3,2,5,3,0,1,2,0,4,1,4,1,7,3,3,4,6,2,0,0,1,0,0,0
105200,5,2,5,4,2,3,4,5,1,4,2,0,1,5,1,4,4,5,2,2,5,3,2,1,16,4,3,1,1,1,1,1,1
105201,2,3,1,5,2,4,3,1,2,0,5,4,0,5,1,0,3,3,2,4,2,10,1,2,20,4,0,1,1,0,0,1,1
105202,2,0,4,4,5,4,3,0,1,1,3,5,4,1,2,3,3,0,5,3,5,3,0,1,16,5,2,0,1,1,1,1,0
105203,5,5,2,5,2,1,2,5,5,2,0,2,4,3,4,1,1,2,5,0,3,5,0,3,2,6,1,1,0,1,1,0,1
105204,4,0,4,5,1,3,4,4,5,0,4,5,0,5,1,2,2,2,5,5,0,1,1,4,10,6,5,1,1,0,1,1,1
105205,3,5,1,2,1,4,1,3,5,0,4,3,3,1,0,3,2,0,2,5,1,8,1,4,11,6,7,1,0,1,1,0,1
105206,2,1,5,3,1,2,5,4,0,1,1,5,5,4,0,2,2,2,2,5,4,6,3,0,3,1,8,1,1,0,0,1,0
105207,4,2,2,1,4,2,2,4,3,2,4,4,1,2,3,1,4,3,4,3,5,7,1,2,12,0,0,1,0,0,1,1,1
105208,4,0,4,5,3,3,0,1,0,3,0,4,4,5,4,1,0,4,5,2,1,9,2,4,18,2,5,0,1,0,1,0,1
105209,2,4,4,5,1,3,5,2,4,4,5,3,2,2,0,2,3,1,3,1,2,3,1,1,13,3,8,1,0,0,0,1,1
105210,0,4,2,5,2,1,0,5,0,5,3,0,0,0,3,0,5,3,4,1,2,3,1,0,27,5,10,1,0,0,1,1,0
105211,0,0,4,4,3,5,2,4,1,2,1,1,1,5,5,5,1,4,0,0,2,3,3,3,16,1,8,0,0,1,0,0,1
105212,0,0,0,5,0,3,4,3,1,3,5,5,2,2,4,5,4,0,1,2,1,6,1,0,30,5,3,1,1,0,1,0,0
105213,2,3,2,4,5,3,2,1,2,0,3,5,0,1,5,4,0,2,4,3,5,3,1,1,23,4,1,0,0,0,0,0,0
105214,3,5,2,1,4,1,1,3,2,5,5,4,1,1,5,1,3,0,2,4,5,4,0,1,4,6,2,0,0,0,0,0,0
105215,4,0,5,1,3,4,1,0,3,1,0,2,5,2,4,4,1,4,5,2,2,3,2,2,19,3,7,0,1,0,0,1,1
105216,1,1,5,3,4,5,4,4,1,0,1,2,0,4,2,3,3,3,5,0,2,3,1,1,7,0,7,0,0,0,0,1,0
105217,4,3,4,2,0,4,3,1,3,3,2,2,0,2,4,1,4,3,5,5,5,1,0,3,12,5,10,1,1,1,0,0,0
105218,3,0,5,4,5,3,3,1,0,2,1,4,2,1,4,2,5,4,3,5,4,5,3,2,22,0,3,1,1,1,0,1,1
105219,0,1,5,4,3,3,3,3,0,2,3,1,5,2,4,0,0,5,4,4,3,8,1,2,27,1,10,1,1,1,0,1,1
105220,2,0,4,5,5,1,1,0,0,2,2,3,4,3,1,0,1,3,3,3,3,2,3,4,18,5,4,0,1,1,0,0,0
105221,1,2,3,4,5,0,5,4,1,3,5,3,3,4,2,2,4,1,2,5,4,8,0,0,16,2,6,1,1,1,1,1,1
105222,5,4,1,0,3,3,1,2,4,4,1,4,4,1,2,0,5,3,4,2,2,7,0,4,27,5,8,0,0,1,1,0,1
105223,5,2,4,2,1,1,5,3,1,3,1,0,0,1,4,5,2,4,2,3,5,0,1,3,21,5,0,1,1,1,0,0,1
105224,4,1,1,1,4,0,4,4,3,3,5,4,1,4,5,5,0,5,4,3,4,10,0,1,12,5,2,0,1,0,0,1,1
105225,3,2,1,3,3,4,0,4,4,4,4,2,5,2,5,1,0,3,2,3,2,2,0,1,8,2,5,0,0,0,1,0,0
105226,2,3,5,2,2,2,1,5,4,4,0,5,4,4,5,2,0,2,2,5,0,4,0,0,18,6,6,1,0,0,0,0,1
105227,1,0,0,5,4,5,3,1,3,1,5,2,2,2,0,4,0,2,2,1,4,1,2,0,2,2,7,1,0,0,0,0,0
105228,4,0,0,1,5,5,0,2,1,2,1,4,1,0,2,1,5,1,5,2,3,7,1,1,28,6,9,1,1,1,0,0,0
105229,0,1,3,2,1,0,5,0,3,2,4,0,1,5,2,4,5,1,2,5,3,4,0,2,28,5,3,1,0,0,0,1,1
105230,1,5,3,4,3,4,2,1,1,5,0,5,0,4,4,0,0,4,3,1,1,2,3,3,21,3,2,1,0,1,0,0,0
105231,0,4,0,2,4,2,5,3,3,3,1,0,5,0,0,3,5,5,4,3,5,6,1,2,10,6,7,1,0,1,1,1,1
105232,2,0,2,0,1,4,0,0,5,4,5,3,1,0,4,0,4,2,5,4,4,5,2,4,8,5,7,0,0,0,0,1,0
105233,1,1,1,1,2,0,0,2,0,4,0,4,4,2,5,4,3,3,4,5,0,3,1,0,21,4,8,0,0,0,0,1,0
105234,1,2,1,2,0,2,3,5,0,5,2,2,2,5,1,4,2,5,3,0,5,6,0,1,24,2,5,1,0,1,1,0,0
105235,2,1,1,3,1,3,4,0,1,3,2,5,5,1,2,2,1,2,1,3,2,7,3,3,20,6,7,0,0,1,0,0,1
105236,5,5,4,4,3,2,5,1,2,1,1,4,0,5,3,5,2,4,1,2,4,9,1,0,6,5,4,1,1,0,0,1,1
105237,3,5,2,3,5,3,4,1,2,2,0,5,3,2,3,3,5,4,3,2,5,9,3,0,29,6,3,1,1,1,1,1,0
105238,4,1,5,2,3,0,4,5,1,0,2,3,0,1,2,1,5,4,0,1,5,7,0,4,5,5,3,1,0,0,1,1,1
105239,5,0,0,3,1,0,0,4,5,4,2,4,0,0,1,3,3,3,4,1,5,8,0,4,3,4,10,0,0,1,1,1,1
105240,5,1,4,0,4,3,3,1,0,3,0,0,2,2,0,2,1,5,4,4,0,3,1,1,11,3,3,0,1,1,0,1,0
105241,2,3,5,1,1,2,4,4,3,0,4,0,3,1,1,4,2,2,3,5,3,8,1,0,8,6,1,0,0,1,0,0,1
105242,5,4,2,3,1,3,2,0,3,2,0,3,5,3,3,3,0,4,3,5,1,8,1,3,16,2,7,0,1,1,1,1,1
105243,5,2,4,5,3,2,5,4,4,4,2,2,0,5,1,4,1,1,5,4,4,7,1,1,19,1,1,1,1,1,1,1,0
105244,5,1,2,3,4,0,5,1,3,4,5,2,3,4,5,1,1,0,5,4,4,9,1,0,21,5,6,1,0,1,0,1,0
105245,2,1,3,0,1,4,5,4,0,4,2,3,4,1,1,0,5,4,5,4,2,8,2,2,8,3,1,0,1,0,0,1,0
105246,1,0,5,5,0,0,5,2,1,0,4,2,5,5,4,2,5,2,5,0,0,6,0,2,24,5,0,0,0,0,1,0,1
105247,3,0,3,1,4,4,3,4,1,2,2,5,1,5,1,0,3,4,4,3,5,6,2,2,8,2,5,1,1,1,0,1,1
105248,5,2,3,4,3,0,4,2,2,3,3,4,0,2,1,2,5,2,2,0,3,6,0,2,20,4,6,1,1,1,1,1,0
105249,5,3,5,5,4,5,0,3,5,0,4,3,5,2,1,2,3,2,5,2,4,3,2,3,20,1,3,1,1,1,1,1,1
105250,3,0,2,5,2,1,1,5,2,1,2,5,5,2,1,3,1,2,5,5,4,7,0,3,23,4,7,1,0,0,0,1,0
105251,0,1,1,0,0,5,3,4,2,5,3,0,1,2,5,4,3,3,4,5,3,8,2,4,22,4,5,1,0,1,1,0,1
105252,2,5,4,1,1,0,0,3,2,3,2,1,0,0,1,5,3,1,5,3,1,5,0,3,30,1,6,0,0,1,0,0,0
105253,4,5,4,3,2,2,4,5,0,3,1,4,3,5,1,0,1,1,3,4,0,8,1,4,7,1,5,1,1,1,1,1,0
105254,3,3,1,4,2,2,1,0,5,0,4,4,1,2,0,2,3,1,0,1,2,6,3,2,2,3,5,0,0,1,0,0,0
105255,2,3,4,5,5,0,2,4,3,3,2,3,3,0,1,4,5,3,5,4,5,7,0,1,2,5,1,1,1,1,1,1,0
105256,2,3,0,3,1,2,1,3,4,5,0,1,0,5,0,1,5,3,2,3,4,7,2,4,26,1,1,0,0,0,1,1,1
105257,0,2,1,0,1,1,3,1,2,5,1,1,5,0,1,5,5,5,3,3,5,0,3,0,25,2,0,0,0,0,0,0,0
105258,1,1,5,4,1,2,0,2,1,1,4,3,2,5,4,3,3,4,3,4,2,2,2,4,18,1,4,1,0,0,0,0,1
105259,4,2,3,4,3,2,4,2,2,1,3,0,0,0,3,2,3,1,4,5,2,7,1,1,27,4,5,1,1,0,0,1,0
105260,1,4,3,2,4,1,5,4,1,3,3,5,1,2,3,0,5,1,0,4,4,0,1,1,13,2,2,1,0,1,0,0,0
105261,5,3,3,3,5,4,4,3,0,5,2,1,3,3,1,3,1,1,0,2,0,2,1,3,11,5,10,0,1,1,0,0,1
105262,0,4,0,1,1,3,1,4,4,0,1,5,4,1,4,0,0,1,1,2,5,3,0,2,6,6,2,0,0,0,0,0,0
105263,3,3,5,4,2,5,1,3,5,1,0,3,0,3,0,1,0,4,2,1,4,8,1,4,13,4,1,0,1,1,0,1,0
105264,2,0,1,0,4,4,1,5,1,0,1,1,4,3,4,2,2,3,3,3,4,4,1,2,30,3,6,1,0,0,0,0,1
105265,4,3,4,5,0,1,3,4,3,4,5,0,5,5,4,0,0,1,0,2,4,9,1,4,26,5,3,1,1,1,1,1,1
105266,5,5,5,5,4,1,5,3,5,2,5,4,1,2,0,0,4,4,5,0,4,9,1,2,19,4,1,1,1,1,1,1,0
105267,3,3,1,4,0,5,5,0,4,4,0,3,3,5,3,5,1,1,4,3,3,7,3,0,22,6,9,1,1,0,1,1,1
105268,3,3,3,4,0,1,5,2,4,0,5,5,4,4,5,2,0,0,5,5,1,9,0,0,20,3,4,0,1,0,1,1,0
105269,4,1,0,5,0,0,4,0,5,0,4,1,5,4,3,0,2,2,2,0,5,0,3,1,5,0,7,0,1,0,0,0,0
105270,3,4,3,0,5,3,1,2,1,3,0,1,0,3,5,1,2,0,0,4,1,6,3,3,6,2,8,0,1,1,0,0,0
105271,1,2,2,3,4,5,2,5,0,2,2,1,5,1,5,3,3,4,4,5,5,7,3,3,2,2,6,1,1,1,1,1,1
105272,2,1,0,3,4,1,1,2,4,1,1,2,0,3,0,5,5,2,4,5,4,1,0,1,25,1,8,1,0,0,1,0,0
105273,1,2,4,5,4,3,0,4,4,1,4,2,3,4,5,2,3,3,0,0,4,7,3,2,19,4,9,1,0,1,1,1,1
105274,2,0,5,4,4,2,4,2,1,4,4,4,0,2,0,1,4,5,0,1,2,1,2,0,16,6,9,0,0,1,0,0,0
105275,3,5,0,3,2,2,3,3,5,0,1,5,0,3,1,2,4,4,2,4,4,0,0,3,11,3,5,1,0,0,1,1,1
105276,1,4,5,3,4,2,5,0,0,5,4,0,1,3,4,4,0,1,5,1,4,0,0,3,5,2,8,0,1,0,0,0,0
105277,1,1,5,0,0,0,5,4,2,0,1,3,0,3,2,0,1,2,0,5,5,8,2,0,5,2,7,0,0,0,0,0,0
105278,4,4,3,1,3,2,3,1,5,4,2,3,0,4,3,3,2,5,3,3,1,4,1,4,3,3,1,0,1,1,1,0,1
105279,2,0,5,2,4,1,0,2,2,3,0,1,1,4,1,2,1,2,5,2,4,3,2,3,27,5,5,1,0,0,1,1,1
105280,1,2,1,5,5,4,2,5,4,0,5,2,0,3,5,5,2,5,0,2,1,7,2,0,30,2,2,1,0,1,1,0,1
105281,4,3,4,5,2,1,2,1,0,4,1,4,2,1,0,2,1,3,5,2,5,1,2,0,4,2,3,0,0,1,0,0,0
105282,4,0,4,3,1,5,4,5,2,2,5,3,1,4,1,3,0,3,5,1,3,10,2,4,2,3,4,1,1,1,1,1,1
105283,4,4,3,0,4,0,3,4,4,1,5,0,3,0,5,4,2,3,2,2,5,0,0,4,2,6,5,1,1,1,0,0,0
105284,4,4,5,4,0,2,4,0,5,0,0,2,5,5,4,4,1,5,0,4,0,2,3,3,27,6,9,1,1,1,1,1,1
105285,5,3,5,2,4,1,0,2,2,0,0,1,0,4,1,0,3,3,4,0,2,8,1,1,30,0,10,1,1,1,0,1,1
105286,3,1,4,3,4,2,0,5,0,2,0,1,5,1,3,2,1,2,1,0,3,1,1,1,5,5,0,1,0,0,0,0,0
105287,1,4,3,2,4,4,5,2,3,1,5,0,3,0,0,0,3,2,2,2,5,3,3,2,26,1,5,1,1,1,0,1,0
105288,5,2,5,4,1,5,2,4,4,5,0,2,5,0,3,0,5,3,0,0,1,2,1,2,22,5,8,1,1,0,1,1,1
105289,1,4,3,1,0,4,4,5,2,3,3,5,2,4,5,2,2,1,2,2,2,0,2,3,19,3,9,1,1,0,0,0,1
105290,1,3,3,0,3,3,5,0,5,0,5,5,0,0,1,2,3,4,2,4,0,5,2,2,8,6,9,0,0,1,0,0,0
105291,4,0,1,1,2,3,0,4,1,5,1,0,1,0,5,4,0,2,2,3,4,8,2,2,21,1,1,1,1,1,0,0,0
105292,5,0,1,5,2,5,4,5,4,1,3,3,0,4,3,4,0,0,1,1,2,0,0,3,17,6,6,0,0,1,0,0,1
105293,2,0,5,0,1,5,1,3,4,3,0,4,5,2,0,5,0,2,0,0,1,3,0,4,14,6,5,0,0,1,1,0,1
105294,4,0,2,1,2,4,0,5,2,4,5,2,3,2,2,1,2,4,5,5,3,9,1,2,2,5,0,0,1,0,1,0,0
105295,5,1,3,2,4,0,1,4,0,4,3,0,5,1,1,3,2,4,5,4,4,7,2,2,9,2,8,0,1,0,0,1,1
105296,4,0,4,5,5,1,4,3,2,2,4,4,3,3,1,0,0,5,3,3,4,6,3,2,26,5,6,1,1,1,1,1,0
105297,0,5,1,2,2,1,0,0,4,0,1,0,5,1,0,2,2,5,2,1,2,0,0,4,11,5,9,0,0,0,0,0,0
105298,3,5,1,5,0,1,4,4,5,1,4,1,1,0,5,0,5,3,4,3,1,8,1,0,9,6,3,0,1,1,0,1,0
105299,1,1,0,5,0,5,2,5,2,3,3,1,1,2,4,5,5,3,4,4,4,6,2,0,28,2,0,0,0,0,0,1,0
105300,5,1,1,3,1,0,1,1,1,5,0,0,4,5,1,3,3,1,1,0,3,10,2,1,24,1,3,1,0,0,1,0,0
105301,0,4,3,2,0,5,1,0,4,0,3,5,4,3,0,0,4,5,2,4,1,5,0,2,29,3,4,0,1,0,1,0,0
105302,5,3,4,3,4,4,2,3,5,0,0,3,5,3,1,2,3,0,1,2,3,7,0,1,27,4,4,1,1,1,1,0,0
105303,1,3,1,4,3,3,2,5,0,2,4,4,5,1,1,4,1,5,0,2,3,5,1,2,3,6,0,0,0,1,0,0,1
105304,2,5,2,0,4,1,1,4,1,4,5,0,1,0,0,4,4,1,2,5,0,8,3,1,15,2,0,0,0,1,1,0,0
105305,1,3,1,4,1,1,3,4,4,5,5,1,4,4,0,4,5,5,5,4,5,5,0,4,7,1,3,0,1,0,1,0,1
105306,4,4,4,2,4,4,5,3,0,1,2,0,5,2,4,3,1,1,4,4,0,7,3,1,29,1,2,1,1,1,1,1,1
105307,2,3,3,5,1,4,2,2,5,3,5,0,1,0,4,5,2,4,3,4,3,4,3,0,17,2,6,1,0,0,0,1,1
105308,4,3,0,3,1,3,1,1,1,5,5,4,0,1,1,5,2,5,3,1,3,3,3,4,20,1,5,1,0,1,1,1,1
105309,0,1,3,5,5,3,3,4,2,5,2,0,3,0,2,2,4,4,5,5,1,1,0,4,27,5,7,1,1,0,0,1,0
105310,2,3,2,0,5,4,4,3,3,4,1,5,2,5,5,5,0,0,2,0,3,2,0,1,7,3,3,1,0,0,0,0,1
105311,5,5,5,0,3,4,3,4,2,4,1,4,4,5,2,4,4,5,4,2,1,6,1,1,9,4,3,1,1,1,1,1,1
105312,5,2,1,0,3,4,3,5,0,1,3,1,1,5,4,0,1,5,0,0,5,10,2,0,14,4,8,1,1,1,0,1,1
105313,1,0,5,5,4,1,4,5,0,1,2,1,2,4,5,4,2,3,3,1,2,2,2,1,22,5,10,1,1,1,0,1,1
105314,2,3,4,5,4,0,5,5,2,5,3,2,3,4,5,1,0,4,2,4,3,4,0,4,10,2,9,1,0,0,1,1,0
105315,2,4,0,5,1,2,0,2,1,3,5,3,3,2,5,5,4,2,0,1,2,4,3,1,9,3,5,0,0,0,0,0,1
105316,3,5,4,1,0,2,5,0,5,0,0,4,0,2,1,1,0,4,3,2,1,5,3,2,23,1,1,0,1,0,0,0,0
105317,3,3,4,1,1,2,5,3,3,0,1,2,0,0,5,2,1,5,1,4,0,9,3,3,3,0,4,1,1,1,0,0,0
105318,0,4,2,2,2,3,5,2,0,5,3,4,3,5,3,5,3,3,0,2,4,2,3,4,25,3,9,1,1,0,1,1,1
105319,4,1,0,4,1,5,2,5,4,0,4,4,2,0,1,4,2,1,2,1,5,2,3,0,26,4,6,0,1,0,0,0,0
105320,1,2,2,1,3,4,5,0,3,4,5,1,1,1,5,0,1,0,3,5,0,1,2,0,5,2,10,0,1,0,0,0,0
105321,1,2,3,3,0,4,0,5,0,1,5,2,4,2,2,5,3,4,0,1,0,0,0,3,20,2,5,0,0,0,0,0,0
105322,5,1,0,3,3,4,2,3,2,1,2,4,2,3,5,2,0,4,5,2,4,4,2,2,8,1,3,0,1,0,0,0,0
105323,4,4,2,2,4,2,5,0,4,0,3,4,3,5,2,3,2,4,0,1,1,1,2,0,7,0,0,1,0,1,0,0,0
105324,2,5,4,2,0,3,1,1,3,3,2,5,4,3,3,0,1,2,1,2,4,6,0,1,3,1,4,0,0,0,0,0,0
105325,5,1,3,3,1,2,4,0,3,4,0,0,4,4,2,0,3,4,0,0,4,1,0,2,22,4,6,1,1,0,0,0,0
105326,2,0,5,4,3,4,1,5,2,0,4,0,2,2,5,2,1,0,1,0,1,9,0,1,22,3,6,0,1,1,1,1,1
105327,3,4,1,1,0,5,3,3,4,4,4,3,0,5,2,2,4,4,1,0,0,2,3,3,9,0,1,0,0,1,0,0,1
105328,1,5,4,3,3,2,3,3,5,3,4,1,3,1,0,0,0,4,2,4,1,3,3,3,20,2,3,1,0,0,1,1,0
105329,1,5,2,0,4,4,5,3,1,4,2,4,1,2,5,0,0,1,5,1,0,10,0,2,2,2,3,1,1,0,1,0,0
105330,2,1,1,0,2,0,2,2,2,3,4,4,5,1,0,4,1,2,4,2,0,4,0,3,8,1,10,0,0,0,0,0,0
105331,3,4,5,3,0,2,4,1,5,0,1,2,5,1,4,3,5,4,5,2,5,8,2,2,12,4,10,0,0,0,1,1,1
105332,4,4,3,2,3,5,2,4,3,2,2,0,5,4,2,3,5,3,2,5,1,9,1,2,20,2,7,1,0,1,1,1,1
105333,2,4,3,1,5,4,2,0,1,5,1,2,4,4,4,3,0,3,0,4,3,5,2,3,21,0,9,1,0,1,1,0,1
105334,5,4,1,0,1,3,0,1,0,4,2,1,5,4,1,5,0,0,0,1,1,7,1,0,14,3,0,0,0,0,0,0,0
105335,3,5,5,5,5,1,0,5,4,2,5,2,5,0,1,2,0,4,1,0,1,0,2,0,11,0,8,0,1,0,0,1,0
105336,0,2,0,4,5,4,4,0,2,5,2,5,1,5,5,5,3,0,4,1,1,3,1,4,22,1,5,0,1,1,0,1,1
105337,4,0,0,5,1,5,0,5,4,0,4,4,3,5,1,1,5,2,1,1,1,1,0,3,15,6,9,1,1,1,1,0,0
105338,3,1,1,0,3,2,0,0,0,3,5,4,2,4,0,4,4,2,3,0,2,10,1,0,25,3,1,0,1,0,1,0,0
105339,2,5,3,0,0,4,1,2,3,4,0,0,0,2,2,3,1,4,5,4,3,9,2,4,17,0,7,1,1,0,0,1,1
105340,2,5,0,1,3,3,2,3,3,4,5,3,4,0,1,1,5,0,4,4,5,0,1,2,7,1,6,0,1,1,1,0,0
105341,1,0,4,0,5,2,0,0,2,1,0,3,0,2,3,0,1,0,3,3,4,5,1,2,26,1,3,0,1,0,0,1,0
105342,3,2,1,2,5,1,3,5,2,0,3,3,5,0,2,0,2,3,1,3,0,7,0,1,20,4,8,0,1,0,1,0,1
105343,3,1,4,3,1,3,4,5,1,4,2,2,4,3,2,3,4,2,2,1,1,5,0,3,25,1,4,1,0,0,1,1,1
105344,2,1,4,1,3,2,3,1,4,5,1,3,1,4,4,0,1,0,5,1,2,10,3,2,19,6,4,1,1,0,1,1,0
105345,1,3,5,2,0,3,3,1,1,4,3,2,0,0,4,3,4,4,2,0,3,0,0,4,26,3,2,1,0,1,0,0,0
105346,2,3,1,3,1,0,5,4,2,5,5,4,5,1,0,4,2,3,0,1,1,0,3,0,13,3,0,0,0,0,0,0,0
105347,2,2,0,1,5,2,5,2,5,5,0,2,4,3,1,4,5,3,2,2,3,10,3,3,11,5,5,0,1,0,1,1,1
105348,2,2,4,2,3,4,3,0,3,5,1,5,2,1,5,0,3,2,5,1,4,6,0,0,12,6,4,1,0,1,0,0,0
105349,1,3,2,3,2,5,0,4,0,4,3,5,4,5,5,0,5,1,2,5,0,6,2,3,25,4,5,1,1,1,1,1,1
105350,3,4,5,5,5,1,4,2,0,4,0,4,4,2,5,1,2,1,0,2,5,4,2,4,30,6,3,1,1,1,1,1,1
105351,1,0,1,1,4,3,4,2,3,4,1,3,3,4,2,2,2,5,4,4,4,2,3,2,10,3,1,1,0,0,1,0,0
105352,3,0,3,0,0,1,1,3,4,1,2,2,3,4,2,0,1,4,1,1,2,4,1,1,3,3,2,0,0,0,0,0,1
105353,0,2,0,5,0,4,0,3,2,3,2,3,0,3,0,2,3,5,3,5,1,6,0,2,3,2,9,0,0,0,0,0,0
105354,2,2,2,3,3,2,0,4,5,1,4,4,1,3,0,0,5,2,0,2,5,2,1,1,21,1,3,0,1,0,1,0,0
105355,4,5,0,2,5,4,1,4,5,3,2,5,1,3,3,0,0,5,2,4,1,1,0,2,19,4,0,0,1,1,1,0,0
105356,4,5,4,4,0,2,4,5,2,3,0,4,0,1,0,2,2,1,4,5,5,9,3,0,27,2,1,1,1,1,1,1,0
105357,4,3,3,5,3,1,5,5,1,0,3,4,4,1,0,3,1,3,0,5,5,7,1,4,29,2,2,1,1,1,1,1,1
105358,4,0,0,0,4,3,0,3,0,0,1,2,0,5,1,2,1,2,4,3,2,1,3,4,28,1,10,0,0,1,0,0,1
105359,0,0,2,5,5,3,2,3,0,5,0,1,1,2,0,4,4,1,0,4,0,1,2,0,24,6,1,0,0,0,0,0,0
105360,2,2,2,3,3,4,5,2,3,3,4,2,3,5,0,1,5,2,3,4,0,0,0,2,22,0,6,1,0,0,1,0,0
105361,3,3,4,3,5,4,0,3,2,0,2,5,3,3,0,0,5,4,5,1,3,9,2,2,18,2,0,1,1,0,1,1,1
105362,4,3,2,5,5,4,5,0,0,2,3,2,3,4,3,5,3,3,5,3,5,1,3,4,13,0,0,1,1,1,0,1,1
105363,3,0,2,1,5,5,0,2,0,5,3,2,5,1,3,2,0,5,1,3,4,0,2,1,3,4,2,0,1,0,1,0,0
105364,5,5,4,4,4,2,1,1,2,4,0,2,2,1,2,3,5,3,1,1,4,0,0,2,3,4,8,0,0,1,0,1,0
105365,1,2,3,3,5,3,0,3,3,4,4,2,3,2,2,4,4,3,1,4,5,5,1,1,4,1,1,0,1,1,1,1,0
105366,0,3,4,5,0,2,4,5,0,3,1,0,3,4,1,1,1,1,2,5,4,6,1,3,21,5,3,1,1,1,0,1,0
105367,0,0,5,2,0,3,2,2,2,4,4,1,0,4,5,0,5,4,2,2,1,3,0,1,21,6,2,0,0,0,0,1,0
105368,3,4,5,4,3,0,2,3,2,1,4,1,3,3,4,5,1,1,0,1,2,2,0,2,24,4,6,1,0,0,1,1,0
105369,3,3,5,2,4,5,3,2,0,5,0,1,3,1,2,4,3,0,2,4,2,10,2,0,14,0,5,1,1,1,1,1,0
105370,1,1,4,2,5,3,1,2,5,4,0,0,0,0,3,3,1,4,2,5,1,9,2,3,11,2,9,1,0,0,1,1,1
105371,4,1,3,2,4,3,4,4,1,1,5,5,0,0,5,5,3,4,0,0,3,2,2,0,21,5,5,0,1,1,0,0,1
105372,4,2,3,5,1,5,2,1,0,1,0,0,1,4,3,2,4,1,0,5,2,8,1,1,15,1,6,1,0,1,0,0,1
105373,2,0,1,5,5,2,4,5,0,4,1,0,2,5,3,0,4,5,0,4,4,6,0,3,28,6,8,1,0,1,1,1,0
105374,1,5,4,1,0,2,3,0,2,1,5,3,2,5,4,4,5,3,1,1,2,6,0,0,6,2,1,0,0,0,1,0,0
105375,4,4,4,5,0,3,4,1,4,4,0,5,1,4,4,4,4,3,2,2,3,9,3,3,3,3,1,1,1,1,1,1,1
105376,4,5,5,3,4,5,5,4,1,2,3,4,2,2,5,2,5,5,1,0,3,2,1,1,7,2,10,1,1,1,1,1,1
105377,1,2,4,0,5,1,3,0,4,1,2,0,1,4,1,1,5,4,5,3,0,10,2,4,23,4,1,1,1,1,0,1,1
105378,1,3,2,4,3,0,1,2,1,0,2,3,5,0,4,4,4,4,3,1,0,10,1,2,24,6,6,1,1,0,1,1,0
105379,2,2,1,0,0,0,4,2,1,4,0,3,3,2,5,0,2,3,4,3,2,7,1,2,9,4,1,0,0,0,0,0,0
105380,3,2,5,5,0,4,4,5,3,1,3,4,5,1,0,0,4,1,1,3,4,1,2,1,9,5,9,1,1,1,0,0,0
105381,0,3,4,2,5,0,2,0,4,3,2,1,3,5,5,5,0,0,1,4,3,4,2,4,11,1,1,1,1,1,0,0,1
105382,5,2,5,5,1,4,2,2,4,1,4,2,3,3,2,1,1,0,0,2,4,10,2,0,19,0,3,1,1,1,1,1,0
105383,2,4,3,2,3,5,5,2,3,0,4,5,2,5,5,4,2,1,2,3,5,8,2,3,9,6,9,1,1,1,0,1,1
105384,2,0,3,0,1,4,1,4,5,0,2,4,1,4,3,3,2,1,4,5,5,3,2,4,11,4,4,1,0,1,1,1,0
105385,0,1,0,4,1,1,0,3,5,5,0,1,1,4,2,5,1,1,1,2,4,9,3,2,11,6,10,0,0,0,0,0,1
105386,5,5,0,4,4,3,3,0,1,1,3,4,4,1,1,5,0,0,1,5,4,7,3,1,16,3,5,1,1,1,1,1,0
105387,1,5,4,1,4,2,0,5,3,3,2,5,2,0,4,2,5,1,0,2,3,8,0,3,5,6,4,1,0,1,1,0,1
105388,5,4,1,1,2,0,4,0,0,2,4,4,1,1,5,4,3,3,1,2,5,7,0,0,19,4,0,0,0,0,0,0,1
105389,2,2,0,5,3,1,5,4,0,2,4,3,2,4,5,0,2,3,0,3,4,10,3,0,30,2,0,1,1,0,0,1,0
105390,5,2,4,4,2,4,4,1,2,4,1,4,2,5,1,5,5,2,3,0,0,5,2,2,24,3,6,1,1,1,1,0,1
105391,1,0,3,1,3,3,1,0,4,5,0,3,4,4,3,5,4,5,1,3,0,0,0,1,20,1,1,0,0,0,0,0,0
105392,0,1,0,4,4,2,5,1,3,1,2,1,5,5,4,1,3,3,5,5,5,3,2,3,10,1,7,0,0,1,1,1,1
105393,4,4,2,1,4,4,0,5,0,0,5,2,5,0,5,3,2,3,4,3,5,6,0,0,25,1,10,1,1,1,0,1,0
105394,4,2,2,1,1,3,0,5,4,1,1,3,5,5,5,5,2,4,4,2,4,2,1,0,6,2,4,0,0,0,1,1,1
105395,3,2,0,3,1,5,1,3,3,0,2,4,4,0,3,1,2,5,2,2,4,5,0,3,4,5,6,0,0,1,0,0,0
105396,0,0,3,4,4,0,3,4,4,0,4,4,5,1,1,0,1,1,4,3,3,4,3,2,13,6,5,1,1,1,0,0,0
105397,5,2,2,5,3,1,4,5,3,4,4,0,4,4,1,5,5,5,3,0,3,1,0,3,18,6,8,1,0,1,1,1,1
105398,2,4,5,2,2,1,1,2,5,0,4,0,0,5,2,1,2,2,3,3,2,9,0,0,23,4,8,0,0,1,0,0,1
105399,5,3,0,0,5,2,5,4,2,0,5,0,1,0,3,0,2,5,5,0,3,5,3,2,21,0,5,0,1,1,1,1,1
105400,5,3,5,3,2,5,4,3,0,2,4,1,2,2,1,2,2,2,1,4,0,3,3,0,6,0,10,1,1,1,1,1,0
105401,5,5,0,4,2,2,1,1,3,3,0,1,4,4,3,2,2,4,3,0,3,4,1,4,20,5,0,0,1,1,1,0,1
105402,4,1,4,5,3,1,0,3,5,2,2,2,4,3,4,1,5,4,3,2,0,6,1,1,3,4,1,0,1,0,1,0,1
105403,4,1,4,0,1,0,4,0,0,4,4,4,5,2,3,5,4,2,5,5,1,2,0,3,10,2,4,1,0,0,0,0,1
105404,3,3,2,3,4,2,1,3,5,4,3,2,0,2,4,0,4,2,4,0,2,0,0,3,7,1,10,0,1,1,1,0,0
105405,0,2,1,3,5,1,1,1,4,0,0,2,3,1,1,5,3,2,0,0,3,6,0,3,22,5,10,0,0,1,0,0,1
105406,2,5,0,3,5,1,4,0,0,4,4,5,4,5,5,3,1,1,1,3,2,1,0,0,30,4,4,0,0,0,1,1,1
105407,4,0,2,0,2,0,1,4,3,0,1,4,2,3,5,1,0,5,0,4,2,10,3,0,2,4,4,0,0,0,1,1,1
105408,4,0,4,0,1,3,2,2,1,5,1,4,2,1,0,2,2,5,5,2,4,0,0,0,9,2,3,0,0,0,0,0,0
105409,3,2,4,3,2,4,5,2,3,1,5,4,3,5,1,0,3,0,3,1,4,9,1,4,22,5,2,1,1,1,1,1,1
105410,4,2,1,1,0,4,4,0,4,5,5,0,5,5,4,5,0,0,4,3,1,10,2,1,23,6,6,1,1,0,0,0,1
105411,0,5,0,3,4,0,3,0,2,5,0,4,2,0,4,4,0,4,3,4,1,7,2,0,10,6,6,0,1,1,1,0,0
105412,2,2,3,0,2,5,5,5,2,0,2,2,2,5,3,5,0,3,3,1,1,6,2,4,30,1,4,0,1,1,1,1,1
105413,3,2,3,4,0,3,4,3,0,2,1,3,0,5,3,0,0,4,0,0,0,9,1,1,4,2,7,1,1,0,0,0,0
105414,5,1,5,1,3,3,2,2,0,0,3,4,1,5,2,5,2,1,2,0,1,8,0,2,14,5,10,0,1,1,1,0,1
105415,1,2,4,2,4,5,3,3,4,5,4,0,0,0,3,4,3,3,4,5,5,0,1,3,3,1,9,1,1,0,0,1,1
105416,1,3,3,2,1,1,3,4,2,2,4,4,5,2,5,3,2,2,4,0,5,7,1,2,10,0,8,0,1,1,0,0,1
105417,2,3,3,2,2,3,2,0,5,5,0,5,5,5,0,3,0,0,2,3,3,4,1,2,11,1,3,0,0,0,1,0,0
105418,1,3,3,3,5,0,5,5,3,3,4,3,4,2,5,1,0,5,5,3,0,0,0,3,17,3,10,1,1,0,1,1,1
105419,3,2,2,3,4,2,3,3,2,5,0,3,1,2,0,3,3,5,1,3,5,2,0,0,20,1,3,0,1,1,0,1,0
105420,3,0,4,4,4,1,4,1,5,3,3,0,2,1,4,5,2,3,1,3,3,5,3,2,28,4,2,1,1,1,0,0,1
105421,4,0,1,5,2,1,2,1,0,0,3,4,0,2,2,4,0,0,4,1,1,1,2,4,24,2,5,1,0,1,0,0,0
105422,5,0,4,1,2,3,1,0,4,2,2,5,5,2,1,2,1,4,0,0,2,9,3,3,10,3,0,0,1,1,1,0,1
105423,0,3,5,5,2,0,0,1,0,3,5,2,0,2,0,3,1,1,3,3,2,3,3,2,20,6,10,0,1,0,0,1,0
105424,1,5,2,3,2,5,4,2,5,5,3,2,3,1,1,2,1,3,3,2,3,8,0,0,23,2,9,1,1,1,1,1,0
105425,1,5,2,1,0,1,3,1,3,4,5,3,2,0,0,2,0,1,1,3,2,2,3,2,4,3,2,0,0,0,1,0,0
105426,1,1,2,5,0,0,3,4,2,3,2,0,3,3,0,3,2,4,2,3,0,7,3,1,13,1,9,0,1,1,1,0,1
105427,4,0,4,4,4,2,0,1,3,4,2,0,0,0,2,2,0,2,2,5,1,9,2,1,24,2,2,1,0,0,1,1,0
105428,0,3,1,1,3,2,4,2,4,5,3,0,2,5,1,3,3,2,1,2,5,6,0,2,13,6,8,0,1,0,1,0,1
105429,0,0,2,1,3,3,1,3,1,5,1,0,4,0,2,5,2,5,4,4,5,10,3,1,27,4,3,0,0,0,0,0,1
105430,5,3,3,3,3,4,3,0,0,5,4,4,5,5,4,0,4,0,2,4,2,3,2,1,6,2,0,0,0,0,1,1,0
105431,5,2,4,4,2,3,2,1,5,2,1,3,2,3,0,2,4,5,1,1,4,1,3,2,3,2,5,1,0,0,0,1,1
105432,1,5,1,0,5,3,1,0,3,2,0,3,3,2,2,1,2,5,3,5,1,3,2,0,18,3,3,0,1,0,0,0,0
105433,1,3,0,3,2,4,0,4,1,0,2,0,4,5,2,0,5,5,3,5,1,7,0,0,25,1,5,1,0,0,0,1,1
105434,3,4,3,3,3,3,4,4,5,0,4,1,3,2,1,0,5,3,1,1,1,0,1,2,3,6,0,0,0,1,0,0,0
105435,3,2,3,5,3,0,0,0,0,4,3,5,2,0,3,2,2,0,0,2,5,4,0,1,16,4,1,0,0,0,0,0,0
105436,5,5,4,4,0,2,0,4,5,1,0,3,5,3,1,0,3,5,2,4,5,7,0,1,20,1,4,1,0,1,1,1,1
105437,2,3,0,5,1,4,1,4,0,2,0,0,5,2,1,4,2,4,5,4,5,7,0,1,24,4,10,1,0,0,0,1,0
105438,0,3,0,0,1,1,5,0,3,2,4,5,1,5,0,2,4,4,2,1,2,2,3,2,27,3,1,1,0,0,0,0,0
105439,2,2,2,4,1,5,4,0,0,5,5,3,0,3,4,1,0,1,1,1,4,2,0,0,3,3,8,0,0,0,0,0,0
105440,3,2,3,2,0,2,4,4,0,5,1,2,4,0,2,5,2,4,1,3,2,3,3,4,10,5,10,0,0,1,1,0,1
105441,3,5,0,3,1,1,1,1,1,4,5,3,0,2,4,3,2,0,4,4,5,3,2,1,30,1,9,0,0,0,1,1,1
105442,3,2,1,5,5,2,5,2,1,5,2,2,4,1,0,4,5,3,0,5,5,0,1,0,15,4,4,1,1,0,0,1,0
105443,5,0,2,5,2,3,0,3,0,3,0,4,4,1,1,4,5,4,3,2,5,3,2,3,18,1,5,1,1,1,0,0,1
105444,4,2,1,1,4,4,0,0,4,1,1,1,0,1,3,1,3,5,1,5,5,9,0,2,13,2,4,1,0,0,1,1,0
105445,1,2,4,1,2,1,2,2,4,3,5,2,3,0,5,3,3,5,0,4,1,7,0,2,23,3,0,0,0,1,1,0,1
105446,2,2,0,4,4,1,2,2,1,0,1,1,4,4,1,0,4,4,0,2,5,1,3,1,23,5,7,0,1,0,1,0,0
105447,4,0,5,5,4,0,1,4,4,2,5,1,0,2,1,3,0,4,2,4,1,10,0,0,13,3,2,0,1,0,1,0,0
105448,2,0,1,3,5,2,1,4,1,4,3,5,4,2,1,5,3,2,0,4,0,4,0,1,25,5,10,0,1,0,0,1,1
105449,2,1,2,0,1,5,1,1,1,1,4,1,0,2,0,1,2,3,5,5,4,3,2,3,15,6,4,1,0,1,1,0,0
105450,1,2,5,0,0,5,2,3,5,3,2,1,3,5,2,4,5,1,3,2,3,3,1,1,12,2,0,0,1,0,1,0,0
105451,1,0,3,4,1,3,3,2,3,4,0,2,0,4,4,0,4,4,2,3,4,9,1,3,28,0,10,0,1,0,1,1,1
105452,4,2,5,4,4,3,2,2,0,4,2,0,0,5,2,3,4,2,5,3,3,2,1,0,21,0,7,1,1,0,0,1,1
105453,5,1,0,5,3,3,1,4,4,3,5,2,4,3,4,0,0,5,4,1,2,10,3,1,20,3,5,1,1,1,1,1,1
105454,4,0,4,3,4,1,3,1,2,1,5,0,0,5,1,5,4,1,1,3,4,9,1,2,3,4,4,1,1,0,0,1,1
105455,1,1,0,2,5,2,3,3,0,1,2,1,5,5,3,2,4,0,4,3,3,1,1,0,30,5,3,0,0,0,0,0,0
105456,0,1,3,0,1,5,2,2,1,0,0,1,0,3,5,5,0,1,5,3,2,2,2,2,18,6,1,0,0,0,0,0,0
105457,0,0,1,4,2,3,0,3,1,4,1,5,3,2,0,5,3,2,0,2,3,5,2,1,19,2,8,0,0,0,1,0,0
105458,2,4,4,5,2,1,5,2,0,1,2,2,2,5,0,0,3,0,2,0,2,3,0,4,16,6,0,1,0,1,0,1,0
105459,3,0,0,0,0,0,3,5,4,3,5,0,3,4,0,3,0,3,5,3,1,9,0,2,15,4,4,0,0,0,1,0,1
105460,5,3,5,2,3,4,1,2,1,0,3,5,3,2,5,3,3,0,3,5,2,9,1,0,3,5,8,1,1,1,0,1,0
105461,5,3,2,2,0,5,4,0,0,1,2,5,3,1,3,2,4,4,5,4,0,9,2,4,24,6,0,1,1,1,1,1,1
105462,0,4,3,4,5,0,2,2,1,2,4,0,3,2,5,4,2,2,2,1,4,4,3,3,27,3,9,0,1,1,0,1,1
105463,4,3,3,4,0,2,0,1,4,4,1,0,5,1,2,2,1,4,0,3,4,1,1,2,13,6,6,0,0,1,0,0,1
105464,1,3,0,1,0,5,4,2,3,0,1,0,3,2,5,5,1,4,5,0,3,6,3,0,14,4,7,0,0,0,0,0,1
105465,1,4,1,5,1,1,0,5,4,2,4,1,5,4,2,3,4,5,2,3,1,9,1,1,5,4,0,0,0,0,1,1,1
105466,3,5,4,0,5,1,1,0,2,2,2,2,2,4,5,2,4,0,3,2,5,8,0,2,25,4,8,1,1,0,1,1,1
105467,0,1,5,4,5,2,3,0,4,1,3,4,3,0,3,5,4,3,2,3,4,2,0,0,22,0,9,0,1,0,0,1,1
105468,2,4,5,4,5,2,4,1,2,4,4,5,4,0,4,4,1,3,3,0,3,3,3,1,14,0,4,1,1,1,0,0,0
105469,3,2,3,0,4,2,5,2,3,5,4,5,2,3,4,1,2,1,5,2,3,6,2,1,30,0,8,1,1,1,1,1,0
105470,1,0,1,4,5,5,4,0,5,0,3,5,5,3,1,2,3,5,2,0,5,4,2,1,11,3,0,0,0,0,0,1,0
105471,3,3,2,1,2,5,1,4,3,5,0,0,1,0,4,0,4,5,5,4,0,7,3,1,5,0,7,1,1,1,1,1,1
105472,2,5,2,1,0,3,4,3,2,5,5,5,4,5,1,2,2,2,4,2,5,3,0,4,15,1,9,1,0,1,1,1,0
105473,4,0,2,0,2,0,4,4,5,5,0,3,1,5,3,3,3,5,0,5,2,2,0,4,24,3,2,1,0,0,1,0,1
105474,1,0,2,4,1,1,4,2,3,0,0,0,4,0,3,3,3,1,5,2,0,0,3,2,11,6,9,0,0,0,0,0,1
105475,0,5,5,4,1,1,4,5,5,2,1,5,4,0,0,4,0,5,3,0,2,8,1,4,27,6,10,1,1,1,1,0,1
105476,3,3,2,3,4,0,4,4,3,3,1,4,1,0,3,1,5,3,1,5,0,7,0,4,6,5,4,1,1,0,1,1,1
105477,1,1,0,4,1,2,3,5,4,1,4,4,1,3,1,2,1,0,3,2,3,10,2,0,15,3,9,0,1,0,1,0,0
105478,4,4,4,2,1,0,5,0,3,1,3,3,5,5,4,4,5,4,0,2,5,4,0,2,18,0,2,1,0,0,0,1,1
105479,0,2,3,3,2,3,3,4,5,3,5,4,3,2,2,4,2,4,5,4,3,7,2,3,28,4,5,1,1,1,1,1,1
105480,3,1,2,4,0,1,0,2,1,5,0,0,5,4,0,2,3,1,5,4,3,0,0,4,3,1,3,0,0,0,0,0,0
105481,5,1,3,2,4,4,1,1,3,0,5,3,5,1,5,4,5,3,5,4,0,10,1,4,30,6,2,1,1,1,1,1,1
105482,0,3,5,3,4,3,2,1,5,0,2,4,5,0,1,5,1,2,4,3,1,10,3,4,2,4,4,0,1,0,1,0,0
105483,1,0,5,0,3,5,2,1,1,5,3,5,4,2,3,2,0,5,5,5,1,4,0,2,14,2,10,0,0,0,0,1,0
105484,5,2,4,3,0,2,4,0,2,2,0,4,3,2,4,4,1,5,0,2,2,4,2,0,16,6,9,0,0,1,0,0,0
105485,3,1,3,5,4,0,4,2,0,0,4,1,5,5,4,1,4,3,5,2,4,1,0,0,18,3,10,0,0,1,0,1,0
105486,1,0,0,4,2,5,0,4,3,5,3,3,1,1,3,3,0,3,1,0,2,0,3,1,21,3,0,0,0,0,0,0,0
105487,1,4,3,1,1,1,2,2,2,1,4,1,3,2,3,1,3,0,5,3,0,1,3,4,8,0,5,0,1,1,0,1,0
105488,4,0,4,3,5,4,3,0,3,0,5,1,2,1,2,4,2,5,4,5,0,3,2,4,27,6,10,1,1,1,0,1,0
105489,5,5,5,3,5,4,5,4,1,4,1,3,2,2,1,2,0,3,4,1,0,4,3,1,15,0,6,1,1,1,1,1,0
105490,2,0,4,5,2,5,3,1,4,4,5,1,1,0,0,5,1,3,5,3,5,8,1,1,9,2,9,1,0,1,0,1,0
105491,2,2,5,4,2,3,1,5,5,0,2,1,5,2,5,5,4,2,0,4,1,2,2,1,27,1,10,1,1,0,1,1,1
105492,4,0,3,4,5,3,1,2,3,4,1,3,2,1,5,2,2,0,0,1,1,2,2,2,17,1,8,0,1,0,0,0,0
105493,1,2,0,4,1,2,1,0,3,2,4,1,0,2,1,0,3,1,0,0,3,10,2,4,10,3,4,0,0,0,1,0,0
105494,1,3,2,2,2,2,2,1,2,1,0,0,2,3,4,4,2,4,0,1,3,0,0,1,28,6,9,0,0,0,0,0,0
105495,4,0,1,2,3,4,0,4,1,4,4,2,2,4,4,5,3,1,0,0,4,9,2,4,11,4,4,1,1,1,1,0,1
105496,1,3,5,2,2,3,4,5,2,0,5,0,5,1,0,5,0,5,0,4,5,10,3,4,4,0,5,1,0,1,1,1,1
105497,4,4,4,2,1,0,0,2,2,1,1,4,4,5,1,1,5,5,3,1,1,3,3,4,16,0,9,1,1,0,1,0,1
105498,2,2,2,5,0,2,0,5,4,4,3,4,2,1,4,0,4,0,5,4,5,6,3,1,11,2,7,0,0,0,1,1,1
105499,5,0,2,5,1,5,0,1,4,5,4,5,4,0,5,0,3,4,0,4,2,1,1,1,8,2,0,0,0,0,1,0,0
105500,0,4,0,5,2,1,0,2,1,5,3,0,2,1,0,2,5,1,5,4,1,5,0,2,7,2,1,0,1,0,0,1,0
105501,5,1,0,3,5,2,3,2,3,4,5,4,1,1,5,1,5,3,1,1,3,0,0,2,22,1,5,0,0,0,0,0,1
105502,1,0,1,1,2,5,4,1,5,0,4,0,3,0,2,0,2,2,3,1,1,8,3,2,20,3,2,0,0,0,0,0,0
105503,0,2,1,0,0,1,5,2,2,1,1,3,3,3,5,1,5,2,2,1,2,8,2,3,10,5,9,0,1,0,1,1,1
105504,4,1,1,1,5,4,4,2,5,5,2,1,1,3,2,2,1,5,2,0,0,3,1,3,30,2,6,0,1,1,1,0,1
105505,3,0,5,3,2,4,4,4,2,4,4,4,1,1,1,0,5,1,2,2,4,4,0,2,29,6,10,1,0,1,0,1,0
105506,5,4,4,2,5,1,3,2,0,4,2,0,0,4,2,4,0,5,3,2,1,7,0,3,20,1,4,1,1,0,1,1,0
105507,0,3,3,3,0,5,1,0,1,2,2,0,2,1,3,5,2,5,1,3,5,9,0,1,7,1,1,0,0,0,0,0,0
105508,0,5,1,5,0,2,2,2,1,3,5,1,4,5,2,1,0,3,3,3,1,0,0,0,27,1,10,0,0,0,0,0,0
105509,3,2,5,2,5,1,5,5,3,4,0,2,4,2,1,3,4,4,4,4,0,1,1,3,26,2,6,1,1,1,1,1,1
105510,5,2,3,5,0,1,0,0,5,4,2,4,1,1,2,0,3,4,5,3,4,3,3,1,22,3,3,0,0,0,1,1,1
105511,2,5,3,3,0,1,4,5,2,4,2,1,3,4,1,0,0,4,3,4,2,5,3,4,24,2,4,1,1,1,1,1,0
105512,4,0,2,4,3,3,4,0,1,0,4,4,1,0,4,1,3,0,4,3,0,0,2,1,20,6,1,1,0,1,0,0,0
105513,5,2,3,0,1,1,0,0,3,1,5,2,1,5,1,5,1,2,0,1,2,9,1,0,20,2,3,1,0,0,0,0,0
105514,5,4,5,1,2,2,1,0,1,2,5,0,3,4,1,4,4,3,4,4,1,2,2,3,11,6,7,1,0,0,1,0,1
105515,3,1,4,5,2,4,1,1,2,4,2,5,1,1,4,4,1,2,3,5,4,5,0,3,25,5,6,1,1,1,0,1,1
105516,4,5,2,5,1,5,5,2,1,5,2,3,0,1,3,0,3,4,5,3,2,9,0,2,22,3,2,1,1,1,0,1,0
105517,3,1,4,3,2,4,2,4,1,1,0,5,1,5,4,1,4,5,4,3,0,6,0,4,30,3,8,1,1,1,0,1,1
105518,4,2,5,0,1,3,4,3,0,4,5,0,1,3,2,3,1,1,0,1,0,4,3,3,5,1,2,1,0,0,0,0,0
105519,3,5,1,0,1,4,3,3,3,3,1,2,1,3,4,2,0,4,4,4,5,6,3,2,7,1,4,0,1,1,0,1,1
105520,3,1,5,2,1,2,0,5,2,1,1,1,3,4,5,4,5,0,4,0,1,0,2,1,2,5,8,0,0,0,1,0,1
105521,2,5,3,5,0,1,4,0,1,1,2,3,5,1,0,3,0,5,3,4,4,3,3,4,3,4,0,1,0,1,0,1,0
105522,3,0,1,2,3,4,3,1,4,3,5,4,5,2,4,3,5,3,5,2,2,10,1,0,21,2,2,0,0,0,1,0,1
105523,4,1,5,5,3,0,5,5,1,1,5,5,3,2,5,3,1,5,3,5,4,10,0,1,9,2,3,1,1,0,1,1,1
105524,5,3,4,3,0,5,5,4,3,1,1,5,1,2,5,5,4,5,1,1,3,4,2,2,28,0,5,1,1,1,1,1,1
105525,3,3,2,0,2,2,3,0,0,1,3,1,1,1,2,3,3,0,0,2,2,8,2,3,18,4,8,0,0,0,0,1,0
105526,0,5,1,3,4,4,5,1,0,1,1,1,2,2,2,4,5,5,2,2,3,2,0,1,22,5,4,0,0,0,0,1,0
105527,3,5,5,2,0,0,0,2,0,0,2,4,4,4,1,2,2,5,1,4,0,10,0,1,7,6,2,0,0,0,0,0,1
105528,1,4,4,1,1,2,3,0,3,1,4,4,3,2,1,0,5,2,2,1,2,3,1,4,8,0,6,0,0,1,0,1,1
105529,0,3,0,4,5,2,3,3,1,5,3,1,0,0,4,3,2,2,2,2,0,4,2,4,26,4,1,0,0,1,1,0,0
105530,0,1,3,1,2,2,1,3,1,1,5,2,4,0,0,5,2,2,5,2,3,0,0,4,26,0,9,0,0,0,0,1,0
105531,3,4,0,5,0,3,3,2,3,2,3,1,1,0,2,4,5,3,2,3,3,4,2,2,6,3,0,1,0,0,0,1,0
105532,5,3,1,4,3,3,4,1,3,2,4,4,3,1,4,3,5,3,3,1,5,4,0,3,17,2,1,1,1,1,0,1,1
105533,3,0,3,4,2,5,2,2,4,4,2,0,5,4,4,5,0,0,4,2,0,10,1,4,16,4,4,1,1,1,1,1,0
105534,2,4,1,0,1,4,3,5,2,1,4,3,4,3,4,5,4,0,3,1,4,3,3,0,6,1,8,0,1,1,1,0,1
105535,0,2,3,5,0,1,4,4,0,4,4,2,3,2,2,5,5,0,4,0,3,9,0,1,23,1,2,0,0,0,0,0,1
105536,4,2,2,2,5,5,3,5,5,4,5,3,5,0,4,5,2,3,3,1,3,10,1,3,20,4,10,1,1,1,1,1,1
105537,0,2,3,4,4,2,2,3,4,3,2,5,1,1,2,1,3,3,4,1,5,9,1,0,15,2,10,0,1,1,0,1,0
105538,5,4,4,1,4,2,1,0,4,5,3,4,1,1,4,0,2,3,2,3,4,7,0,2,5,6,1,1,0,0,1,1,0
105539,4,1,0,4,0,0,3,0,5,2,4,5,1,2,0,2,5,1,1,4,2,5,2,4,25,5,6,1,0,0,1,1,1
105540,5,2,4,1,5,4,5,1,4,2,5,4,5,2,0,1,4,0,1,4,1,6,0,4,8,3,3,1,0,1,1,1,0
105541,1,0,1,4,2,5,2,3,5,3,0,2,5,1,1,0,4,1,0,0,4,10,1,1,26,3,6,1,1,0,1,1,0
105542,0,2,0,1,2,1,3,1,3,1,0,5,1,2,2,3,0,4,0,3,5,10,1,2,23,6,7,0,0,0,1,0,1
105543,1,0,2,5,5,5,5,1,3,0,0,3,1,0,1,0,0,2,0,1,1,0,3,2,4,0,1,0,0,1,0,0,0
105544,4,3,1,4,2,0,1,5,3,5,0,2,4,0,1,0,4,3,1,5,4,1,0,1,29,4,7,1,1,0,1,1,0
105545,1,5,1,2,1,5,4,0,3,0,1,5,2,5,0,1,0,0,2,0,1,5,1,4,17,5,6,1,0,1,1,0,0
105546,5,2,2,2,1,1,1,0,2,0,1,5,3,5,2,2,2,5,5,2,4,5,2,3,12,1,9,1,0,1,0,1,0
105547,0,5,5,0,5,2,1,2,1,0,0,2,1,5,0,3,5,1,2,3,1,7,3,0,28,5,1,1,1,1,1,0,1
105548,0,5,3,1,3,0,1,4,4,3,5,4,3,0,4,5,2,3,4,1,4,7,2,2,7,6,9,0,1,1,1,0,1
105549,1,0,4,4,3,5,0,4,1,1,4,2,4,4,4,3,0,5,3,0,4,4,0,0,19,2,2,0,1,1,0,1,1
105550,4,3,0,4,3,3,2,1,5,1,1,2,2,5,3,3,2,1,1,4,0,5,1,1,6,5,10,0,0,0,1,1,1
105551,3,3,0,5,1,5,2,1,4,5,2,3,4,2,1,1,0,2,2,1,4,9,1,0,21,0,4,0,1,1,0,1,0
105552,2,2,2,0,2,2,1,3,5,5,2,3,3,5,3,1,5,2,1,2,0,2,3,3,18,2,4,1,0,0,1,0,0
105553,3,4,4,1,5,0,4,5,3,5,5,5,3,5,5,3,4,1,3,4,1,2,2,4,29,5,10,1,1,1,1,1,1
105554,3,2,5,4,0,4,3,1,3,1,0,5,1,1,1,1,5,5,3,2,3,2,0,2,2,3,10,1,1,0,0,1,1
105555,3,0,0,2,5,0,1,5,2,0,5,4,4,5,1,0,2,4,0,2,3,3,2,0,15,4,10,0,0,0,0,0,0
105556,3,3,2,1,1,3,1,4,4,5,0,3,2,0,2,4,5,2,3,3,3,0,0,2,22,1,0,0,0,0,1,0,1
105557,0,1,2,1,1,0,4,1,3,3,3,0,3,0,2,5,4,3,3,4,1,0,3,2,15,3,2,0,0,0,0,0,0
105558,1,2,4,5,0,1,1,4,2,5,3,2,3,0,1,5,3,3,0,0,5,2,0,4,19,0,4,0,1,0,1,0,0
105559,3,3,1,5,3,3,2,3,0,1,1,0,2,5,1,4,2,5,4,5,3,10,0,3,12,3,4,1,1,1,0,1,1
105560,0,4,2,0,1,4,0,0,0,5,0,0,2,5,3,5,4,4,0,5,3,6,3,2,21,1,3,1,0,1,0,1,1
105561,2,1,5,5,2,0,4,2,1,1,2,3,1,1,5,4,5,1,2,3,4,9,2,1,3,0,10,1,1,0,0,1,1
105562,0,2,2,3,3,1,2,1,4,4,5,1,2,5,1,0,0,4,3,4,1,9,1,2,12,5,0,1,0,0,1,1,0
105563,4,0,4,5,3,5,4,0,5,0,3,0,5,0,0,2,4,2,3,4,2,2,0,4,19,3,6,1,1,0,1,1,1
105564,0,2,3,3,5,0,2,2,5,4,5,1,2,3,1,0,3,5,3,5,2,7,3,4,5,0,9,1,0,1,1,0,0
105565,0,3,3,4,3,1,4,4,3,2,2,0,0,5,3,1,2,0,3,0,0,6,2,4,29,5,1,0,1,1,1,0,0
105566,3,3,1,3,1,5,2,3,5,5,3,0,4,5,5,5,1,4,3,2,1,10,0,3,30,3,2,0,1,1,1,0,1
105567,1,1,5,4,4,3,5,0,0,0,5,2,1,1,5,4,1,3,2,5,4,0,0,3,10,1,10,0,1,0,0,0,0
105568,2,0,1,4,0,0,4,4,5,1,2,4,2,4,1,5,1,1,1,1,4,10,2,0,26,3,8,0,1,0,1,0,1
105569,1,3,5,3,5,5,2,0,5,3,5,4,1,4,1,2,1,3,4,5,5,4,2,4,26,0,9,1,1,1,1,1,0
105570,1,3,5,0,1,2,2,2,2,4,5,2,3,3,3,1,4,0,2,0,3,2,1,2,17,3,1,0,0,0,0,0,0
105571,4,0,3,0,4,4,3,3,0,5,3,4,1,4,1,2,1,0,4,0,0,5,0,0,25,1,2,0,0,0,1,0,0
105572,4,3,5,2,0,3,4,5,4,0,2,0,5,5,3,1,0,2,3,3,1,7,3,1,7,5,10,1,1,0,1,1,1
105573,1,0,4,2,2,2,4,4,0,0,1,0,2,0,5,5,1,5,3,5,1,5,3,4,22,4,1,0,1,0,0,0,1
105574,4,2,4,5,4,2,0,1,3,2,1,1,0,2,3,3,5,0,1,1,2,8,1,3,29,1,9,1,1,1,0,1,1
105575,4,3,0,0,3,3,1,2,1,0,5,3,3,1,4,0,2,1,3,4,5,3,1,2,19,2,8,0,0,0,1,1,0
105576,3,4,0,5,0,2,2,5,3,2,2,0,1,2,4,1,5,5,0,1,4,0,1,1,11,6,9,0,0,0,1,0,0
105577,3,4,0,0,0,1,3,1,5,2,5,0,2,2,1,2,1,2,3,5,5,6,0,4,15,4,2,0,0,0,0,0,0
105578,5,4,0,2,5,4,0,5,0,5,2,3,5,4,3,4,1,5,2,0,5,5,0,3,27,3,7,1,1,1,1,1,1
105579,2,1,5,2,3,4,1,3,0,0,1,2,1,3,1,5,2,1,2,4,3,4,3,0,14,0,10,1,1,1,0,1,1
105580,2,5,1,3,5,3,2,3,3,1,3,2,4,4,5,1,0,3,4,5,2,8,1,2,8,5,2,0,1,1,1,0,1
105581,3,2,0,0,0,4,2,3,4,2,1,2,4,4,4,4,0,2,4,3,3,9,0,3,22,0,10,0,1,0,1,1,1
105582,5,2,5,4,2,3,3,5,1,3,2,5,2,2,0,4,4,0,1,5,4,5,0,2,10,6,5,1,1,0,1,0,0
105583,4,4,1,0,3,5,0,4,0,1,2,0,2,3,1,4,1,5,3,0,4,2,1,4,8,5,1,0,1,0,0,0,1
105584,0,1,4,4,5,5,4,2,4,3,4,3,0,2,0,1,4,1,2,4,2,4,0,4,11,1,3,1,1,0,0,1,1
105585,2,0,5,3,4,5,1,3,4,5,5,4,2,3,2,2,1,0,3,0,0,8,3,1,7,1,6,1,1,0,1,1,0
105586,4,4,3,5,3,0,3,4,5,4,3,4,3,1,3,0,4,2,1,4,2,6,0,4,13,6,1,1,1,1,1,1,0
105587,1,3,5,5,1,0,5,3,5,3,5,0,3,1,5,3,1,3,2,1,2,8,3,4,29,0,0,0,1,0,1,1,1
105588,5,3,5,5,5,2,2,0,4,0,1,2,4,0,2,2,4,2,4,4,3,1,2,4,28,4,3,1,1,1,1,1,0
105589,4,0,0,2,1,4,1,5,0,5,3,5,5,0,2,2,1,1,1,3,3,10,1,3,12,1,8,0,1,0,0,0,0
105590,5,3,0,2,1,1,1,1,1,3,2,4,2,2,1,0,4,4,5,1,5,0,0,3,29,1,10,0,0,0,0,0,0
105591,0,1,2,3,4,0,3,3,3,0,2,5,5,1,3,5,1,4,5,4,4,7,2,2,6,0,10,1,0,0,0,1,1
105592,3,3,3,3,5,0,5,3,2,3,4,4,5,2,2,3,5,5,3,2,1,0,1,3,4,3,8,1,1,0,0,1,1
105593,3,3,4,4,5,3,3,0,0,2,2,0,1,4,4,1,3,0,4,5,4,4,1,4,24,2,2,1,0,0,0,1,0
105594,3,4,1,2,1,5,1,5,3,5,1,5,1,0,3,0,0,0,2,2,2,4,2,0,26,2,5,0,0,0,1,0,0
105595,5,5,1,2,4,2,5,0,4,3,2,5,3,1,0,2,4,5,5,2,2,5,0,1,7,0,9,1,1,0,1,1,0
105596,2,1,1,0,2,4,0,5,4,5,0,3,2,0,5,0,5,5,3,0,0,5,0,0,13,5,3,0,0,0,0,0,0
105597,3,0,1,1,1,0,2,5,5,5,3,0,2,4,1,1,1,3,3,1,4,0,3,2,14,6,2,0,0,0,1,0,0
105598,4,3,5,4,5,1,0,3,0,1,4,5,0,0,1,4,4,5,5,3,3,10,2,1,19,5,5,1,1,1,0,1,1
105599,4,5,2,5,5,4,0,5,5,1,0,5,4,5,3,0,1,3,4,1,0,6,3,1,8,4,8,1,1,1,1,1,1
105600,4,0,5,3,2,2,5,5,3,1,2,5,3,5,1,3,3,5,4,0,2,10,1,1,6,2,10,1,0,1,1,1,1
105601,2,2,0,2,0,0,0,5,1,1,1,1,1,2,3,4,1,2,5,1,2,1,3,0,5,0,5,0,0,0,0,0,0
105602,5,2,0,0,1,1,5,4,5,4,0,5,5,4,0,3,2,2,0,3,0,4,2,0,5,4,2,1,0,1,1,0,0
105603,0,1,4,0,3,4,3,5,0,5,0,0,5,1,4,0,4,3,1,2,4,2,2,3,25,0,9,0,1,0,0,0,0
105604,2,3,1,4,0,4,1,4,0,2,2,3,0,0,5,1,5,2,2,4,3,10,2,2,15,1,2,1,1,1,0,1,1
105605,3,1,0,3,1,4,5,5,4,4,3,4,3,3,2,1,1,2,0,5,1,5,0,1,29,0,9,1,0,0,1,0,0
105606,0,2,3,1,0,2,0,0,4,4,3,1,3,3,0,5,0,2,1,0,4,1,2,2,22,2,8,0,0,0,1,0,0
105607,2,5,0,1,5,5,4,2,0,1,0,5,1,1,4,4,4,3,3,0,3,5,0,0,17,5,7,0,1,0,0,0,1
105608,3,2,0,0,2,5,4,2,5,5,0,3,1,2,0,5,4,3,0,1,0,2,2,3,28,4,5,0,0,1,0,1,0
105609,3,0,2,4,2,2,2,5,5,2,0,0,2,3,2,0,2,0,5,0,3,6,1,4,14,4,4,1,0,0,1,1,0
105610,0,5,3,3,2,1,1,2,4,0,4,5,2,3,2,2,0,1,4,5,3,5,0,4,30,1,6,0,0,0,0,1,0
105611,1,1,3,1,0,5,0,2,2,4,3,0,4,1,0,2,1,1,2,4,1,8,0,1,15,0,8,0,0,0,0,0,0
105612,1,4,3,4,3,2,0,4,5,5,2,5,0,4,1,4,3,2,4,4,5,4,3,4,25,4,4,1,1,1,1,1,0
105613,3,4,0,5,5,2,0,3,0,1,0,5,3,3,5,0,0,3,1,5,4,2,1,1,17,3,3,0,0,0,0,0,1
105614,1,3,1,3,4,5,2,3,4,1,0,5,3,2,4,4,2,5,2,4,3,5,3,3,25,1,0,1,0,1,1,0,1
105615,3,0,2,1,1,1,3,5,5,4,2,1,4,3,1,2,1,4,4,4,4,4,2,1,4,3,6,0,0,0,1,0,0
105616,4,5,1,0,0,5,2,4,3,5,5,2,5,1,0,5,0,0,2,0,4,0,3,4,5,4,1,0,0,1,1,0,0
105617,4,4,3,4,4,0,4,4,2,1,0,4,2,2,0,1,0,4,3,5,3,3,2,3,17,1,8,1,1,1,1,1,0
105618,1,2,1,3,5,1,2,5,2,2,3,4,0,4,3,5,1,1,2,4,2,7,0,1,14,1,6,0,0,0,1,0,1
105619,5,5,3,2,5,2,4,0,0,4,3,1,2,0,4,5,4,4,5,0,2,7,2,1,26,1,0,0,1,0,0,1,1
105620,0,4,5,0,3,2,3,3,0,5,5,2,1,0,1,2,2,0,5,0,1,3,2,2,22,3,4,0,0,1,0,0,0
105621,0,4,3,4,2,1,5,0,2,0,1,2,3,1,4,5,1,2,2,4,3,7,3,0,27,1,4,0,0,0,1,1,1
105622,0,1,2,5,4,5,4,4,0,1,1,4,1,5,3,2,1,3,1,2,0,3,3,4,17,3,0,1,0,1,0,0,1
105623,1,3,2,2,4,3,0,0,3,5,3,4,0,4,0,3,0,1,1,1,0,0,2,2,4,6,9,0,0,0,1,0,0
105624,5,1,3,1,4,4,3,3,3,3,2,2,3,5,0,5,1,3,1,0,1,10,3,4,8,0,9,1,1,1,0,1,1
105625,1,0,4,3,1,4,3,4,5,4,1,5,1,1,0,1,4,2,3,2,0,0,3,3,4,1,1,1,0,0,1,0,0
105626,4,2,1,5,5,3,0,3,1,0,3,1,1,2,1,2,2,0,5,1,3,9,1,4,7,4,7,1,1,1,1,1,1
105627,2,0,0,3,0,3,0,0,4,0,5,4,0,1,0,0,4,2,5,1,0,1,1,2,3,4,2,0,0,0,0,0,0
105628,0,0,4,0,0,3,0,2,1,4,5,2,5,4,4,3,3,2,3,5,1,4,3,4,17,5,9,1,0,1,0,0,1
105629,2,4,3,1,3,4,1,4,3,2,0,0,5,4,5,1,0,3,3,1,2,6,2,3,4,6,4,1,1,0,0,0,1
105630,0,3,0,0,3,5,5,5,4,5,4,1,4,5,5,0,4,1,0,4,3,4,1,0,27,6,6,1,0,1,1,0,1
105631,2,2,3,2,3,1,1,5,2,2,4,5,2,1,5,5,2,4,2,3,0,2,3,2,2,1,3,0,0,0,0,0,1
105632,3,1,0,2,5,3,1,4,0,5,3,2,3,5,2,1,1,3,4,0,4,8,0,3,10,4,7,0,0,0,1,0,1
105633,3,4,3,3,5,1,2,1,4,3,2,4,3,5,2,4,0,4,3,0,0,4,2,4,25,5,4,1,1,1,1,0,1
105634,1,3,4,4,4,1,2,4,1,4,4,4,0,0,3,0,3,4,3,4,0,8,3,0,9,5,6,0,0,1,1,1,0
105635,4,3,0,0,0,5,5,1,1,3,3,2,5,2,5,1,3,4,3,3,0,0,3,3,16,3,6,1,0,0,0,0,1
105636,3,1,4,5,0,2,0,1,4,0,0,1,2,1,4,0,3,0,4,2,0,1,1,4,29,6,1,0,0,0,0,0,0
105637,1,0,0,1,0,4,5,1,3,4,0,4,2,5,3,4,3,2,3,2,0,5,3,1,5,5,5,0,0,0,0,0,1
105638,2,0,1,3,3,4,1,2,0,5,4,4,4,2,4,2,4,4,3,1,4,4,1,0,10,6,2,0,0,0,0,0,1
105639,0,0,4,1,4,0,1,5,5,2,2,1,4,0,5,5,4,2,0,5,3,9,0,4,21,2,7,1,0,0,1,0,1
105640,5,5,2,2,4,2,2,5,3,2,3,0,3,3,3,3,5,2,5,1,0,5,3,3,4,4,0,1,1,1,1,1,1
105641,4,2,5,4,0,1,5,5,1,3,4,2,5,1,4,1,5,2,3,1,3,9,3,1,26,3,1,1,1,0,1,1,0
105642,1,3,5,0,1,1,1,5,0,3,1,0,4,2,3,4,5,3,4,2,1,5,2,4,13,0,6,0,0,1,0,1,0
105643,4,5,5,2,2,1,2,0,4,2,5,4,3,3,4,5,5,0,3,0,0,6,3,0,2,1,2,0,0,1,1,0,0
105644,4,5,0,3,3,3,3,5,4,1,1,1,4,0,4,3,5,2,4,1,2,1,1,0,22,4,4,1,1,1,0,1,1
105645,3,1,1,3,0,0,4,5,4,5,2,2,0,5,4,4,2,3,2,3,4,3,0,1,16,2,5,0,0,0,1,0,0
105646,0,2,1,2,5,2,2,4,3,4,1,1,5,2,3,4,4,4,5,5,5,6,3,0,30,2,2,0,1,1,1,1,1
105647,5,2,3,2,0,1,0,0,5,3,4,5,5,3,5,0,3,3,0,0,0,3,1,3,20,2,10,0,0,0,1,0,0
105648,5,0,2,5,3,5,4,4,3,2,0,4,2,1,3,1,1,4,1,4,3,7,0,3,12,6,5,1,1,1,1,1,0
105649,5,4,4,1,5,4,5,4,1,2,2,5,0,4,2,4,0,0,1,1,2,6,1,2,21,0,6,1,1,0,1,0,1
105650,5,3,1,2,1,2,3,0,1,2,1,4,4,2,1,4,0,3,0,5,0,8,2,2,2,5,3,0,0,0,1,0,0
105651,5,2,1,2,4,1,5,1,2,3,4,0,3,3,1,1,5,3,2,4,3,7,2,4,23,0,4,1,1,1,1,1,1
105652,4,3,3,4,3,4,1,4,4,0,0,3,1,1,5,0,4,1,0,0,3,6,1,1,12,4,10,1,1,1,1,1,1
105653,0,4,3,4,4,3,5,1,0,3,3,2,5,1,5,3,5,2,2,4,0,0,1,2,15,1,1,0,1,0,0,1,0
105654,2,0,4,5,3,3,4,2,1,3,4,4,3,2,2,1,3,2,1,0,2,0,2,1,18,1,8,0,1,0,0,0,0
105655,1,3,1,0,5,0,5,3,2,0,4,4,1,1,1,0,0,0,2,2,5,6,3,0,22,0,1,1,1,0,0,0,0
105656,1,5,3,0,2,0,5,5,3,1,3,3,3,3,3,2,3,4,2,3,0,2,1,0,8,2,10,0,1,0,0,0,1
105657,4,4,5,2,0,3,2,1,0,1,3,3,4,3,2,1,5,3,4,5,0,7,1,1,7,6,4,0,1,0,0,0,1
105658,4,3,3,2,4,2,0,0,0,5,0,4,2,2,3,5,4,1,0,3,3,5,2,3,20,1,10,1,0,0,0,1,1
105659,3,0,5,0,5,4,4,5,5,5,3,5,4,0,0,4,1,5,1,4,5,2,0,4,25,3,1,1,1,1,1,1,1
105660,4,4,2,5,2,0,4,5,0,4,4,3,0,1,3,0,3,5,4,4,3,4,2,4,7,3,8,1,1,1,0,1,0
105661,0,4,0,5,4,1,3,5,0,4,1,0,1,1,1,5,3,0,0,0,4,4,0,1,8,6,1,0,0,0,0,1,0
105662,1,2,4,2,5,4,3,2,1,5,1,0,2,2,2,1,1,1,5,3,5,6,2,0,30,3,2,1,1,1,0,1,0
105663,5,3,2,4,3,5,0,4,2,4,1,0,0,4,3,0,2,5,5,0,0,2,3,3,10,0,1,1,1,0,1,0,0
105664,2,3,0,3,4,4,4,0,1,2,2,5,1,1,2,0,5,3,2,0,4,0,2,2,6,3,9,1,0,0,0,0,0
105665,3,0,0,3,3,0,2,3,4,2,0,2,3,4,5,2,3,2,4,5,5,3,2,0,19,4,3,0,0,0,0,1,1
105666,2,1,1,5,4,0,0,3,0,3,5,2,2,0,0,2,5,3,3,4,4,3,2,3,23,0,7,1,1,1,0,1,0
105667,1,4,1,0,2,5,5,3,0,2,3,1,2,3,2,5,4,4,3,0,1,5,2,3,14,1,5,0,0,0,0,0,1
105668,4,5,4,1,3,2,0,4,0,2,4,5,0,3,4,1,0,1,5,4,5,2,3,1,23,3,5,1,1,1,0,1,1
105669,4,1,3,2,0,2,1,5,3,5,5,1,2,4,2,4,3,1,5,5,2,3,0,0,8,5,5,0,0,0,0,0,1
105670,4,2,1,5,1,5,1,4,5,5,3,5,2,3,0,0,3,2,0,4,1,6,1,4,17,6,8,1,1,1,1,1,0
105671,2,5,0,3,3,1,4,0,0,3,4,4,5,1,3,4,3,1,1,2,1,2,2,2,17,4,7,1,1,1,0,0,1
105672,3,0,0,2,4,1,0,4,3,1,3,2,2,1,5,2,5,1,2,4,3,1,3,1,9,0,6,0,0,0,0,0,1
105673,5,1,5,0,0,4,2,4,2,2,4,3,3,4,5,3,2,0,2,5,0,10,1,3,3,0,4,0,0,0,1,1,0
105674,3,0,2,3,0,5,2,3,3,1,0,5,0,5,5,2,4,1,5,2,5,3,0,4,13,0,6,1,1,0,0,0,1
105675,2,1,0,1,0,2,2,3,3,2,4,0,1,3,2,4,5,3,4,1,1,5,1,3,14,5,4,0,0,0,0,0,1
105676,1,3,4,1,3,0,5,0,1,2,2,0,3,4,5,3,3,2,0,0,3,9,3,0,23,4,6,1,1,1,1,0,1
105677,3,2,5,5,2,0,1,1,3,2,2,1,2,5,0,2,0,3,3,1,0,6,2,2,7,4,7,0,1,0,1,1,0
105678,2,5,0,3,0,0,2,5,0,2,1,3,1,5,0,5,5,1,5,5,0,7,3,0,13,1,8,1,0,1,0,1,1
105679,3,5,5,0,4,2,2,0,2,3,2,3,2,0,4,0,1,4,1,3,5,5,2,2,13,1,4,1,1,0,0,0,0
105680,0,5,4,0,3,3,2,5,5,5,2,4,3,2,0,5,4,3,2,4,5,4,0,2,13,3,7,1,0,1,1,1,1
105681,1,4,1,2,0,2,5,1,5,3,2,2,2,3,3,3,4,0,3,0,2,6,2,4,7,6,8,0,0,0,1,0,1
105682,4,4,4,0,4,1,1,4,0,1,5,5,5,3,3,0,3,4,3,3,2,5,3,0,17,0,8,0,1,1,1,0,1
105683,2,3,2,2,5,4,0,1,0,1,3,2,1,3,1,2,4,3,4,1,3,0,3,4,29,4,4,0,1,1,0,0,0
105684,2,5,3,2,2,5,2,0,4,3,4,2,5,4,0,2,2,4,4,0,1,0,2,3,20,6,7,1,0,1,1,0,0
105685,3,0,0,5,5,1,0,3,1,5,5,2,5,1,1,0,0,3,1,4,1,0,1,1,29,6,3,0,0,1,0,0,0
105686,2,4,1,2,2,4,4,4,3,1,3,1,3,3,5,5,4,1,5,1,3,8,1,3,25,4,1,1,0,1,0,1,1
105687,4,0,4,1,0,3,5,0,3,0,2,5,1,4,1,5,3,4,2,5,2,7,2,3,28,5,9,1,1,0,1,1,0
105688,1,2,4,3,0,4,4,1,2,0,4,0,2,4,3,3,5,2,0,1,2,3,0,0,28,2,7,1,1,0,0,0,1
105689,4,1,0,3,0,0,4,1,1,1,0,0,5,3,5,0,1,1,0,3,1,9,3,4,24,6,3,0,0,0,1,1,0
105690,1,3,1,0,1,4,2,5,4,5,4,2,3,2,5,2,0,5,2,0,2,2,2,0,2,6,10,0,0,1,1,0,0
105691,2,4,3,0,2,4,4,1,1,4,0,4,3,2,1,4,1,3,2,1,5,5,1,2,10,5,0,0,0,0,0,0,1
105692,3,0,5,1,2,4,2,0,4,4,2,2,2,0,5,2,4,5,1,4,1,3,2,2,24,5,2,1,0,0,0,0,0
105693,5,3,4,4,2,5,5,5,1,1,1,4,3,4,2,3,0,2,2,5,1,7,0,2,9,1,10,1,1,1,1,1,0
105694,1,1,4,1,5,4,1,0,5,5,5,2,1,4,5,5,4,5,2,2,0,2,3,4,21,1,5,1,0,1,1,1,1
105695,3,0,2,5,0,5,0,2,4,2,3,1,1,5,1,1,1,5,1,1,1,3,3,0,26,1,9,1,0,0,0,1,0
105696,0,2,0,2,5,4,5,1,3,2,3,3,0,2,0,5,0,3,0,1,0,8,1,4,29,6,4,0,1,1,0,1,0
105697,0,3,4,5,1,2,2,1,0,5,3,1,4,1,3,5,2,1,0,3,3,0,2,4,18,3,3,1,0,1,0,0,0
105698,4,1,4,1,5,5,1,4,1,4,4,3,5,3,5,1,5,3,1,2,1,0,2,1,12,0,4,1,1,1,1,0,1
105699,4,2,2,2,0,4,4,0,3,1,0,3,2,3,4,5,0,3,3,4,4,2,0,0,28,5,1,0,0,1,0,0,1
105700,2,5,3,0,0,3,2,3,3,3,0,0,0,2,0,1,5,3,3,1,2,5,1,1,28,6,8,0,0,1,1,0,1
105701,3,2,1,5,0,3,4,3,0,2,5,1,2,2,4,4,5,1,0,2,4,6,3,3,13,5,4,1,1,0,0,1,1
105702,2,5,2,3,1,2,2,4,0,3,3,0,2,2,4,4,0,4,4,3,4,7,0,3,5,1,2,1,0,0,0,0,0
105703,1,5,1,0,5,3,4,0,3,0,4,1,3,2,5,5,2,4,4,1,0,7,2,3,29,1,7,1,1,1,0,1,1
105704,2,2,2,4,2,2,0,2,2,0,2,5,0,3,4,0,4,0,5,2,1,0,1,1,13,0,10,0,0,1,0,0,0
105705,1,3,0,5,0,0,4,0,2,5,5,0,4,4,2,3,2,3,2,1,5,5,1,4,16,6,1,0,0,0,0,0,0
105706,4,4,3,4,3,2,1,5,3,0,0,4,0,3,1,5,1,0,1,5,3,5,3,3,14,3,5,1,1,1,0,1,1
105707,2,2,1,4,3,5,2,5,5,2,2,1,2,4,5,0,3,5,2,2,0,9,1,0,3,0,4,1,0,0,1,1,1
105708,1,2,4,1,4,1,5,2,1,1,3,2,1,0,2,0,1,1,5,1,5,4,0,0,3,3,8,0,0,0,0,1,0
105709,3,1,3,2,4,4,2,3,4,0,2,0,5,1,3,0,0,3,3,1,5,8,2,3,6,3,10,1,1,1,1,0,0
105710,4,0,5,5,4,2,0,0,5,4,5,2,2,1,3,2,0,3,1,5,2,7,2,4,12,2,2,1,1,1,1,0,0
105711,1,0,1,3,0,1,2,5,5,1,0,5,5,4,5,3,5,4,1,2,3,4,3,3,18,0,3,1,0,0,1,0,1
105712,5,2,1,3,2,2,1,4,5,4,4,0,3,1,2,4,4,1,5,1,5,9,1,0,10,6,9,1,1,1,1,1,1
105713,2,4,1,4,3,5,2,0,0,3,5,1,4,5,5,2,4,4,1,2,5,1,1,4,8,1,10,1,1,1,1,1,0
105714,3,1,3,3,3,0,1,3,0,3,0,1,5,3,4,5,5,0,4,5,3,0,0,1,26,0,4,1,0,0,1,1,0
105715,5,1,0,0,5,4,3,1,5,4,3,4,4,1,1,0,1,0,2,2,3,7,1,3,20,6,5,0,1,1,1,0,0
105716,2,1,4,1,5,4,1,3,1,1,0,4,4,2,0,3,3,0,2,4,5,2,2,3,17,1,4,0,1,1,0,1,0
105717,1,3,4,4,4,1,2,3,1,2,3,1,4,0,3,2,2,0,0,1,1,3,2,1,13,5,4,0,0,1,0,0,0
105718,4,1,4,1,1,4,5,2,2,4,2,0,4,1,2,3,1,5,5,5,1,7,1,1,3,1,2,1,1,0,0,1,1
105719,0,1,0,3,3,3,3,2,3,1,4,5,4,3,0,3,2,0,1,4,3,5,3,3,5,5,8,1,0,0,0,1,1
105720,2,0,2,2,4,2,4,4,0,0,1,0,3,0,4,4,1,4,0,5,3,10,3,4,14,1,9,1,1,1,0,1,0
105721,5,1,3,3,1,1,4,0,3,2,2,5,3,3,5,4,3,3,4,1,1,4,2,3,22,2,9,1,1,0,0,1,0
105722,2,1,2,1,4,5,5,0,0,5,0,3,1,4,0,5,1,2,4,2,0,10,2,1,10,1,9,1,1,1,0,1,0
105723,4,4,2,1,1,1,5,2,2,1,4,4,3,1,5,2,0,1,5,1,3,10,2,1,24,1,8,0,1,1,1,0,1
105724,3,5,4,4,0,5,5,2,5,2,0,5,5,0,3,0,1,0,4,2,5,10,1,2,7,1,7,1,1,1,1,1,0
105725,1,2,5,1,1,3,2,1,0,0,4,4,5,3,5,0,3,2,0,1,0,6,0,3,24,1,7,0,0,0,1,0,0
105726,1,0,1,1,5,5,3,2,0,4,2,2,2,2,3,3,3,3,0,1,2,9,3,4,15,1,7,1,0,0,1,1,1
105727,3,0,1,5,5,1,4,0,2,2,5,1,2,2,2,0,4,3,0,2,4,0,3,4,9,6,1,1,1,1,0,1,0
105728,0,1,1,0,5,0,3,4,1,1,0,3,4,2,5,4,5,3,1,2,0,1,1,4,11,1,6,0,0,0,0,0,1
105729,2,2,2,3,1,3,0,4,1,0,3,3,5,3,3,0,1,2,4,3,5,2,0,2,9,2,3,0,0,0,0,0,0
105730,2,3,3,0,4,2,3,1,2,1,1,5,0,2,5,5,5,0,2,1,3,8,3,4,15,3,4,1,0,0,1,1,1
105731,5,1,4,4,1,3,1,3,1,1,0,4,4,1,1,5,1,4,1,0,0,10,3,3,18,6,10,1,1,1,1,0,1
105732,0,2,1,0,0,2,4,1,0,2,5,5,2,0,4,2,0,1,1,2,1,1,3,4,15,1,8,0,0,0,0,0,0
105733,5,1,1,3,1,1,5,2,5,2,5,2,1,5,3,5,4,3,3,4,0,2,2,0,3,3,0,1,0,0,0,0,1
105734,2,3,0,2,0,4,4,1,4,2,5,2,2,4,3,5,1,4,5,1,1,5,2,3,9,6,1,0,1,0,1,0,1
105735,3,4,0,4,3,3,3,5,2,2,1,5,5,3,4,4,1,5,1,2,1,3,0,4,4,3,1,0,1,1,1,0,1
105736,3,0,0,0,4,3,3,2,4,0,4,1,1,1,3,3,4,5,0,1,2,6,1,0,7,2,5,0,0,0,0,0,0
105737,1,2,1,3,0,4,3,3,5,4,2,4,3,0,4,1,4,5,1,3,3,10,1,4,30,5,5,0,0,1,1,0,1
105738,5,3,4,3,0,4,2,1,2,3,1,3,4,3,2,2,4,1,3,4,0,6,0,1,20,3,8,1,1,0,1,0,0
105739,1,4,4,1,2,1,1,5,0,1,2,2,1,5,1,2,0,3,4,5,5,9,0,2,18,2,0,1,1,0,0,1,0
105740,0,3,5,1,0,4,4,4,1,0,1,5,4,2,4,5,1,2,3,4,0,1,3,3,20,5,5,1,0,1,0,1,1
105741,4,3,3,4,4,1,2,0,5,5,3,1,0,0,3,3,3,2,5,0,4,2,0,0,5,5,1,0,1,0,0,0,0
105742,3,4,2,3,2,5,0,1,5,5,3,4,5,3,2,0,5,4,3,5,2,8,2,3,8,5,10,0,0,1,1,1,1
105743,5,2,5,3,2,4,4,3,4,1,1,2,4,5,0,0,1,5,1,5,1,2,3,3,18,5,4,1,1,1,1,1,1
105744,2,3,0,5,0,3,3,2,4,2,4,5,4,2,1,5,3,3,0,1,1,0,2,3,5,0,7,0,0,0,0,0,0
105745,0,1,3,2,4,1,3,4,1,3,3,3,0,2,2,2,5,0,0,2,4,6,0,1,5,2,2,0,0,1,0,0,0
105746,0,2,4,5,4,5,3,3,3,2,3,3,4,5,2,3,3,2,2,5,4,10,2,0,24,2,3,1,0,1,1,1,1
105747,2,0,3,5,4,3,0,3,2,5,0,1,1,1,4,5,1,1,3,3,4,8,0,3,16,0,7,1,1,1,1,1,0
105748,1,2,1,3,3,4,3,2,2,3,4,0,5,2,1,3,4,5,5,1,0,5,3,1,24,5,5,0,0,1,1,0,0
105749,5,0,3,1,1,0,3,5,4,1,2,5,2,1,0,2,1,5,0,3,5,7,1,0,26,2,2,0,0,0,0,1,0
105750,0,1,5,2,0,2,3,4,3,4,2,2,4,0,4,4,2,3,1,1,3,3,1,3,17,6,5,0,1,1,1,1,1
105751,5,2,1,0,1,1,0,4,2,5,0,3,5,5,2,2,1,1,1,2,0,5,2,1,28,0,10,0,0,0,1,0,0
105752,1,3,3,4,3,4,4,3,1,0,5,5,4,2,1,5,4,3,0,0,3,2,2,2,17,4,3,0,1,1,1,0,1
105753,0,5,0,1,0,2,3,3,3,5,3,2,0,4,4,0,5,5,0,4,4,6,3,4,6,1,9,1,0,1,1,0,1
105754,1,0,1,5,0,0,4,4,2,4,4,0,1,2,2,5,5,3,5,0,3,10,3,3,6,2,8,1,0,0,1,1,1
105755,0,5,4,3,1,3,3,1,0,5,3,4,0,4,2,0,0,1,0,0,4,2,1,1,30,3,4,0,0,0,0,0,0
105756,2,1,2,2,0,0,1,3,4,5,0,3,5,0,1,2,5,0,5,1,3,7,3,1,26,3,7,0,0,0,1,0,0
105757,1,4,1,1,0,2,4,0,2,0,4,3,1,3,5,1,3,3,4,2,0,3,0,4,21,2,2,0,1,0,1,0,1
105758,3,4,2,0,2,5,2,2,2,2,2,2,3,5,3,4,0,3,3,5,3,6,2,2,12,5,7,1,1,1,1,1,1
105759,3,5,0,4,4,2,2,1,5,0,3,5,3,5,1,2,0,2,0,3,4,5,3,2,28,0,1,0,1,1,1,0,0
105760,0,0,4,4,2,2,0,1,4,0,3,2,1,1,1,4,0,1,5,4,3,7,2,0,8,3,6,0,1,0,0,0,0
105761,0,5,5,1,0,0,0,3,0,5,4,0,2,4,2,3,2,4,4,4,5,0,0,1,16,2,0,0,0,0,0,0,1
105762,0,0,0,0,2,2,0,2,4,1,1,3,2,5,3,2,4,0,5,3,2,9,1,0,14,6,9,0,0,0,0,0,1
105763,1,5,1,1,0,5,2,2,1,0,5,4,0,4,1,4,2,4,1,0,4,2,3,1,6,6,8,1,0,0,0,0,0
105764,0,3,5,4,3,5,1,5,4,5,2,2,4,2,4,1,0,0,1,2,2,5,0,1,6,2,4,0,1,1,0,0,0
105765,1,2,5,3,1,5,1,2,2,2,4,2,5,0,2,1,1,5,2,4,0,4,0,0,21,6,5,0,0,0,1,0,0
105766,3,2,4,0,2,2,4,0,3,0,3,5,4,3,4,4,3,5,1,3,2,10,2,0,9,6,7,0,0,1,0,0,1
105767,1,0,4,0,5,0,4,4,4,1,3,3,2,0,5,5,2,0,0,2,4,5,3,4,23,4,0,1,1,1,1,0,0
105768,1,4,5,0,3,1,4,1,1,0,3,1,0,4,1,3,4,4,3,2,0,2,2,2,13,4,7,0,0,1,0,0,0
105769,2,4,2,4,4,1,4,5,0,4,3,2,1,2,3,5,4,3,0,0,1,9,1,2,28,5,1,1,0,0,0,1,1
105770,3,5,5,4,2,0,1,3,4,5,5,4,2,0,3,1,0,0,4,5,2,8,1,1,8,6,3,0,0,1,0,1,1
105771,1,4,5,2,5,4,3,1,0,2,1,4,1,4,4,0,4,1,0,1,5,9,1,2,13,3,0,1,1,0,1,0,1
105772,1,5,1,4,4,3,5,3,4,5,1,0,4,2,2,5,0,3,4,1,2,6,3,2,9,6,7,0,1,1,1,0,1
105773,2,5,0,0,3,4,1,5,2,2,5,4,2,3,4,4,0,0,4,1,0,5,2,0,13,0,5,0,1,0,1,0,0
105774,0,2,3,3,3,1,2,5,0,2,5,1,4,1,3,2,3,3,2,1,4,10,0,0,16,0,2,0,0,0,0,0,1
105775,2,4,4,1,3,4,3,2,4,1,2,0,3,2,1,5,5,1,4,2,3,8,0,1,24,2,7,0,1,1,1,1,1
105776,5,1,5,4,0,0,4,0,5,0,1,0,1,1,5,5,5,2,0,1,2,9,2,2,22,5,3,1,1,0,1,1,1
105777,2,4,0,2,1,4,0,0,0,0,4,5,3,1,0,2,4,0,5,3,1,10,1,4,5,0,9,0,0,0,1,0,0
105778,0,3,2,5,4,4,2,5,5,3,5,1,4,4,5,0,3,0,0,4,4,10,2,0,15,2,6,1,1,1,1,1,1
105779,4,2,4,3,2,1,1,3,2,0,5,3,2,4,2,3,4,5,4,0,5,1,2,0,6,3,6,0,0,0,0,0,1
105780,0,3,0,2,4,1,4,4,4,4,1,3,4,0,5,5,5,5,5,3,4,7,3,2,30,1,5,1,0,1,1,1,1
105781,1,1,4,5,3,2,1,4,1,5,1,2,5,0,1,3,5,4,3,0,0,9,3,4,4,4,9,1,1,1,1,1,1
105782,0,3,1,5,0,3,2,4,0,1,3,2,1,3,2,2,4,3,3,4,1,6,1,0,4,3,6,0,0,0,0,0,0
105783,5,2,0,2,3,3,2,3,5,1,1,0,5,3,0,1,1,5,1,2,5,10,3,2,9,6,5,0,0,1,1,1,1
105784,5,1,1,2,3,0,0,2,3,1,5,0,1,2,4,1,1,4,0,2,2,4,0,3,16,4,8,0,0,0,1,0,1
105785,3,5,4,3,2,2,4,1,1,2,2,2,0,5,4,4,2,3,3,1,3,9,2,4,18,4,8,1,1,1,1,1,1
105786,3,0,5,1,4,3,1,1,2,5,1,5,2,5,2,2,1,5,4,2,1,4,1,0,13,1,7,0,0,0,1,0,1
105787,3,4,0,2,2,3,2,4,4,2,5,5,4,3,3,3,5,5,2,2,2,6,1,2,23,4,2,0,1,1,1,1,1
105788,3,1,2,5,0,3,4,0,1,4,5,4,4,5,0,3,3,5,3,1,0,7,2,0,7,6,2,0,0,1,0,0,0
105789,3,1,1,5,0,3,4,0,4,1,5,1,1,2,3,1,2,5,2,5,2,10,1,1,9,4,0,0,0,1,1,1,0
105790,5,0,4,2,5,2,5,4,0,2,3,5,5,0,3,1,1,0,2,4,5,1,1,4,2,6,3,1,1,1,0,1,0
105791,4,0,4,2,2,3,0,3,5,2,4,2,5,0,5,4,4,5,1,1,5,10,0,3,18,3,5,0,0,0,1,1,1
105792,0,0,5,5,2,2,3,0,4,5,2,4,5,4,3,3,1,2,5,2,4,2,2,3,2,6,6,0,1,0,0,1,0
105793,2,4,2,1,1,1,1,0,2,2,0,0,3,0,1,4,4,3,4,4,4,6,3,3,24,2,2,1,0,1,0,0,1
105794,5,5,1,0,4,1,4,1,3,3,3,3,4,1,4,3,2,3,1,0,0,4,0,3,22,2,10,0,1,0,1,0,0
105795,2,3,1,0,3,2,2,0,1,5,0,1,3,4,4,0,0,1,3,1,1,0,2,0,22,0,8,0,0,1,1,0,0
105796,1,0,4,0,5,0,0,1,2,5,1,2,2,2,5,3,3,3,4,1,3,9,3,0,19,3,0,0,0,0,0,0,1
105797,5,5,2,5,5,1,5,4,2,5,1,4,3,1,3,0,0,3,0,0,1,2,2,3,28,0,3,1,1,1,1,1,0
105798,3,3,0,0,5,0,4,5,2,0,3,5,0,4,5,2,5,5,1,0,5,0,0,3,20,6,4,0,0,1,1,0,1
105799,3,3,5,1,1,2,1,1,4,0,4,0,0,4,3,4,1,5,2,3,3,2,1,2,25,4,3,1,0,0,0,0,1
105800,2,5,0,3,3,2,5,1,2,2,1,2,3,1,4,1,5,2,3,3,0,1,1,2,9,4,1,0,0,0,0,1,0
105801,0,2,5,3,2,0,2,4,0,2,4,0,2,1,5,5,3,0,1,4,3,5,0,0,10,6,3,0,0,0,0,0,0
105802,2,2,0,4,4,0,2,2,2,4,4,3,2,4,3,4,4,4,5,2,2,9,1,4,19,5,1,1,1,0,1,1,1
105803,2,4,3,5,4,3,1,1,0,2,3,5,5,1,3,5,0,5,1,1,5,3,2,0,23,4,8,1,0,1,0,0,1
105804,5,3,1,2,1,1,2,4,2,2,3,2,4,1,0,3,1,2,3,2,1,5,0,3,11,0,7,0,0,0,0,0,0
105805,1,4,4,1,5,5,5,2,4,0,2,2,0,5,1,2,0,1,1,5,5,3,3,1,15,5,1,1,1,1,0,1,0
105806,0,4,2,0,1,0,0,5,0,2,0,1,5,5,0,0,2,2,3,1,2,4,3,1,29,3,6,0,0,0,1,0,0
105807,2,5,2,5,5,2,3,5,0,3,0,5,5,5,1,5,1,2,4,5,1,2,0,0,20,1,2,0,0,1,0,1,0
105808,5,1,2,2,5,4,1,4,2,4,0,5,1,2,0,3,0,1,3,0,0,0,2,0,2,6,6,0,1,0,1,0,0
105809,2,0,5,5,0,0,0,5,2,1,2,4,5,4,3,4,1,2,2,4,1,1,2,3,4,1,7,0,0,0,1,1,1
105810,2,2,1,2,2,2,0,3,0,3,3,1,2,1,1,1,3,1,4,0,0,6,2,1,30,5,1,0,0,1,0,0,1
105811,4,3,1,4,2,2,1,3,1,3,0,1,2,5,1,1,3,0,3,5,0,4,2,3,24,1,3,1,0,1,0,1,1
105812,3,4,0,3,4,3,4,0,4,1,0,0,3,0,5,2,3,3,4,2,0,7,0,3,30,0,0,1,1,1,1,0,1
105813,1,1,4,4,4,5,4,1,3,5,4,1,5,5,2,2,4,2,3,1,5,3,0,0,27,6,8,1,1,1,1,1,0
105814,5,4,4,3,0,3,4,0,3,2,3,4,2,3,4,5,2,0,4,3,5,1,1,2,29,5,3,1,1,1,1,1,0
105815,3,4,3,1,5,2,0,5,0,1,5,3,3,5,0,1,5,3,3,2,4,4,3,2,18,6,1,1,1,1,1,1,1
105816,0,4,0,0,1,2,0,1,4,4,5,5,1,4,3,1,1,1,4,0,0,7,0,4,26,2,7,0,1,1,1,0,0
105817,2,4,4,0,2,3,5,3,3,1,5,3,0,1,5,0,3,0,0,4,0,2,2,4,9,0,3,1,1,0,1,0,0
105818,5,5,4,2,1,1,5,2,2,3,0,5,3,4,0,2,5,4,2,0,1,10,0,3,12,4,0,1,1,0,1,1,0
105819,2,3,5,5,0,4,4,4,3,4,2,0,1,4,1,0,0,4,0,4,4,8,0,1,19,4,5,1,1,1,1,1,0
105820,3,2,5,3,3,2,5,2,0,2,2,4,0,2,3,0,0,0,1,0,3,6,1,0,27,2,2,1,1,0,0,1,0
105821,3,2,1,4,0,0,4,5,4,1,4,0,0,3,3,2,3,4,1,5,2,9,1,1,6,4,5,0,0,0,0,1,0
105822,4,4,4,1,0,3,3,3,1,1,5,2,2,2,4,2,4,3,2,3,3,2,1,4,9,6,1,1,1,1,1,0,1
105823,5,1,2,2,4,1,2,1,0,1,4,2,1,1,1,2,0,0,2,0,5,9,0,1,12,1,2,0,0,0,0,0,0
105824,0,3,3,2,2,2,5,2,1,0,5,3,5,3,1,5,4,2,3,1,0,8,2,3,11,5,6,1,1,1,0,1,1
105825,3,3,1,0,3,1,4,2,2,5,0,1,2,3,0,5,0,5,3,1,1,8,0,0,21,6,5,0,0,1,0,1,1
105826,3,3,3,3,5,0,5,4,2,5,0,1,2,0,1,3,3,0,4,2,3,1,1,0,30,6,9,1,0,1,0,0,0
105827,0,2,5,2,0,1,1,1,1,3,2,0,0,4,3,5,1,2,4,5,2,7,2,2,17,2,7,0,1,0,0,1,0
105828,4,4,3,2,4,5,1,0,4,4,4,1,0,1,4,5,1,0,3,1,2,2,3,4,8,3,5,1,0,1,1,0,0
105829,0,0,5,3,0,1,3,4,1,3,1,4,1,0,3,0,5,1,0,3,0,7,2,4,5,3,7,0,1,0,1,0,1
105830,2,4,5,0,4,4,5,5,0,3,1,5,5,1,0,3,5,3,2,4,1,8,1,3,10,3,7,1,1,1,1,1,0
105831,1,4,0,5,1,2,3,1,1,4,1,2,3,5,5,2,2,3,3,4,1,3,3,0,2,3,6,1,1,0,0,1,1
105832,0,5,5,1,0,0,2,5,2,3,4,5,1,4,3,0,3,3,3,1,4,9,1,1,24,0,4,1,1,1,0,0,1
105833,4,5,4,4,1,5,0,0,0,3,4,4,0,2,0,3,5,3,5,0,4,0,0,1,5,2,8,1,1,0,1,1,0
105834,1,2,2,4,2,5,0,2,0,0,2,1,1,2,5,3,4,4,0,1,5,3,1,0,25,4,10,0,0,0,0,0,0
105835,1,0,3,0,4,1,1,0,0,3,0,1,1,2,3,3,4,2,5,3,5,7,0,0,16,5,3,0,0,0,0,0,0
105836,5,3,3,1,4,1,1,2,2,2,1,2,5,0,0,1,4,3,3,4,1,6,2,4,11,6,4,1,1,0,1,0,0
105837,5,0,4,2,4,5,4,3,5,1,1,0,1,2,2,5,3,5,2,3,3,9,0,0,21,4,2,1,0,1,0,1,1
105838,0,1,4,4,0,0,4,5,3,2,2,5,4,5,1,2,0,2,3,5,1,6,3,1,25,6,0,0,0,1,0,1,0
105839,1,4,0,3,5,5,2,5,0,5,2,4,2,3,0,1,0,0,4,3,4,7,0,1,17,3,4,1,1,1,0,0,0
105840,4,3,0,2,2,1,5,5,0,2,1,2,1,2,3,1,2,2,3,3,2,8,3,2,17,2,9,1,1,1,0,1,1
105841,4,3,1,5,0,5,2,3,0,2,5,3,1,5,0,1,3,4,2,0,3,10,3,4,2,3,6,1,1,1,0,1,1
105842,5,4,3,2,5,5,2,2,0,1,2,1,3,0,0,0,4,1,5,0,5,1,0,4,20,1,10,1,1,1,0,1,0
105843,3,0,5,5,4,1,3,5,3,4,1,0,4,5,2,5,0,2,1,5,3,7,1,4,29,1,5,0,1,0,1,1,1
105844,0,4,3,4,0,1,3,0,4,0,2,1,2,2,4,1,2,0,3,4,4,0,0,3,27,2,5,0,0,0,0,0,0
105845,5,3,0,1,2,0,1,4,2,5,4,0,5,3,2,4,2,5,3,4,0,4,3,0,12,6,6,0,0,0,1,0,1
105846,0,2,4,2,5,4,1,5,2,5,5,2,5,5,0,2,4,0,3,2,4,8,3,2,14,5,0,1,1,1,1,1,0
105847,0,2,2,0,4,2,4,0,3,1,2,2,4,5,4,0,3,5,2,0,2,7,2,3,27,2,8,0,0,1,1,0,1
105848,4,3,2,1,1,3,5,3,2,3,3,2,3,4,1,4,2,3,4,4,5,10,1,1,5,3,3,1,1,1,1,1,1
105849,3,3,4,0,4,3,2,5,4,3,1,4,3,3,1,4,4,4,4,0,1,7,2,4,6,1,1,0,0,1,1,1,1
105850,0,2,1,0,1,3,0,4,4,5,4,4,3,3,3,4,4,3,5,3,1,10,2,3,27,1,5,0,0,0,1,0,1
105851,1,1,3,0,2,1,5,5,5,1,4,3,3,5,1,2,3,0,5,2,3,8,1,3,7,6,9,0,0,1,1,0,1
105852,3,1,1,4,1,2,3,1,0,4,1,2,0,4,4,0,5,0,4,3,5,9,3,3,18,4,2,1,0,0,1,1,0
105853,1,2,2,2,4,3,2,3,2,0,3,2,3,1,4,4,3,1,0,0,0,10,3,1,20,3,1,1,1,0,0,0,0
105854,4,1,3,2,5,0,3,4,5,4,5,2,1,3,2,4,5,2,1,2,5,10,0,1,29,2,5,1,1,1,1,1,1
105855,2,3,3,4,0,2,4,0,4,4,1,4,4,4,4,5,4,5,5,2,3,0,3,0,28,4,10,1,0,0,0,1,1
105856,3,5,5,4,3,4,0,3,4,1,2,1,0,4,0,0,3,5,2,1,4,2,0,4,19,4,5,1,1,1,1,1,1
105857,2,0,1,3,1,2,2,5,2,0,4,4,0,1,4,5,2,0,0,3,5,4,3,4,28,2,1,1,0,1,1,0,0
105858,2,1,5,2,4,2,5,2,2,0,0,1,3,5,2,0,3,1,0,2,2,0,3,0,4,2,0,1,1,0,0,1,0
105859,2,0,4,3,0,5,1,4,4,4,3,3,4,3,5,0,4,5,0,2,5,9,1,0,14,2,7,1,0,0,1,0,1
105860,4,5,2,2,2,3,5,4,2,3,3,1,3,2,0,4,5,4,0,0,5,1,2,1,11,5,1,0,1,1,0,1,0
105861,3,4,0,2,1,4,1,1,2,2,3,0,1,2,1,4,4,2,5,1,4,1,1,3,29,3,8,0,1,1,0,0,1
105862,3,1,1,1,5,0,2,2,2,3,1,2,1,2,1,2,2,3,4,4,0,6,1,0,24,3,4,0,0,0,0,0,0
105863,3,2,3,1,0,5,0,2,0,3,4,4,2,0,3,4,0,0,0,4,3,4,1,0,12,6,9,0,0,0,0,0,0
105864,1,4,4,1,3,4,4,2,4,0,1,2,1,1,2,1,5,4,2,0,1,5,3,3,10,3,8,0,1,1,1,1,1
105865,5,5,3,3,0,4,1,3,5,2,3,4,5,0,0,0,1,4,5,1,0,0,3,0,25,6,2,0,1,1,1,0,0
105866,3,3,4,4,3,4,5,3,0,3,1,0,2,4,5,2,4,1,1,4,0,10,2,0,26,0,5,1,1,1,1,1,1
105867,4,1,0,2,4,3,0,2,2,3,5,0,5,2,2,5,0,0,4,1,5,7,1,0,17,0,1,0,1,0,0,0,1
105868,5,4,3,0,4,3,0,3,4,1,2,5,0,0,5,3,1,5,2,4,2,1,0,4,28,6,7,1,0,0,1,0,0
105869,5,4,5,3,0,3,2,3,0,5,2,3,2,3,2,4,0,2,3,5,0,9,0,4,13,1,0,1,1,1,0,1,1
105870,4,3,2,5,4,2,0,5,1,0,1,2,5,2,4,3,2,2,1,3,4,2,0,3,14,0,1,1,0,0,0,1,1
105871,4,0,5,3,1,4,1,4,5,5,3,3,1,4,5,3,0,0,1,2,3,0,1,2,19,0,7,0,1,0,1,0,0
105872,2,4,0,0,4,2,4,3,4,5,4,4,4,5,5,4,5,3,0,4,2,0,3,4,25,0,3,1,1,1,1,1,1
105873,4,0,5,0,5,4,3,1,5,4,3,5,4,5,4,0,2,5,0,4,3,0,2,0,15,4,3,1,0,0,0,1,1
105874,1,5,4,3,0,2,3,1,5,3,1,5,3,2,3,0,1,4,4,2,3,2,3,0,9,0,10,0,0,0,1,0,0
105875,4,5,3,5,2,2,0,1,4,1,0,2,0,0,4,0,1,5,5,5,5,3,1,2,29,3,4,1,1,1,0,1,0
105876,0,3,3,0,5,0,4,1,1,1,0,0,5,0,5,0,0,3,1,2,2,4,0,1,14,1,8,0,0,0,0,0,0
105877,5,3,5,4,0,5,0,5,5,3,5,2,2,0,2,4,1,4,4,2,0,9,1,2,30,3,3,1,1,1,1,0,0
105878,1,0,2,4,1,4,3,3,2,0,0,0,3,0,5,2,0,3,0,3,0,4,0,3,24,3,9,0,0,0,0,0,0
105879,3,5,0,0,3,1,4,5,3,4,1,3,4,3,0,2,0,4,2,5,4,9,3,0,2,5,9,0,1,0,1,1,1
105880,0,1,5,1,5,0,4,0,3,5,2,1,2,5,3,5,5,4,4,3,0,0,0,4,7,0,6,1,0,0,0,0,1
105881,0,1,0,0,1,5,2,4,3,4,1,4,0,4,5,2,4,3,2,5,5,10,2,4,3,1,5,1,0,0,1,1,0
105882,5,4,3,3,2,0,0,3,3,5,0,5,3,4,1,4,2,4,5,2,0,6,0,1,11,2,2,0,0,0,1,0,1
105883,5,5,1,1,4,2,4,4,4,2,1,1,3,1,4,3,1,5,0,2,3,6,2,4,13,3,3,1,1,1,0,0,1
105884,1,2,5,5,0,0,1,2,0,1,0,3,0,4,4,1,1,4,0,0,4,3,0,3,11,5,8,0,0,0,0,0,0
105885,0,3,5,0,1,4,2,3,2,0,3,5,1,3,0,2,2,2,2,4,0,8,2,1,15,1,3,0,1,0,0,0,0
105886,4,3,2,3,1,1,1,2,3,2,1,1,1,2,5,1,1,4,2,3,0,0,3,4,29,4,5,0,0,1,1,1,1
105887,5,1,3,4,2,2,0,4,3,0,1,4,2,0,3,4,4,5,0,2,5,6,1,4,9,3,4,0,1,0,0,0,1
105888,1,3,2,1,3,3,2,1,4,3,5,0,3,3,2,2,3,4,1,0,1,4,0,1,16,0,4,0,0,0,0,0,1
105889,3,5,2,1,1,2,3,3,2,4,5,3,3,2,1,3,0,3,4,3,1,5,1,3,23,6,9,1,1,0,1,0,0
105890,1,2,5,4,2,4,4,2,5,0,0,0,0,3,2,5,2,5,0,2,3,10,0,1,11,5,8,1,1,0,0,1,1
105891,4,4,1,0,5,3,4,4,0,3,5,0,5,2,2,2,0,2,2,2,1,7,3,2,25,5,1,0,1,1,1,0,0
105892,2,4,5,2,4,2,4,0,4,3,0,3,4,4,2,5,0,5,2,0,3,10,3,2,11,2,6,1,1,1,0,0,1
105893,0,5,3,1,5,1,4,1,1,1,3,5,0,5,2,1,3,3,0,3,1,1,3,0,24,5,6,0,1,1,0,0,1
105894,1,4,5,0,4,2,2,3,3,1,3,4,1,3,4,0,2,0,4,2,3,2,0,3,12,5,4,1,0,1,0,0,0
105895,3,5,3,2,3,1,2,2,0,4,3,2,5,2,1,1,1,0,0,4,0,5,3,0,6,4,6,1,0,0,0,0,0
105896,4,4,4,2,1,3,3,1,1,1,2,2,2,1,5,2,3,5,1,2,3,2,0,1,10,2,3,1,0,1,0,0,0
105897,0,5,2,2,0,4,2,5,2,0,4,2,2,5,2,0,2,1,1,0,3,9,0,3,15,0,1,0,1,0,1,0,1
105898,5,4,2,4,3,3,1,5,0,3,0,1,2,3,2,2,2,4,0,3,2,7,2,0,10,6,2,0,1,0,0,1,1
105899,3,5,1,0,2,0,0,0,1,0,2,0,5,5,2,1,0,3,4,3,1,6,2,1,2,1,2,0,0,0,0,0,0
105900,5,5,1,2,4,5,2,3,3,1,5,4,0,4,0,1,3,3,3,3,4,9,1,2,14,6,2,1,1,1,1,1,1
105901,5,5,0,1,0,4,2,4,0,0,3,3,5,3,3,1,1,3,1,0,2,3,2,1,11,2,3,0,0,1,0,0,1
105902,0,3,2,4,5,4,5,4,3,3,4,5,1,0,0,2,4,3,5,4,1,5,1,0,21,2,4,1,1,0,1,1,0
105903,0,4,5,3,1,0,4,1,2,1,0,3,5,4,4,1,1,4,0,3,1,6,3,2,26,3,9,1,0,0,1,0,1
105904,4,5,5,4,2,4,1,5,5,1,2,2,2,2,4,4,3,2,2,5,2,6,1,2,8,4,9,1,1,1,0,1,1
105905,1,2,4,0,2,2,0,3,3,2,0,0,4,0,1,3,3,3,0,1,2,5,2,0,26,2,4,0,0,0,1,0,0
105906,0,0,2,2,5,5,4,5,2,2,3,4,0,2,1,3,0,2,2,1,2,6,2,1,18,3,8,1,0,0,0,0,0
105907,2,5,3,0,4,4,2,4,4,4,2,3,2,2,1,4,0,4,0,0,1,9,3,2,14,1,3,0,1,1,1,1,0
105908,5,3,4,1,0,5,0,5,1,5,4,5,1,5,4,2,2,2,1,5,2,7,0,3,23,3,3,1,1,1,1,1,1
105909,4,2,0,5,5,0,4,0,3,3,4,1,3,3,5,1,1,1,5,3,3,10,0,1,7,4,7,0,1,1,0,1,1
105910,3,4,5,4,4,3,2,1,1,2,0,2,0,2,0,4,5,5,5,2,5,9,3,0,7,3,10,1,1,1,0,1,1
105911,1,0,5,0,0,4,1,3,2,3,2,1,2,5,0,5,0,5,0,0,4,7,0,1,13,3,9,0,0,0,1,0,0
105912,2,2,5,2,4,3,3,1,2,3,5,0,3,3,0,2,0,3,5,0,5,7,1,3,22,4,9,0,1,1,1,1,0
105913,4,1,0,5,0,4,4,1,3,0,0,5,2,5,2,4,2,3,2,0,3,6,2,1,19,5,6,1,0,0,0,1,1
105914,0,1,5,1,2,4,4,4,1,2,0,2,4,2,1,3,5,0,4,3,4,1,3,4,20,2,8,1,1,1,1,1,0
105915,3,5,3,4,0,0,1,5,3,4,5,0,3,5,2,0,2,4,0,2,2,6,3,0,11,4,6,0,0,0,1,0,1
105916,0,3,3,1,0,1,3,3,1,5,2,0,4,4,1,1,2,4,0,2,4,10,3,3,10,4,3,1,0,0,1,1,1
105917,1,0,1,2,3,3,2,3,1,0,3,2,3,4,3,4,5,0,3,4,3,7,2,4,2,2,5,1,1,0,1,1,1
105918,1,2,2,5,4,2,5,3,0,4,1,0,2,5,5,2,3,4,1,1,5,4,0,1,19,2,3,0,0,1,1,1,0
105919,4,1,2,4,2,2,1,2,2,0,2,5,1,3,5,1,5,0,2,2,2,3,0,1,13,5,4,0,0,0,1,1,0
105920,5,5,5,1,2,5,4,4,2,0,3,4,4,0,1,3,1,3,1,3,2,0,3,2,30,6,9,1,1,1,1,1,0
105921,0,1,2,0,3,0,2,4,4,0,1,5,5,2,5,3,1,4,2,3,2,6,1,3,20,4,3,0,0,0,0,0,1
105922,4,2,1,1,0,3,3,0,2,0,5,5,5,0,4,5,4,1,0,4,3,6,0,4,16,6,1,0,0,1,1,0,0
105923,3,2,5,2,0,1,3,1,3,0,5,0,1,1,5,5,1,5,2,3,0,6,0,4,24,5,2,0,1,0,0,1,1
105924,5,1,1,0,0,0,2,1,5,3,3,3,2,4,5,0,1,3,2,2,2,9,0,3,25,4,7,0,0,0,1,0,1
105925,5,4,5,5,0,2,1,4,3,5,1,5,3,0,0,2,3,5,0,2,2,5,1,1,7,5,4,0,1,1,1,0,1
105926,0,3,5,0,4,2,2,3,5,4,1,5,5,3,4,4,4,4,2,1,5,7,0,0,22,4,5,0,0,0,1,0,1
105927,4,2,1,3,3,2,3,4,3,4,0,2,1,3,4,2,5,3,4,0,3,5,0,2,2,0,5,1,0,0,0,0,1
105928,3,2,4,5,1,0,3,3,1,0,4,5,4,3,5,2,0,1,5,4,3,0,3,0,24,4,9,0,1,0,0,1,0
105929,0,4,4,2,3,4,3,3,2,5,5,1,5,4,4,4,5,5,1,3,1,7,2,3,5,4,4,1,1,0,1,0,1
105930,1,0,3,3,2,2,3,4,4,3,5,4,1,2,1,4,1,3,4,3,3,5,1,0,4,2,8,1,0,0,0,0,0
105931,5,5,4,0,0,3,0,0,0,0,5,1,1,3,2,5,4,2,3,4,5,7,2,0,13,5,9,0,0,1,0,1,1
105932,3,3,0,4,5,3,2,4,2,3,0,5,2,4,4,0,0,1,0,3,2,8,1,2,28,2,6,1,1,1,0,1,0
105933,2,1,3,5,5,3,1,5,3,4,4,5,5,3,1,2,3,3,1,0,4,1,2,2,9,2,9,1,1,1,1,0,0
105934,1,3,3,4,4,3,2,1,5,2,1,5,5,4,3,3,5,3,0,5,3,4,3,0,6,3,9,1,0,0,1,0,0
105935,5,5,3,0,4,1,2,4,5,4,1,0,0,4,3,5,1,0,1,0,4,5,2,2,10,6,0,1,1,1,1,0,1
105936,1,1,5,2,3,2,1,0,3,4,3,1,1,2,5,2,5,3,5,5,1,2,3,3,11,2,9,1,0,0,1,0,1
105937,0,3,4,4,4,3,5,0,1,3,4,2,2,5,0,0,0,0,2,1,2,2,0,0,6,3,3,0,1,0,0,0,0
105938,3,3,3,4,3,0,0,2,1,2,4,5,0,1,4,1,2,4,4,0,3,10,3,4,21,1,10,1,1,0,1,1,1
105939,5,4,2,2,0,4,3,5,3,5,2,3,3,0,5,5,1,3,3,5,1,3,2,0,8,5,2,0,0,0,0,0,0
105940,1,3,2,5,1,2,2,2,1,3,0,5,1,5,4,0,0,2,0,1,1,0,3,0,11,3,1,0,0,0,0,0,0
105941,1,4,0,1,5,1,4,2,4,2,0,5,2,5,0,5,1,2,0,3,3,7,2,4,18,1,10,1,1,1,0,0,0
105942,2,4,3,4,2,0,4,4,5,4,0,1,0,2,2,3,5,5,5,4,1,0,0,3,15,4,5,1,1,1,1,1,1
105943,1,5,1,2,4,1,3,4,1,1,4,1,1,1,3,1,5,4,3,2,1,5,2,3,9,6,5,1,1,0,0,0,1
105944,3,2,5,4,0,2,4,4,5,5,3,3,0,1,4,2,1,5,2,0,1,7,1,0,13,3,7,0,1,0,1,0,0
105945,1,4,4,3,2,5,1,0,0,4,2,4,1,3,4,2,3,4,2,1,4,4,3,2,29,0,9,1,1,1,1,1,1
105946,0,1,5,2,0,3,5,5,2,3,4,1,2,5,5,5,0,4,4,0,1,3,0,0,28,1,5,0,1,1,0,0,0
105947,1,5,5,4,1,2,0,1,2,1,2,4,1,1,4,4,5,5,1,2,3,10,0,3,11,3,10,1,0,1,0,1,1
105948,5,5,2,5,0,0,4,3,3,2,1,2,4,4,1,4,1,3,3,1,2,10,2,2,11,2,8,1,1,1,1,1,0
105949,5,1,2,4,1,1,0,4,2,5,4,4,2,2,3,0,5,1,3,3,0,1,1,4,6,6,6,0,0,1,1,1,0
105950,3,3,3,0,3,5,1,1,3,4,3,3,1,3,0,0,1,1,4,4,0,8,3,4,7,4,4,1,0,1,1,1,0
105951,2,4,2,2,0,0,4,4,0,0,4,4,3,3,0,5,0,1,5,5,4,7,2,1,19,1,10,1,1,0,1,1,1
105952,4,0,1,4,1,3,4,3,4,4,4,0,5,4,1,1,5,3,1,2,1,5,3,1,5,5,1,0,0,0,0,0,1
105953,1,4,4,5,4,3,3,0,5,0,1,5,2,4,3,1,0,2,5,2,5,2,3,4,25,3,10,1,1,1,1,1,0
105954,3,4,2,2,0,1,4,1,2,2,0,3,5,1,5,1,3,4,3,1,2,5,2,2,4,5,5,1,0,0,0,0,1
105955,4,5,5,4,3,5,1,4,5,2,3,1,2,0,4,3,3,3,1,3,2,3,3,3,8,5,2,1,1,1,1,1,0
105956,4,1,1,3,5,2,3,0,0,2,2,2,2,3,2,4,2,2,1,1,0,8,3,4,28,4,0,0,1,1,0,1,0
105957,1,4,2,1,4,3,1,2,4,2,5,1,2,2,0,1,4,1,4,5,0,9,2,2,26,3,6,1,1,1,1,0,0
105958,4,4,3,5,0,0,2,2,1,0,1,0,5,1,1,3,4,5,2,3,2,8,3,3,23,1,9,1,1,1,1,1,1
105959,3,0,5,2,0,5,2,2,4,3,4,2,4,1,3,4,3,3,3,5,1,7,1,3,27,2,6,1,1,0,1,0,0
105960,5,4,3,3,4,0,3,2,3,4,4,4,3,5,5,2,4,0,0,2,3,6,1,1,19,2,0,1,1,0,1,1,1
105961,1,3,0,1,2,1,0,5,0,5,4,4,2,0,0,0,1,2,4,5,0,2,1,3,20,1,6,0,0,1,0,0,0
105962,3,5,2,0,2,5,0,0,2,2,3,5,0,0,0,1,1,5,3,3,5,7,2,1,24,3,10,1,1,1,1,1,0
105963,4,0,5,2,2,3,0,5,2,3,0,3,5,2,3,5,2,1,1,2,2,4,2,3,18,0,2,0,0,0,0,0,0
105964,1,5,1,4,3,4,1,4,4,0,4,0,0,1,4,2,1,5,0,4,1,9,3,1,19,6,2,1,0,1,0,0,1
105965,4,3,2,1,2,1,3,5,0,2,1,2,4,0,1,4,0,1,3,4,0,1,0,2,16,1,9,0,0,0,0,0,0
105966,0,1,0,5,0,4,0,3,5,3,3,2,3,1,4,1,0,3,1,0,0,0,1,0,27,1,7,0,0,0,1,0,0
105967,4,2,4,4,0,5,5,5,0,2,1,5,4,2,5,5,0,3,3,0,1,1,1,4,20,5,3,0,1,1,0,0,1
105968,3,4,0,3,0,3,2,0,1,5,1,0,5,2,3,1,2,5,0,1,4,2,1,0,9,4,9,1,0,1,0,0,0
105969,1,5,2,4,1,1,1,4,0,1,2,5,1,3,4,0,1,1,4,2,0,9,2,0,17,0,6,0,0,0,0,0,0
105970,0,1,4,5,4,5,5,4,5,0,2,1,0,0,1,4,0,1,3,3,5,3,3,3,20,2,9,1,1,1,1,0,1
105971,4,5,5,4,5,0,1,5,3,5,5,4,2,5,4,3,4,1,5,5,0,6,1,0,10,5,9,1,1,0,1,1,1
105972,1,3,1,4,2,5,1,0,4,3,2,2,3,3,2,5,2,2,2,4,5,4,3,2,25,2,5,0,1,0,0,1,1
105973,2,1,1,4,0,0,2,3,4,0,5,5,0,2,4,3,1,1,2,2,2,1,3,4,4,4,0,0,0,0,0,1,0
105974,0,3,0,5,0,0,0,3,3,5,4,1,4,4,2,4,1,1,2,1,2,1,3,0,3,5,0,0,0,0,0,0,0
105975,5,4,2,0,4,0,4,0,1,1,3,2,3,5,3,3,2,3,3,1,4,6,0,1,17,6,4,1,0,0,1,0,1
105976,3,0,5,2,2,1,4,3,0,5,5,3,5,0,0,0,4,1,2,2,1,7,1,2,6,4,6,0,1,0,1,0,0
105977,5,0,1,5,5,4,2,2,2,2,5,1,1,3,3,2,0,0,4,5,0,4,1,4,14,4,9,1,1,1,0,1,0
105978,0,0,1,2,3,2,5,2,2,2,2,1,5,5,3,5,1,0,0,0,4,4,1,1,25,3,5,0,0,0,0,0,0
105979,1,3,2,0,5,0,0,4,2,1,2,4,2,1,2,5,2,0,0,0,3,5,3,4,24,3,8,0,0,0,1,0,0
105980,3,0,5,5,0,2,3,4,5,1,3,4,0,5,1,2,3,0,5,0,4,2,0,2,2,0,1,0,0,0,0,1,0
105981,3,5,3,3,5,5,4,3,0,4,1,4,5,3,5,5,4,5,5,3,2,0,0,3,24,1,8,1,1,1,1,1,1
105982,4,0,3,5,3,3,2,2,3,2,1,1,0,0,5,1,4,0,2,5,3,9,1,3,25,0,2,1,1,1,1,1,0
105983,5,0,4,0,2,4,5,5,0,3,1,1,4,5,2,1,3,5,3,3,1,1,0,2,12,1,8,0,1,0,0,0,1
105984,4,1,4,0,3,1,2,1,3,1,3,5,1,0,3,4,4,4,4,3,2,5,0,0,18,3,9,0,0,0,0,1,0
105985,0,4,3,3,1,3,5,2,4,2,5,5,4,4,3,0,3,1,3,4,5,4,3,2,2,6,7,1,0,0,1,1,0
105986,1,5,3,1,3,4,3,2,0,2,4,2,1,3,0,0,2,1,5,2,2,3,0,3,18,5,5,1,1,1,1,1,0
105987,5,1,3,3,4,4,1,1,2,1,1,3,0,4,1,1,4,0,5,5,5,0,0,0,4,0,1,1,1,1,0,1,0
105988,3,3,1,2,4,0,4,2,1,3,4,0,5,1,3,0,2,3,0,2,2,9,3,0,18,3,4,0,0,1,1,0,1
105989,5,4,2,1,5,3,0,5,2,2,3,3,2,0,3,3,5,0,2,4,3,10,2,2,7,2,4,1,0,1,1,1,1
105990,3,4,5,4,2,4,1,0,2,4,5,0,3,2,2,4,1,4,4,5,1,5,2,0,24,3,8,1,1,1,0,1,1
105991,0,0,0,0,4,0,4,3,2,4,3,0,0,4,3,3,3,2,5,2,1,9,2,1,8,0,8,0,0,0,0,0,0
105992,2,5,4,5,5,2,5,2,3,3,5,3,5,3,1,0,0,4,0,2,2,4,0,4,22,6,6,1,1,1,1,1,0
105993,4,5,3,0,0,3,2,0,1,0,4,5,3,0,4,5,4,5,2,3,4,8,3,1,14,1,2,0,0,1,1,0,1
105994,3,4,2,3,2,0,3,1,5,5,3,5,2,3,1,2,0,5,5,1,4,7,0,3,9,1,2,0,1,1,1,0,1
105995,0,3,0,5,4,4,4,1,5,4,4,2,5,2,5,1,3,1,2,4,3,4,0,0,2,4,7,0,0,1,1,0,0
105996,1,2,4,0,2,5,4,2,2,4,5,3,2,4,1,3,1,4,2,0,3,10,1,0,24,3,6,0,0,0,0,0,1
105997,5,5,0,5,0,3,5,2,5,3,1,3,1,5,0,0,0,3,0,4,0,6,0,1,22,3,10,1,1,1,1,1,0
105998,5,5,3,1,3,2,0,3,1,3,4,2,1,5,3,5,3,3,1,4,1,7,1,0,22,5,4,1,1,1,1,0,1
105999,4,3,0,4,2,0,1,2,1,3,5,4,3,5,0,2,4,0,3,1,5,2,1,3,2,0,8,0,0,0,1,0,0
106000,0,4,5,5,3,4,5,4,1,0,3,4,2,3,1,1,4,0,1,5,4,10,3,4,26,6,8,1,1,1,1,1,0
106001,3,2,1,1,0,5,3,2,4,5,2,2,3,4,3,4,4,1,1,5,5,5,0,0,20,0,4,1,0,1,0,1,1
106002,4,4,4,2,0,5,3,5,0,4,0,1,4,0,0,1,2,0,5,5,2,10,0,0,26,5,6,1,1,1,1,1,0
106003,3,0,3,5,3,3,2,5,1,5,4,5,3,1,1,4,5,0,0,0,4,9,1,2,22,3,9,1,0,0,1,1,1
106004,3,5,0,0,5,0,2,4,0,4,5,4,4,0,4,2,4,4,1,1,1,9,0,3,11,3,0,0,1,0,0,0,1
106005,2,3,4,0,3,1,1,0,2,1,3,2,3,4,1,5,0,1,3,3,4,10,2,0,16,3,3,0,0,1,0,1,0
106006,1,3,5,1,5,1,2,5,1,2,5,1,4,3,1,2,2,5,5,3,0,7,3,3,18,4,3,0,1,1,1,1,1
106007,1,1,1,3,5,0,0,4,4,5,0,2,4,5,2,3,4,4,4,3,5,10,0,1,3,1,7,0,1,0,1,1,1
106008,4,3,5,4,1,0,1,3,4,1,3,5,4,4,1,3,3,3,5,3,5,5,1,4,23,5,7,1,0,1,1,1,1
106009,0,0,4,3,0,3,5,2,5,3,4,1,3,5,5,5,5,2,2,0,3,2,0,3,15,3,7,0,0,0,1,1,1
106010,0,5,4,2,3,0,0,4,2,3,2,5,0,4,2,5,3,5,5,2,3,4,0,2,12,2,3,0,1,0,1,0,1
106011,2,4,2,5,3,0,4,3,3,1,5,1,5,3,1,2,2,3,1,2,4,7,3,2,15,2,10,1,1,1,1,1,0
106012,4,2,0,1,4,5,0,4,5,0,0,1,1,3,4,4,0,5,0,4,0,7,2,2,30,5,2,1,0,1,1,0,1
106013,3,5,2,5,3,3,4,3,4,0,5,0,4,0,0,1,5,1,5,5,1,8,0,1,13,5,5,1,1,1,1,1,0
106014,3,4,4,1,5,4,1,4,5,4,0,0,3,3,3,5,2,5,3,5,2,5,3,0,19,3,8,1,1,1,1,0,1
106015,3,0,3,1,5,1,4,5,5,1,0,1,3,3,2,3,4,1,0,5,0,5,2,3,11,1,7,1,1,0,0,0,0
106016,0,0,3,5,3,2,2,4,0,1,4,4,2,5,0,2,5,4,2,0,1,5,3,4,27,2,10,1,1,0,1,1,0
106017,1,1,4,3,3,3,4,1,1,5,5,3,2,5,1,5,4,5,1,5,3,9,1,2,24,5,7,1,1,0,1,1,1
106018,0,0,2,2,0,4,4,5,4,3,2,3,0,2,2,4,0,5,2,0,1,8,2,1,20,3,0,0,0,1,1,0,0
106019,4,3,0,1,4,2,3,4,0,0,1,0,1,1,0,1,3,2,4,0,2,6,0,4,29,2,3,0,1,0,0,1,0
106020,4,3,5,2,4,5,4,2,0,1,3,3,0,1,4,5,2,3,0,1,5,8,0,1,3,6,1,1,1,1,0,0,0
106021,1,3,3,4,5,4,5,0,0,2,1,3,5,2,4,1,3,4,5,0,4,9,1,2,8,5,5,1,1,1,0,1,1
106022,1,0,3,0,0,1,3,5,0,2,1,3,5,5,0,0,1,2,5,4,5,2,0,0,23,4,1,0,0,0,1,0,0
106023,1,5,3,1,0,0,1,3,3,4,0,3,0,5,2,2,0,3,3,1,1,8,0,3,2,0,3,0,0,0,0,0,0
106024,5,5,5,1,4,0,0,2,1,4,3,0,5,5,0,2,4,0,1,5,4,6,1,2,8,6,1,1,0,1,1,0,1
106025,2,3,4,2,2,5,3,3,5,0,0,2,4,1,0,0,5,0,1,3,5,4,2,4,3,6,5,1,1,0,0,1,1
106026,4,0,4,4,3,4,2,0,0,1,4,4,1,0,4,3,0,5,5,4,1,10,3,0,24,6,1,1,1,1,0,1,0
106027,2,2,4,1,2,2,3,4,2,3,1,0,0,4,1,2,1,0,2,0,0,3,0,3,4,0,3,0,0,0,0,0,0
106028,4,4,1,4,3,4,4,1,3,0,5,0,3,2,3,3,2,2,0,0,0,9,3,3,9,4,0,1,1,0,0,0,0
106029,3,4,4,5,3,5,1,1,2,3,4,4,0,2,1,2,4,4,2,0,5,10,0,2,7,4,10,1,1,1,0,1,1
106030,1,1,5,2,1,0,4,3,4,0,2,3,0,4,0,3,1,0,4,3,0,0,3,3,5,0,2,0,0,0,0,0,0
106031,5,4,1,5,4,5,5,3,5,3,2,1,0,5,5,0,3,5,3,5,2,7,1,0,4,0,0,1,1,1,0,1,0
106032,4,5,3,5,2,2,1,0,3,0,1,2,0,1,4,4,1,4,4,2,0,9,2,0,22,6,3,0,1,0,0,0,1
106033,4,3,4,4,3,2,5,3,3,4,0,5,0,3,5,3,2,2,4,3,1,1,0,4,24,0,2,0,1,1,0,1,0
106034,5,2,3,2,3,0,5,0,3,2,0,1,2,0,0,1,2,1,1,4,5,9,2,2,13,5,5,0,1,1,0,0,0
106035,1,3,5,1,4,4,2,5,5,5,3,2,4,3,1,0,2,0,3,1,0,4,2,0,18,6,3,0,1,1,1,1,0
106036,0,0,2,5,1,3,4,2,4,0,5,4,1,0,2,5,1,3,3,4,1,2,1,2,2,2,2,0,0,0,0,0,0
106037,3,3,1,2,0,0,5,2,0,5,4,1,1,4,5,3,0,4,5,4,0,7,0,2,9,3,2,0,0,0,0,0,0
106038,1,0,0,0,1,3,5,3,4,2,5,2,5,3,4,4,3,5,1,1,4,10,2,0,28,3,3,0,1,0,1,0,1
106039,2,0,5,4,5,0,2,0,0,2,4,1,2,1,3,2,4,1,1,2,1,10,3,1,22,3,9,1,1,1,1,1,1
106040,1,3,4,2,1,1,3,0,5,4,2,2,0,1,1,1,1,3,1,1,1,4,2,2,18,0,0,0,0,0,0,0,0
106041,2,3,3,5,1,3,3,5,1,3,5,1,3,3,5,1,1,0,2,5,4,3,2,3,28,0,5,1,1,1,1,1,1
106042,2,5,2,5,5,4,2,3,4,5,1,5,3,1,3,0,5,0,3,1,4,8,0,3,19,6,10,1,1,1,1,1,1
106043,2,3,2,0,1,0,3,1,4,4,1,0,2,2,4,3,1,1,2,5,2,10,0,3,28,2,6,1,0,0,0,1,0
106044,4,5,5,5,2,2,5,3,2,1,4,3,5,0,2,4,2,0,4,3,4,0,3,3,12,6,1,1,1,1,1,1,1
106045,3,4,4,5,2,1,0,5,5,1,0,3,4,2,4,0,2,1,0,0,3,1,3,1,21,0,0,1,0,0,0,0,1
106046,2,2,5,4,3,4,5,4,3,5,4,4,0,4,5,0,0,3,4,0,1,1,2,0,12,0,2,0,1,1,0,1,0
106047,0,5,4,1,3,4,2,2,2,4,1,0,2,0,2,0,2,0,5,0,1,2,3,3,6,3,0,0,0,1,0,0,0
106048,3,2,4,4,3,3,4,3,2,5,4,5,3,5,3,2,1,0,5,3,2,4,1,3,6,5,2,1,1,0,1,1,1
106049,1,3,3,5,3,4,0,5,1,5,4,1,3,1,4,3,1,2,2,5,0,7,3,1,5,0,9,1,1,1,1,0,1
106050,1,0,1,4,5,2,5,1,0,3,0,4,2,4,2,3,4,0,4,2,2,1,1,3,4,3,9,1,0,1,0,1,0
106051,2,1,3,2,3,3,2,4,5,5,1,0,2,0,3,5,5,3,4,2,0,10,0,1,16,1,7,0,0,1,1,0,0
106052,0,3,4,4,3,1,5,5,4,4,5,0,1,0,2,5,0,1,2,3,0,6,3,0,17,1,5,1,1,0,1,0,0
106053,2,1,3,2,5,5,2,2,4,5,5,3,3,5,3,5,1,4,2,1,1,7,2,0,24,1,0,0,1,1,1,1,1
106054,1,3,0,1,0,1,4,5,5,2,3,0,1,5,3,1,2,0,5,5,0,2,1,0,21,4,3,0,0,0,0,0,1
106055,5,0,5,4,5,5,3,0,3,5,2,2,2,1,1,2,3,2,4,1,0,2,2,1,5,6,9,1,1,0,0,0,0
106056,5,1,4,2,1,4,1,2,5,0,3,2,4,5,5,4,5,5,5,2,4,3,2,1,18,5,3,0,1,0,1,1,1
106057,0,3,2,1,1,5,1,1,5,5,4,2,5,4,1,1,4,2,5,1,5,4,3,4,19,0,4,0,0,0,1,1,1
106058,3,3,2,3,0,3,3,0,1,5,0,0,2,1,4,5,0,2,2,4,2,7,1,3,30,3,5,0,1,1,1,0,1
106059,3,5,0,1,3,2,2,3,2,4,1,4,1,4,4,0,4,0,2,3,3,4,3,0,4,1,7,1,0,1,0,0,0
106060,2,5,5,3,4,1,3,3,0,5,0,1,0,5,4,2,5,2,5,5,2,5,2,1,23,1,1,1,0,1,1,1,0
106061,2,4,1,2,2,1,4,2,4,2,3,4,5,1,1,4,1,4,2,4,3,1,3,4,15,5,5,0,0,1,1,1,0
106062,4,0,2,5,3,5,4,5,0,1,0,1,2,2,5,0,2,4,5,0,3,2,1,3,26,6,10,1,1,1,0,1,1
106063,2,3,2,5,2,0,0,1,4,0,5,1,1,1,3,5,1,0,3,3,1,6,0,4,11,1,1,0,0,0,0,0,0
106064,0,1,1,2,4,4,2,4,4,1,2,0,4,0,0,0,1,1,4,0,1,2,1,3,2,3,4,0,0,1,0,0,0
106065,2,1,3,4,5,4,0,3,2,5,5,5,2,5,3,1,2,0,4,3,4,5,1,2,20,6,1,0,1,1,1,1,0
106066,1,1,5,1,4,0,3,5,3,0,5,2,4,3,2,2,4,1,4,1,4,3,0,3,3,6,3,0,0,1,1,1,1
106067,2,2,5,5,2,5,3,0,5,1,1,0,0,1,4,3,0,5,0,1,1,8,2,3,15,1,3,1,1,0,0,1,0
106068,1,0,3,1,4,0,5,5,4,2,4,1,5,3,5,1,2,1,0,4,0,3,0,0,5,2,7,0,0,0,0,0,1
106069,0,3,0,5,0,0,2,0,2,2,0,0,1,4,1,3,5,2,1,1,0,2,2,2,4,1,2,0,0,0,0,0,0
106070,5,0,5,5,5,3,2,4,5,5,5,0,4,5,5,1,0,5,1,3,0,10,3,2,21,3,2,1,1,1,1,1,1
106071,0,3,1,1,5,0,3,4,0,0,4,0,1,4,5,2,4,5,2,1,2,2,2,2,8,6,7,0,0,0,0,0,1
106072,4,3,5,0,3,0,0,0,1,0,4,4,1,2,1,2,4,1,0,3,5,8,3,0,28,3,6,1,0,1,0,1,0
106073,4,1,2,4,3,3,0,0,1,1,3,3,2,5,1,1,1,2,3,5,3,6,3,3,29,5,3,1,1,1,0,1,1
106074,3,0,3,5,1,5,4,0,2,3,0,5,0,4,2,3,4,4,0,4,5,2,3,0,7,1,8,1,0,1,0,0,0
106075,5,4,2,4,2,0,1,0,4,2,1,5,3,2,1,2,1,5,4,1,5,8,3,4,8,5,0,0,1,1,0,1,1
106076,0,4,2,0,0,3,2,0,4,5,4,3,2,4,1,1,2,3,4,2,0,10,2,1,27,6,8,0,0,1,1,1,0
106077,1,1,0,3,2,3,5,5,0,0,1,3,0,5,4,2,5,4,5,1,0,3,2,2,9,4,5,0,0,0,0,1,1
106078,1,5,3,2,3,0,1,1,1,2,3,5,2,0,4,2,4,2,1,1,3,10,1,3,8,4,5,1,1,1,1,0,0
106079,3,1,2,5,2,0,5,4,4,3,4,5,3,3,4,2,2,0,0,2,5,1,3,1,10,0,7,1,0,0,1,0,0
106080,3,5,5,4,4,2,3,0,3,3,5,0,3,4,3,3,0,4,2,1,4,9,3,3,21,5,3,1,1,1,1,1,1
106081,5,0,2,4,5,4,1,3,1,3,0,3,0,5,1,1,0,2,4,1,2,4,2,0,30,2,3,1,1,1,0,0,0
106082,2,3,5,2,3,1,5,2,2,2,3,4,4,2,3,3,0,1,2,5,1,8,3,4,3,0,6,0,0,1,1,0,1
106083,1,0,1,1,2,2,3,3,3,0,0,5,1,2,3,2,0,3,1,4,1,3,3,1,7,4,3,0,0,0,0,0,0
106084,5,1,1,4,1,2,1,4,3,0,1,2,1,1,5,4,1,0,0,1,0,8,1,3,11,0,8,0,0,0,1,0,1
106085,4,2,0,0,3,4,2,1,4,0,5,3,5,2,5,3,3,4,0,0,3,3,2,0,20,5,0,0,0,1,0,0,1
106086,4,0,4,0,4,1,2,0,5,3,4,2,5,2,0,1,5,3,5,2,3,5,1,0,16,2,3,1,1,0,0,1,0
106087,2,2,0,0,0,4,5,1,4,5,4,3,0,4,3,1,5,2,4,0,3,0,3,1,30,4,4,0,1,0,1,1,0
106088,2,1,1,3,2,4,2,4,0,0,4,3,2,5,5,2,1,1,5,4,4,3,2,3,18,6,1,1,1,0,0,1,1
106089,2,0,5,0,2,3,0,3,2,0,0,3,1,3,4,2,5,2,3,2,4,3,3,4,15,3,8,1,1,0,0,1,1
106090,4,5,3,3,1,4,4,5,2,4,3,4,4,4,2,3,5,5,0,4,4,5,1,0,11,6,7,1,1,1,0,1,1
106091,1,5,3,1,1,1,4,5,3,3,1,0,3,4,4,1,3,1,4,4,0,4,2,4,10,3,9,0,1,1,1,1,1
106092,5,5,4,5,5,5,2,0,5,1,0,0,2,3,0,5,1,3,3,3,1,8,2,4,15,5,1,1,1,1,1,1,1
106093,1,0,4,2,2,1,5,0,2,0,5,5,4,4,2,5,2,3,3,4,5,7,2,4,5,2,3,1,1,0,0,1,0
106094,2,2,5,0,3,1,2,0,2,4,2,2,4,0,5,3,2,1,3,3,3,4,3,0,4,5,4,0,0,0,0,0,0
106095,1,1,3,4,0,3,1,1,5,3,1,2,5,2,2,3,1,3,1,3,0,1,2,1,21,2,8,0,0,0,1,0,1
106096,3,1,2,2,1,2,4,2,4,3,5,4,5,4,5,1,4,1,3,5,1,3,3,2,13,4,2,1,0,0,1,0,1
106097,4,2,0,1,1,2,0,0,2,1,4,3,2,3,4,3,3,5,5,5,5,1,0,2,3,6,10,0,0,0,0,0,0
106098,5,3,2,3,1,4,5,5,5,5,1,3,0,4,5,0,1,3,1,2,3,1,0,4,12,4,5,1,1,1,1,1,0
106099,4,2,4,5,5,3,4,2,1,0,4,5,5,1,0,0,0,3,1,3,2,9,2,4,28,1,0,1,1,1,1,1,0
106100,1,1,1,5,3,2,1,4,1,4,4,2,2,5,5,3,1,5,1,5,2,8,2,1,2,2,6,0,1,0,1,1,1
106101,1,5,4,2,5,4,0,5,0,4,1,1,5,0,1,0,2,2,3,0,3,1,1,3,28,0,3,1,1,1,1,0,0
106102,5,5,0,5,2,2,3,0,0,4,1,0,4,4,1,5,1,2,0,5,3,7,0,2,17,6,4,1,1,1,0,1,1
106103,2,1,0,1,4,5,3,2,5,3,1,5,3,4,0,4,3,1,3,3,3,5,3,4,3,5,7,0,1,0,0,1,1
106104,0,1,2,5,0,5,4,4,0,1,1,0,5,0,1,4,2,0,4,0,1,5,1,3,29,2,1,0,1,0,0,0,1
106105,4,3,1,5,4,2,1,5,4,2,1,2,4,1,3,5,2,4,1,3,0,9,1,2,22,6,3,0,0,1,1,1,1
106106,3,2,5,3,3,4,1,4,0,2,2,2,3,5,1,2,2,4,2,3,3,3,1,1,17,2,0,0,0,1,0,0,0
106107,0,5,2,3,0,4,2,1,1,5,1,5,3,4,0,5,4,4,1,3,3,4,0,0,16,4,7,0,0,0,0,0,1
106108,4,2,2,3,4,5,4,1,2,4,0,2,1,4,1,0,0,3,3,5,3,6,3,4,3,1,2,1,0,1,1,1,0
106109,3,0,2,0,2,2,5,4,1,2,4,0,1,5,0,4,2,3,1,2,5,10,0,3,24,3,9,1,1,0,1,1,1
106110,3,0,1,5,0,2,2,3,0,4,2,1,3,0,5,0,1,4,3,2,1,0,1,0,4,0,2,0,0,0,0,0,0
106111,5,0,5,4,5,1,0,1,5,5,0,3,2,5,4,0,4,0,3,1,4,1,3,1,16,5,7,1,1,0,1,1,0
106112,2,2,4,5,3,3,0,2,2,4,4,4,3,4,3,4,4,3,3,2,0,1,2,0,24,1,8,0,1,1,1,1,1
106113,2,1,0,0,3,3,3,5,2,2,1,0,4,1,5,4,5,5,5,3,1,6,0,2,6,0,6,1,0,0,0,0,1
106114,3,5,1,4,3,2,0,1,4,0,2,4,0,1,1,1,3,2,4,2,3,3,2,4,19,0,3,0,1,0,0,0,0
106115,1,5,0,2,0,1,4,1,5,5,5,1,0,2,5,0,5,3,1,0,2,10,3,3,7,1,7,1,1,0,1,0,0
106116,0,0,1,4,1,2,0,5,1,0,1,1,3,3,4,1,5,2,1,4,1,1,1,2,20,3,3,0,0,0,0,0,0
106117,5,5,3,5,4,3,2,4,2,3,1,0,5,1,1,2,5,5,2,1,2,8,3,1,26,3,3,1,1,1,1,1,1
106118,1,3,5,5,2,0,4,1,2,0,4,1,3,1,3,1,1,4,4,4,3,0,2,4,26,2,4,0,0,0,0,1,0
106119,3,1,2,5,5,3,2,1,1,5,0,3,4,3,5,5,2,4,2,5,0,8,2,4,22,5,2,1,0,1,0,1,1
106120,1,2,0,0,1,5,4,5,0,0,3,5,1,4,2,5,1,2,1,2,0,2,2,3,6,2,7,0,1,0,0,0,1
106121,1,2,0,1,2,1,2,1,5,4,4,0,1,2,1,2,3,5,4,0,1,10,2,1,18,6,6,0,0,0,1,0,1
106122,3,1,2,1,2,2,4,4,4,4,2,5,1,1,5,1,2,2,0,3,1,9,1,3,30,3,5,0,0,1,1,0,0
106123,4,5,1,3,0,0,2,2,4,4,0,1,5,0,1,1,3,4,5,0,3,0,0,1,27,5,4,0,0,0,0,0,0
106124,2,0,3,5,4,3,4,1,1,3,4,5,4,5,3,1,0,1,4,3,0,0,1,1,20,2,2,0,1,1,1,0,0
106125,0,0,0,4,0,2,5,2,3,3,4,4,2,2,0,0,0,1,0,5,2,4,0,1,23,3,10,0,0,0,0,0,0
106126,1,1,1,3,2,5,2,4,0,3,2,4,0,0,3,2,1,0,4,1,1,8,0,4,30,1,1,0,1,1,1,0,0
106127,0,0,3,4,5,5,1,4,0,4,0,2,5,2,5,5,5,1,3,2,3,10,1,4,29,2,9,1,1,1,1,1,1
106128,5,0,1,1,5,4,5,0,5,0,3,5,1,0,0,4,2,1,4,0,4,6,0,1,18,0,3,0,1,1,0,1,0
106129,1,2,2,3,1,1,4,5,1,5,4,2,1,1,1,0,1,5,4,1,4,10,3,4,11,4,10,1,0,1,1,1,0
106130,2,2,1,3,2,1,5,1,4,4,0,0,4,0,3,2,3,4,2,0,3,0,1,3,25,6,4,0,1,0,0,0,1
106131,0,0,0,1,3,2,2,3,1,5,2,1,0,5,3,1,5,5,4,3,3,5,1,4,14,4,8,0,0,0,0,0,1
106132,2,4,2,3,4,3,2,1,3,0,2,0,1,2,2,4,0,5,4,2,0,4,3,2,17,2,4,0,1,1,1,0,1
106133,5,5,1,5,1,0,0,1,3,1,2,1,3,1,1,3,2,3,4,3,3,8,3,1,2,1,5,0,0,0,1,1,1
106134,2,4,5,4,3,2,4,5,4,1,1,0,0,3,4,4,5,4,1,4,0,6,1,0,8,2,6,1,1,1,0,1,1
106135,3,3,5,5,5,0,5,4,5,2,3,2,5,5,2,0,5,1,1,0,2,4,1,3,3,3,4,1,1,1,1,1,1
106136,1,5,2,4,4,1,4,5,2,4,5,3,5,2,0,2,5,2,1,5,0,0,3,4,28,5,7,1,1,1,1,1,1
106137,0,2,1,2,4,2,1,0,5,4,0,3,4,1,0,2,2,4,1,1,1,7,1,2,22,4,0,0,0,0,0,0,0
106138,4,2,2,0,5,0,2,1,1,4,0,1,3,2,2,5,3,4,2,5,5,1,0,0,16,2,8,0,0,1,0,0,0
106139,0,0,3,5,5,1,2,0,5,2,2,1,3,3,3,4,5,5,4,5,0,10,1,2,16,2,1,1,1,1,1,1,0
106140,2,4,2,2,3,3,0,2,2,0,4,3,1,5,0,0,2,0,4,2,1,1,1,3,10,5,4,0,0,0,0,0,0
106141,1,0,4,3,5,5,0,2,5,4,0,1,0,0,5,0,5,2,2,4,0,0,2,2,21,5,9,0,1,0,1,0,0
106142,0,3,5,0,2,4,2,5,4,0,4,0,0,3,5,4,4,0,1,3,5,8,1,2,27,1,5,1,1,0,0,1,1
106143,3,4,2,5,4,1,3,1,3,1,4,4,0,0,0,2,1,0,4,3,5,2,3,4,25,3,9,1,1,1,1,1,0
106144,5,1,0,5,5,5,5,3,5,2,1,3,0,3,2,3,1,1,0,2,3,0,1,3,14,0,10,1,0,0,0,0,0
106145,0,3,0,5,0,2,5,5,4,4,1,1,4,0,2,2,3,4,3,0,1,6,2,4,23,5,8,1,0,1,0,0,1
106146,4,1,5,1,5,2,4,0,3,3,1,5,4,2,0,1,3,3,1,1,5,6,2,1,11,5,6,1,1,1,1,0,0
106147,3,2,2,5,4,5,5,2,1,0,4,1,4,2,3,0,5,2,3,1,0,5,3,2,8,1,2,1,1,0,0,0,1
106148,4,3,1,3,5,2,4,2,2,1,0,4,2,5,4,2,1,2,2,1,1,3,1,3,24,4,6,1,1,1,0,1,1
106149,0,1,3,0,4,4,3,0,0,5,2,0,0,1,3,4,4,5,0,4,3,0,0,0,19,0,9,0,0,1,0,0,0
106150,5,4,5,3,0,0,5,2,4,3,1,2,1,1,5,3,5,1,1,5,5,6,0,3,12,1,6,1,1,1,0,1,1
106151,0,2,2,2,1,1,5,1,3,3,2,1,4,3,3,1,4,2,3,0,0,1,2,0,5,4,8,0,0,0,0,0,0
106152,5,2,1,3,0,5,1,1,4,2,5,0,5,0,4,1,2,3,4,0,5,0,0,1,12,3,0,0,0,0,0,0,0
106153,3,4,5,0,3,1,1,1,3,4,0,2,0,0,5,4,5,2,5,2,1,10,1,1,8,0,4,1,1,1,0,0,1
106154,2,1,0,3,2,5,5,3,1,3,0,1,4,2,5,3,3,5,0,0,1,5,1,4,27,5,1,1,1,0,1,0,1
106155,0,2,5,4,2,2,0,2,5,0,2,1,5,1,3,5,2,2,4,5,5,9,1,3,21,2,6,1,1,0,1,1,1
106156,3,5,3,4,4,5,3,4,2,4,2,3,4,4,5,3,4,3,3,1,5,9,2,4,23,6,3,1,1,1,1,1,1
106157,0,2,0,4,4,2,2,2,4,1,5,5,1,0,2,5,0,3,0,4,0,1,2,0,25,6,2,0,0,0,0,0,1
106158,3,0,1,3,0,2,4,4,0,5,1,1,3,0,5,4,4,3,1,2,2,8,1,4,8,2,9,0,0,0,0,0,1
106159,4,1,4,4,5,2,5,3,3,3,3,0,4,1,3,5,1,1,0,2,2,1,0,0,6,0,1,0,0,0,0,0,0
106160,1,5,4,0,2,1,1,2,2,1,4,4,5,5,2,1,1,2,1,0,0,5,3,4,4,2,5,1,1,1,0,1,0
106161,1,4,1,4,4,5,1,4,5,0,4,2,4,3,0,2,0,5,1,2,5,5,3,0,12,2,1,0,0,0,0,0,0
106162,1,4,3,2,3,3,1,4,4,0,2,5,2,1,2,2,3,0,1,2,2,2,0,0,14,5,7,0,0,1,0,0,0
106163,1,1,5,3,2,3,4,3,5,1,5,4,4,3,2,0,0,5,3,1,4,4,2,0,12,5,4,0,1,0,1,0,0
106164,0,5,4,3,1,2,2,3,1,0,2,1,0,3,0,3,5,1,1,4,0,8,3,4,16,0,1,0,1,0,0,1,0
106165,1,2,4,5,1,4,3,4,3,3,2,4,0,2,3,0,0,3,0,0,2,7,2,0,10,0,5,0,1,0,1,0,0
106166,3,4,1,1,4,2,2,4,3,0,0,0,0,1,5,4,2,1,5,2,3,5,3,2,8,4,5,1,1,1,0,0,1
106167,1,5,3,2,1,1,4,4,1,2,5,2,3,2,1,1,2,0,3,0,1,1,0,1,12,1,10,0,0,0,0,1,0
106168,4,1,4,4,1,0,0,0,1,1,5,0,0,5,5,2,0,2,1,3,3,3,3,1,30,3,8,0,1,0,0,1,0
106169,4,5,0,3,0,5,2,1,4,3,1,4,0,4,2,1,5,2,4,3,2,1,1,0,8,0,7,0,1,0,0,1,1
106170,4,3,1,1,5,0,1,2,0,0,3,4,5,2,1,1,5,5,4,5,1,10,2,2,10,1,10,1,1,1,0,1,1
106171,3,4,5,2,2,5,3,3,2,2,5,5,2,5,5,2,5,1,0,0,2,2,0,1,8,3,4,1,1,0,1,0,1
106172,1,4,5,4,2,2,3,2,4,4,0,0,3,1,3,5,5,1,1,4,1,5,0,3,6,3,0,0,1,0,1,0,1
106173,5,1,1,5,2,0,4,4,5,1,4,5,2,1,3,0,0,5,3,4,1,2,0,3,13,4,2,0,0,0,0,0,0
106174,1,4,4,0,3,5,5,2,3,5,4,4,0,0,1,0,0,1,0,4,0,9,3,2,5,6,3,0,1,1,1,0,0
106175,2,1,3,2,2,4,4,3,4,1,3,5,3,0,3,1,5,0,4,5,3,4,3,2,20,5,3,0,0,0,0,0,1
106176,2,1,3,4,3,4,0,4,4,4,4,2,0,1,5,4,1,1,0,5,3,4,0,0,5,5,3,0,0,0,1,0,0
106177,4,0,3,0,1,3,4,2,1,1,1,3,4,0,1,4,3,2,5,0,5,10,0,1,26,0,6,0,0,0,0,0,1
106178,3,1,5,1,1,4,0,3,4,2,2,2,4,2,0,4,1,1,2,0,1,4,1,3,11,3,4,0,0,0,0,0,1
106179,4,5,2,0,5,0,2,4,4,3,3,4,4,0,4,4,4,0,3,1,2,6,3,3,11,2,8,0,1,1,1,1,1
106180,5,1,3,3,2,1,3,2,4,4,5,4,2,0,4,1,5,2,5,5,2,3,0,0,6,5,8,0,0,1,1,0,0
106181,2,2,4,2,5,3,1,5,3,3,0,1,2,3,1,3,0,0,3,1,3,7,1,1,16,6,6,0,0,1,0,1,0
106182,5,2,3,1,5,4,4,3,0,3,1,1,4,3,3,2,5,4,3,0,3,4,1,1,21,2,0,0,1,1,1,0,1
106183,1,4,5,0,4,3,4,4,0,1,1,5,2,4,0,4,2,2,5,3,2,4,3,2,8,6,9,1,1,1,0,1,0
106184,5,3,1,3,3,2,3,4,3,3,5,4,5,2,1,3,2,4,4,0,4,3,0,3,20,0,10,0,1,1,0,1,0
106185,1,3,5,4,5,4,3,4,1,0,4,0,3,5,1,5,5,2,2,4,0,7,3,4,27,0,4,1,1,1,1,1,1
106186,5,5,4,1,0,0,5,4,2,0,5,0,4,2,5,4,5,0,2,2,3,8,3,3,5,2,9,1,1,1,1,1,1
106187,2,2,5,3,2,3,3,3,2,0,3,4,3,1,2,5,3,5,3,5,1,8,0,0,22,6,4,1,1,0,1,1,0
106188,5,4,2,4,4,2,1,4,4,5,3,4,1,0,2,5,0,4,1,5,5,3,2,0,26,1,0,1,0,1,0,0,1
106189,0,5,2,3,0,2,3,2,2,3,2,1,2,2,1,2,2,0,0,3,4,0,0,0,30,2,4,0,0,0,0,0,0
106190,2,4,0,3,1,0,2,5,3,2,3,5,3,2,3,2,2,2,3,1,3,2,2,2,24,3,3,0,0,0,0,0,0
106191,5,0,5,1,0,5,0,3,2,3,0,0,3,3,3,1,5,3,3,0,5,5,0,0,18,4,4,0,0,0,1,1,1
106192,0,1,4,5,2,5,5,4,0,1,0,0,3,5,0,2,0,0,3,0,2,9,2,1,13,6,5,1,1,1,0,1,0
106193,1,3,1,5,3,5,4,1,4,4,0,3,5,0,4,1,5,1,1,0,0,8,0,1,30,4,2,1,1,1,1,0,1
106194,0,2,0,4,2,5,3,1,3,2,0,3,5,2,2,2,5,5,0,0,5,10,1,3,12,5,6,0,1,1,1,0,1
106195,1,1,4,5,0,3,4,3,1,3,1,1,1,0,2,5,1,4,1,2,5,5,2,2,26,5,0,1,1,0,0,1,0
106196,2,2,4,3,2,1,3,5,4,1,2,3,1,4,0,1,1,5,3,2,3,5,2,1,7,4,7,1,1,1,0,0,0
106197,3,0,3,3,5,0,2,4,0,0,5,5,0,3,0,5,5,5,0,0,2,0,0,1,8,5,5,0,0,0,0,1,0
106198,1,1,0,4,0,3,5,1,1,5,5,0,4,0,3,0,5,2,3,5,1,1,2,0,14,2,5,1,0,0,0,1,0
106199,0,4,5,0,4,5,3,5,1,3,4,4,2,4,0,0,2,4,1,5,1,5,3,0,15,1,3,1,1,1,1,0,0
106200,1,0,2,1,1,2,2,3,3,3,1,3,3,0,3,5,4,4,2,4,3,1,2,1,15,1,8,0,0,0,0,0,0
106201,5,5,4,1,0,5,4,3,5,3,3,5,5,4,4,3,5,3,5,5,1,3,0,1,12,4,5,1,0,0,1,1,0
106202,5,2,5,3,0,0,0,5,5,5,2,1,2,5,1,1,5,3,2,3,0,6,2,4,13,4,10,1,1,0,1,1,1
106203,1,4,3,1,0,1,1,4,0,0,3,4,3,3,1,1,1,1,2,2,1,5,0,1,30,4,1,0,0,0,0,0,0
106204,1,1,0,2,2,3,0,1,0,5,0,4,1,3,5,0,3,5,4,1,2,8,0,0,6,0,4,0,0,0,0,0,0
106205,0,4,5,2,2,2,0,0,4,2,0,2,4,0,2,1,0,0,0,3,1,7,0,2,26,5,6,0,0,1,0,0,0
106206,5,3,4,4,3,4,4,1,3,3,1,3,0,3,1,0,3,1,2,5,0,7,1,3,5,3,6,1,1,1,0,1,1
106207,4,5,5,3,0,2,2,1,2,5,0,4,3,0,5,4,0,5,2,5,1,4,0,1,19,1,9,1,1,1,0,1,1
106208,4,0,3,0,3,4,5,1,5,4,2,2,4,2,3,5,0,1,1,0,0,9,2,4,26,5,9,1,1,1,1,1,0
106209,1,4,5,4,4,1,3,3,1,2,2,3,4,3,3,1,2,0,5,0,4,2,0,0,12,6,2,1,0,1,0,0,0
106210,3,1,5,2,0,0,1,5,0,5,5,4,0,4,5,0,0,4,4,0,1,4,0,1,6,6,8,0,0,0,0,0,0
106211,0,2,1,0,4,3,1,3,2,0,4,1,5,4,3,5,1,1,0,0,0,5,2,4,20,1,5,0,0,0,0,0,1
106212,4,0,1,3,0,3,2,2,1,0,1,4,2,5,4,4,3,0,5,1,3,10,0,0,27,3,2,0,0,0,0,1,0
106213,3,5,0,1,2,3,0,1,1,1,3,3,3,4,4,2,5,1,1,3,2,4,0,0,4,1,9,0,0,0,0,0,0
106214,1,3,4,2,3,0,3,4,3,1,0,1,2,0,4,4,1,4,1,2,2,7,2,4,20,0,0,0,1,1,0,0,1
106215,4,5,1,5,5,2,2,3,1,4,5,5,2,4,4,4,3,0,4,4,3,3,2,3,30,3,2,1,1,1,1,1,1
106216,3,3,2,1,3,0,0,0,3,2,0,0,1,1,0,4,2,1,2,5,2,8,0,2,21,6,6,0,1,1,0,0,0
106217,2,0,4,5,2,4,3,2,3,5,1,3,5,5,1,1,3,3,0,0,0,7,1,1,19,0,5,1,0,1,1,1,0
106218,1,2,2,2,5,0,5,1,4,3,3,1,3,5,3,2,0,4,0,4,3,7,2,1,12,3,4,0,0,0,0,0,0
106219,0,2,0,5,1,5,5,2,5,3,4,4,5,1,4,3,4,3,4,3,3,3,0,0,20,2,1,0,0,1,0,1,1
106220,5,0,2,5,1,0,2,0,3,4,3,5,1,0,4,3,3,0,2,2,1,0,0,1,6,4,0,0,0,0,0,0,0
106221,1,5,0,4,2,3,0,1,1,2,5,3,1,5,4,3,3,1,2,4,4,6,3,0,18,0,10,0,1,0,0,1,1
106222,1,5,2,1,0,2,5,4,3,2,1,2,3,2,3,1,0,4,1,3,4,9,0,2,14,6,0,1,1,1,1,0,1
106223,4,3,4,4,0,0,3,1,2,0,5,3,3,5,0,2,5,2,1,1,4,7,3,4,24,1,5,1,0,0,1,1,1
106224,1,3,3,2,2,2,4,0,2,5,1,1,0,0,3,2,1,0,4,4,3,2,3,2,19,0,9,1,0,0,0,0,0
106225,2,4,4,5,0,0,0,1,2,1,4,0,2,1,4,0,0,5,2,2,3,4,0,4,13,2,10,0,1,0,1,1,0
106226,4,4,0,5,3,4,1,5,0,3,1,2,2,2,5,4,0,0,5,1,0,1,3,2,16,5,1,0,0,0,0,0,0
106227,3,0,4,3,3,5,1,5,1,4,4,3,0,0,3,3,4,4,3,5,0,2,1,4,8,5,0,0,1,1,1,0,1
106228,3,3,2,5,2,1,4,3,3,2,0,2,3,2,3,3,0,0,0,2,3,9,1,1,27,6,8,1,0,1,1,0,0
106229,0,4,1,3,2,2,4,4,0,0,4,0,0,5,0,4,5,2,2,3,4,7,2,3,21,5,2,1,1,1,0,1,1
106230,2,4,3,0,0,0,4,5,0,4,4,2,5,1,5,2,3,3,5,1,0,3,1,2,5,0,8,0,0,0,1,0,1
106231,2,3,0,5,2,2,2,1,3,1,2,5,3,2,2,3,1,1,0,3,3,4,2,3,14,1,0,1,1,1,0,0,0
106232,3,5,2,3,0,5,1,2,5,5,4,2,1,0,5,4,0,0,1,4,4,10,1,4,23,6,6,1,1,1,1,1,0
106233,0,3,2,0,2,3,1,0,1,2,3,2,3,3,1,3,0,3,3,1,5,4,2,0,17,1,4,0,0,1,0,0,0
106234,0,2,0,0,4,5,1,3,0,2,1,1,2,2,4,4,4,2,1,5,1,9,0,4,17,6,8,1,1,1,0,0,1
106235,4,2,5,4,5,4,0,5,2,4,3,2,2,3,1,0,2,1,3,2,4,2,3,1,10,3,2,1,1,1,0,1,0
106236,4,4,2,5,1,0,4,0,0,2,3,1,1,3,0,5,4,5,5,5,0,7,2,2,19,1,6,1,0,0,0,1,1
106237,4,5,0,4,1,0,4,4,5,4,2,5,2,3,5,3,2,1,4,0,4,4,3,2,16,0,1,0,0,1,1,1,1
106238,1,1,2,2,4,2,4,2,4,4,1,4,0,4,4,4,1,1,2,3,1,9,3,2,7,4,5,0,0,1,0,0,1
106239,5,1,5,1,5,5,5,5,0,5,2,4,1,5,5,0,5,4,4,4,2,9,2,4,17,6,5,1,1,1,1,1,1
106240,1,3,4,2,1,1,4,3,0,2,0,3,2,4,4,2,2,0,0,2,2,8,3,4,20,3,0,1,1,0,0,1,1
106241,3,4,3,1,5,0,1,2,3,0,3,1,4,5,3,2,5,2,4,3,5,5,3,0,22,3,6,1,0,1,1,1,1
106242,0,2,5,1,1,5,1,0,2,1,3,4,5,0,4,1,1,4,0,3,4,7,1,1,17,5,1,0,0,0,0,0,1
106243,5,3,0,0,3,1,0,3,4,0,3,5,5,0,0,5,3,0,1,2,2,5,3,4,14,1,0,1,0,1,0,0,1
106244,1,0,3,3,1,2,4,5,5,5,4,1,2,2,2,2,1,0,2,5,2,6,1,4,30,6,7,1,0,0,1,1,1
106245,4,1,1,1,1,4,5,0,2,1,2,5,2,0,1,5,1,5,0,0,5,6,0,0,7,5,0,0,0,0,0,0,0
106246,1,5,4,0,5,0,4,0,4,1,2,5,1,5,1,2,4,4,5,4,2,8,0,0,19,6,7,1,1,0,1,1,1
106247,4,3,5,1,2,1,2,5,1,3,4,0,3,5,2,3,0,1,3,0,5,2,3,4,17,0,6,1,0,0,1,0,0
106248,2,5,0,4,0,4,1,1,1,1,1,0,5,3,3,3,3,2,0,4,2,2,2,1,17,3,7,0,0,0,0,0,1
106249,0,1,0,3,4,0,2,3,5,5,0,2,1,2,3,3,2,2,4,2,1,1,3,4,13,1,4,0,0,0,0,0,1
106250,1,1,5,2,0,4,1,3,1,5,1,4,4,5,4,3,5,5,1,0,5,7,1,3,7,5,7,1,0,0,0,1,1
106251,4,5,2,3,0,3,0,2,0,2,4,3,1,3,2,4,0,4,4,1,0,4,3,1,7,1,9,0,0,0,1,0,1
106252,1,5,1,3,5,1,2,2,3,3,2,4,2,5,5,1,5,1,5,3,4,0,3,3,6,6,6,1,1,0,1,1,1
106253,1,5,0,2,2,3,1,4,3,2,1,4,3,4,3,4,5,0,0,3,4,9,0,3,2,3,9,1,0,0,1,0,1
106254,3,1,2,5,0,1,4,1,2,2,2,1,4,2,2,4,1,2,2,4,5,9,2,4,15,0,7,1,1,0,1,1,1
106255,1,4,0,4,5,5,5,1,0,2,1,3,5,3,5,4,3,4,3,5,5,4,3,1,11,6,0,1,0,1,0,1,1
106256,0,2,1,1,1,2,1,5,0,2,4,0,3,0,1,2,4,5,5,3,4,7,1,2,22,0,5,0,1,0,0,0,0
106257,3,5,1,4,3,4,0,0,4,2,0,0,3,0,4,2,5,0,3,1,0,2,2,3,23,2,2,1,0,1,0,0,0
106258,4,5,0,1,1,1,5,1,0,1,1,4,5,0,4,4,2,3,2,1,2,1,1,2,5,3,4,0,1,0,0,0,0
106259,4,2,5,0,3,5,1,4,1,3,4,5,3,5,5,3,1,2,0,4,4,4,3,3,20,1,6,1,1,1,1,1,1
106260,5,1,4,2,4,1,1,3,4,0,4,3,0,0,5,0,2,1,3,2,3,10,0,0,27,5,0,0,1,1,0,0,0
106261,0,5,5,2,4,3,5,1,2,5,1,4,0,1,0,4,1,3,2,2,3,9,3,4,28,4,6,1,1,1,1,1,1
106262,2,2,1,4,2,4,5,0,2,5,5,5,3,4,1,4,3,0,5,0,3,10,1,3,26,2,8,1,1,0,1,1,1
106263,1,2,1,4,3,5,3,2,5,1,0,0,0,1,2,3,5,0,3,3,1,1,3,3,18,0,10,0,1,1,0,1,0
106264,5,3,1,0,5,4,0,0,4,0,1,4,4,0,1,3,3,3,5,5,5,6,3,3,2,2,4,1,1,1,0,1,0
106265,3,5,3,2,5,4,4,3,4,2,1,3,4,4,0,3,4,1,3,5,1,3,3,1,20,2,3,1,1,0,1,1,1
106266,0,0,1,4,4,4,4,2,1,0,3,5,5,5,5,2,5,3,0,4,4,0,2,0,24,6,9,1,0,0,0,0,1
106267,4,5,1,4,2,2,2,5,1,2,3,1,0,0,0,4,5,5,0,0,0,5,1,3,21,1,8,1,1,1,1,1,0
106268,0,2,5,3,3,4,3,4,3,4,2,3,3,3,1,0,5,1,4,5,3,9,1,3,29,0,3,1,1,0,1,1,1
106269,1,0,2,3,5,3,3,2,5,1,1,5,5,3,5,1,2,4,1,2,5,2,2,0,14,1,6,0,0,1,1,0,0
106270,4,1,4,3,1,3,3,3,3,5,3,2,0,5,2,5,2,4,2,0,3,9,1,1,19,1,5,1,1,0,1,1,0
106271,3,2,1,1,4,1,3,4,4,0,2,1,4,5,1,4,1,0,4,0,4,5,3,3,15,1,9,1,1,1,1,1,1
106272,4,4,5,3,4,2,5,1,1,4,5,5,5,3,5,0,4,1,0,1,5,1,2,3,21,6,9,1,1,1,1,1,1
106273,3,3,4,4,2,0,0,3,2,3,0,0,0,5,4,1,3,1,0,0,3,9,1,4,16,1,3,1,1,0,1,1,1
106274,5,0,5,0,5,4,0,0,3,1,5,4,2,1,4,0,5,5,0,3,1,5,3,0,7,1,10,1,0,0,0,0,0
106275,3,2,3,4,2,0,0,5,3,2,4,5,0,3,2,5,5,3,1,3,4,2,0,3,8,4,10,0,1,0,1,0,1
106276,0,1,5,1,5,0,0,5,0,1,2,0,2,1,1,5,4,4,3,0,5,10,1,2,17,5,9,1,0,1,0,1,1
106277,0,1,2,0,3,1,2,5,2,3,4,2,5,0,2,3,5,0,2,4,4,2,0,1,2,5,10,0,0,0,0,0,0
106278,4,4,2,4,0,0,0,1,5,5,4,3,1,4,5,4,4,3,0,3,2,9,2,4,14,0,8,1,0,0,1,1,1
106279,0,4,0,2,4,4,1,4,3,3,5,0,4,3,3,3,0,3,3,4,1,0,3,2,4,6,8,0,0,1,1,0,0
106280,2,0,1,2,4,0,3,3,4,4,3,0,4,0,5,5,3,3,5,1,2,10,3,4,10,0,2,0,0,1,1,1,1
106281,0,3,4,3,1,2,5,5,4,3,0,1,0,4,5,5,4,2,1,0,4,9,3,2,3,6,7,1,1,0,0,1,1
106282,1,2,1,3,4,4,4,0,1,4,4,5,3,5,5,5,4,0,1,1,1,7,2,3,16,2,0,1,1,1,1,0,1
106283,3,2,0,3,3,3,1,2,1,3,0,2,1,2,5,2,2,3,0,1,1,7,0,0,27,5,9,1,0,0,0,0,0
106284,1,4,1,5,5,3,0,0,3,2,5,4,5,0,2,2,0,2,2,2,2,2,2,0,2,3,3,0,0,0,0,0,0
106285,2,1,2,3,1,2,4,5,2,0,4,3,4,1,5,0,2,1,0,2,1,0,1,2,25,0,1,0,0,0,0,0,0
106286,5,4,4,0,1,2,4,1,5,4,4,2,3,3,4,4,1,5,4,5,3,7,3,2,9,4,2,0,0,0,1,1,1
106287,0,2,0,1,0,4,5,0,1,5,2,0,3,0,5,2,4,1,3,3,4,10,3,0,23,6,1,0,0,0,0,1,0
106288,0,0,0,2,4,2,2,0,2,5,0,5,1,2,2,0,2,5,3,3,1,4,1,2,11,1,9,0,0,0,0,0,0
106289,1,4,4,2,5,4,0,5,0,4,2,3,3,1,0,4,5,2,0,5,4,8,3,4,9,5,10,1,1,1,1,1,1
106290,4,5,0,2,4,4,5,3,2,2,1,2,4,3,2,5,5,1,2,3,1,7,0,2,7,2,10,1,1,1,1,1,1
106291,2,3,2,1,2,1,1,0,3,4,5,2,5,1,1,5,4,5,3,0,4,1,3,0,18,6,1,1,0,0,1,0,1
106292,3,4,4,0,5,0,2,2,4,1,4,2,0,4,4,3,1,5,3,4,1,5,1,2,6,6,0,0,0,0,1,1,0
106293,0,0,3,0,1,2,2,2,5,5,1,5,5,1,3,5,2,5,5,3,3,10,2,2,13,1,4,0,0,0,0,1,0
106294,4,2,0,5,4,2,5,4,0,0,0,2,1,0,2,5,0,2,1,4,0,9,0,0,17,0,7,0,1,1,0,1,1
106295,0,2,4,2,3,0,2,1,5,5,5,5,5,1,4,3,0,5,5,4,1,5,1,3,2,0,7,0,0,0,1,1,0
106296,4,4,0,5,5,4,3,0,4,4,3,0,5,5,2,3,2,4,2,3,3,6,3,3,29,0,7,1,1,1,1,1,0
106297,0,2,1,2,5,3,3,4,1,5,4,1,4,4,4,1,1,2,2,0,0,1,3,3,30,1,3,0,0,1,1,0,1
106298,5,4,0,1,2,3,5,2,1,1,3,0,5,3,3,3,2,5,5,2,1,4,3,3,17,3,0,1,0,1,1,1,1
106299,1,1,3,2,0,4,5,0,4,3,1,5,3,1,1,5,4,3,1,1,4,10,1,3,5,5,5,0,1,0,0,1,0
106300,1,3,4,5,0,2,3,2,4,1,4,3,4,2,0,5,5,1,4,0,5,2,3,2,23,6,8,1,1,0,0,1,1
106301,2,1,3,3,4,3,0,2,1,4,1,2,5,2,0,5,0,4,3,4,4,5,0,1,24,1,2,0,0,0,1,0,0
106302,0,3,0,0,2,1,2,1,2,3,4,0,1,5,5,1,2,0,2,4,2,7,1,3,12,6,10,1,0,1,1,1,0
106303,0,0,2,1,0,4,3,1,5,4,5,0,4,1,4,4,1,1,1,0,3,3,1,1,29,4,8,0,0,0,1,0,0
106304,3,4,0,5,4,5,4,0,0,4,0,5,4,4,4,2,3,2,5,1,2,9,3,2,30,1,2,1,1,1,0,1,1
106305,1,0,2,0,3,5,4,5,3,0,4,5,2,1,3,0,1,3,4,4,0,0,1,3,2,0,10,0,1,0,0,0,0
106306,2,5,1,5,0,2,2,0,5,2,4,1,3,0,2,5,5,3,5,0,5,10,2,2,12,1,4,0,1,0,1,0,1
106307,4,5,4,5,4,0,4,3,0,1,4,4,3,4,4,1,3,4,4,4,4,1,0,0,14,0,8,1,0,0,0,1,1
106308,0,3,4,1,3,5,1,0,3,5,4,1,2,0,4,5,5,3,1,5,0,9,0,1,29,3,3,1,1,1,1,0,1
106309,2,5,4,3,5,3,3,4,3,3,5,5,3,4,1,3,3,3,5,5,0,0,3,0,5,6,3,1,1,1,1,0,1
106310,1,4,1,3,5,4,2,2,1,0,0,0,2,5,5,4,5,4,5,3,4,0,0,1,27,6,8,0,1,0,0,1,1
106311,2,0,0,4,5,1,4,5,3,2,1,0,2,0,0,3,2,3,4,5,1,7,0,1,10,0,6,0,1,1,0,0,0
106312,1,4,0,4,5,5,5,0,4,3,2,2,2,3,3,2,4,5,2,3,3,6,3,2,26,5,7,1,1,1,1,1,1
106313,0,2,5,0,4,5,4,1,1,1,5,1,2,0,0,5,2,2,3,5,2,7,1,3,8,6,9,1,0,0,0,1,1
106314,0,5,5,1,4,0,4,2,2,3,3,4,1,2,4,0,2,0,5,4,3,7,3,1,29,5,5,1,1,1,1,1,0
106315,5,5,1,5,3,3,4,0,3,4,3,5,0,2,2,0,2,3,2,2,4,5,1,2,26,1,1,1,1,1,1,1,0
106316,0,5,5,2,4,2,1,2,0,3,2,5,3,0,0,3,4,5,3,2,5,2,2,2,27,2,4,1,1,1,0,0,0
106317,4,2,3,1,5,3,1,2,1,3,0,5,2,1,4,5,4,1,5,4,1,7,1,3,7,1,0,1,1,1,1,0,1
106318,5,1,1,3,0,1,5,2,3,3,2,1,0,3,5,4,3,0,0,5,0,3,0,3,28,2,8,0,0,1,0,0,1
106319,2,0,1,1,0,0,3,3,2,1,2,0,3,5,2,4,1,2,3,2,1,5,3,4,11,0,9,0,0,0,1,0,1
106320,1,0,1,0,2,1,2,1,5,3,0,1,5,1,0,0,2,5,0,2,4,7,3,2,16,0,1,0,0,0,0,0,0
106321,4,5,4,4,1,3,3,1,5,0,0,4,1,5,1,0,3,1,5,1,1,6,0,3,7,4,7,1,1,1,1,1,1
106322,5,3,1,0,3,1,0,2,1,4,4,0,5,1,4,1,3,4,2,3,4,10,3,2,8,3,9,1,0,0,0,0,1
106323,0,2,1,5,1,2,0,3,5,2,1,4,3,0,5,4,2,1,3,1,1,7,0,0,12,0,7,0,0,0,0,0,0
106324,5,2,4,1,4,2,0,2,5,4,1,3,2,2,2,0,5,4,0,2,2,2,2,4,21,3,4,1,1,1,1,0,1
106325,5,1,1,0,5,4,3,2,2,1,0,4,5,0,3,2,0,1,0,0,0,0,2,2,12,4,7,0,1,1,0,0,0
106326,0,3,1,4,1,2,0,5,3,5,2,0,5,0,3,2,0,5,4,5,1,8,3,1,15,1,6,0,1,1,0,0,0
106327,0,2,4,1,4,0,0,3,1,3,0,2,5,1,2,0,1,2,5,2,5,10,0,3,5,5,10,0,0,1,0,1,0
106328,4,4,5,2,0,3,4,0,0,5,3,0,4,3,3,3,5,0,1,2,1,4,0,1,4,0,6,1,1,0,0,0,0
106329,0,0,3,2,4,1,4,2,1,1,0,0,3,5,0,1,1,5,3,2,2,7,1,3,27,5,8,1,0,0,0,0,1
106330,3,5,4,3,4,1,1,0,4,3,0,4,5,3,2,0,4,3,0,0,2,3,3,1,27,4,8,0,1,1,1,0,1
106331,0,0,5,2,4,4,4,5,3,4,5,3,5,4,4,2,5,0,0,3,4,1,0,4,2,2,0,1,0,0,1,1,1
106332,4,2,3,1,2,1,0,4,2,4,2,4,5,4,5,2,1,2,3,5,4,3,3,3,2,3,1,0,1,0,0,0,1
106333,1,2,4,1,0,0,2,2,2,1,1,0,4,3,5,1,5,5,1,2,3,9,0,2,23,5,5,1,0,0,1,0,1
106334,0,4,0,1,5,2,2,1,4,2,0,1,2,0,1,0,2,2,3,2,3,9,2,0,11,4,2,0,0,1,0,0,0
106335,0,3,0,0,0,2,2,4,4,1,2,0,5,2,1,0,2,5,4,3,4,7,3,3,22,3,1,0,1,0,1,0,1
106336,1,1,5,3,2,4,5,1,3,3,1,3,4,1,1,4,2,3,0,3,0,0,3,1,2,1,5,0,0,0,1,0,0
106337,3,2,0,2,1,4,0,4,3,2,1,3,5,3,1,4,1,0,4,3,1,0,2,0,28,3,4,0,0,0,1,0,0
106338,0,3,4,0,5,0,3,5,0,0,2,4,0,4,5,4,2,3,1,1,0,8,0,0,13,0,7,0,0,0,0,0,1
106339,4,2,2,1,3,4,1,1,2,1,0,0,0,2,0,1,0,0,2,1,1,0,0,2,30,0,8,0,0,1,0,0,0
106340,3,0,4,4,3,4,2,3,0,2,2,0,5,3,1,3,0,4,4,0,2,2,0,3,4,1,1,0,1,0,0,0,1
106341,1,1,3,1,1,1,1,0,4,3,2,5,3,3,3,5,1,0,2,0,0,3,1,2,17,2,2,0,0,0,0,0,0
106342,5,3,0,2,4,2,4,3,2,5,2,3,3,0,0,5,1,3,0,0,0,3,3,1,23,4,2,0,0,1,1,0,0
106343,3,1,2,4,1,4,0,4,1,5,4,0,4,4,2,4,2,0,4,5,2,4,1,1,22,1,2,0,0,1,1,0,0
106344,4,3,4,4,4,3,0,0,2,4,0,1,4,4,0,0,2,1,0,1,0,7,3,0,21,0,3,1,1,1,1,0,0
106345,1,0,5,4,5,2,1,5,2,5,1,2,0,5,1,2,3,1,5,4,4,3,0,2,27,3,2,1,1,0,0,1,0
106346,4,4,4,2,1,4,5,1,5,0,2,2,1,2,2,5,0,2,5,4,4,5,1,2,2,4,8,1,1,1,0,0,0
106347,3,1,5,2,4,3,0,2,1,5,2,4,3,5,4,4,4,3,5,5,3,5,3,1,12,5,3,1,1,1,1,1,1
106348,5,3,5,5,1,3,1,1,4,3,0,2,0,1,5,0,0,5,1,5,2,0,3,1,6,2,4,1,0,0,1,0,0
106349,2,5,5,5,5,0,2,5,1,2,1,3,5,2,5,5,1,3,0,2,5,4,2,3,16,4,0,1,1,1,1,0,1
106350,4,2,3,0,5,3,0,4,4,2,1,4,0,4,3,2,5,4,5,0,3,8,0,4,6,6,10,0,0,0,0,1,1
106351,2,0,2,5,1,1,3,5,3,2,5,0,2,2,4,0,5,5,4,5,5,0,2,4,24,6,9,1,1,0,1,1,1
106352,0,0,3,5,1,5,2,2,3,4,0,2,0,2,0,0,3,2,2,3,2,5,1,3,24,3,3,1,0,0,0,1,0
106353,0,2,4,5,0,1,3,3,4,2,2,1,0,3,3,2,1,0,1,2,3,8,3,0,14,3,6,0,0,0,0,1,0
106354,5,0,2,1,4,0,0,3,0,0,1,4,2,2,3,5,5,1,5,5,0,4,0,2,19,5,1,0,0,0,0,1,0
106355,4,5,4,3,5,2,1,1,4,5,5,0,4,0,5,3,5,5,2,2,2,7,3,3,6,5,4,1,1,1,1,1,1
106356,2,5,4,0,0,2,1,5,4,3,3,1,1,5,3,2,3,4,2,1,0,6,3,4,16,3,1,0,0,0,0,0,1
106357,4,5,1,0,4,2,4,5,1,2,1,3,2,4,4,3,1,5,4,2,2,7,3,3,13,6,4,1,1,1,1,1,1
106358,0,5,5,3,4,5,4,5,0,4,5,3,5,0,4,1,2,1,4,5,0,7,3,3,27,4,7,1,1,1,1,1,1
106359,0,3,5,1,2,1,0,2,4,2,3,0,2,1,0,0,0,0,2,2,1,3,2,4,7,1,0,0,0,0,0,0,0
106360,3,1,3,1,1,5,2,0,0,3,1,5,5,3,3,2,4,5,5,2,5,10,0,0,9,1,7,1,0,1,1,1,1
106361,3,2,1,1,3,0,4,0,3,0,4,0,5,2,5,1,5,5,2,4,4,6,0,4,13,0,4,0,1,0,0,0,0
106362,5,1,1,2,3,3,0,3,1,1,4,2,3,0,2,5,3,2,1,2,5,0,3,2,10,2,7,0,1,0,1,1,0
106363,4,5,5,0,4,0,0,4,4,2,3,0,3,2,4,1,3,5,1,0,5,10,3,4,11,1,10,0,1,1,1,0,1
106364,1,2,0,4,3,1,3,4,5,4,0,3,5,5,5,1,3,3,0,4,0,7,0,2,25,5,4,1,0,1,1,0,1
106365,4,2,2,4,0,0,3,4,5,4,4,2,4,1,5,2,1,5,0,4,1,0,2,4,20,0,3,1,0,0,1,0,1
106366,2,4,3,4,1,1,4,4,4,4,2,4,3,1,1,2,0,1,2,0,5,1,3,4,3,6,4,1,1,0,1,1,0
106367,4,2,1,5,2,2,2,5,3,2,0,3,5,4,1,3,1,3,5,1,4,0,1,1,12,6,8,0,0,0,1,0,1
106368,1,2,5,3,2,5,5,5,0,2,2,5,5,5,5,0,1,0,4,2,1,0,3,2,22,2,0,1,0,1,1,0,0
106369,0,1,3,2,2,4,0,2,5,3,2,0,1,1,2,5,4,4,1,1,1,9,1,1,23,2,7,1,0,0,1,0,0
106370,0,0,0,5,5,4,0,4,5,1,0,3,4,2,1,1,0,1,3,1,3,9,3,3,17,3,4,0,1,0,1,0,0
106371,5,0,1,3,1,2,3,1,0,3,1,2,1,5,3,3,5,5,2,5,3,3,1,2,7,0,3,1,0,0,0,1,1
106372,0,2,2,2,4,1,5,4,4,3,3,3,4,5,3,5,0,3,5,2,2,10,0,0,15,1,0,0,1,0,1,1,1
106373,5,5,1,2,2,1,0,0,0,5,4,5,0,2,0,0,3,4,1,0,2,0,1,2,3,3,2,0,0,1,0,0,0
106374,4,1,5,0,5,0,4,0,3,2,0,5,1,4,0,2,5,4,1,3,3,3,1,2,3,1,6,0,1,0,0,0,0
106375,0,3,2,5,5,3,5,1,1,0,1,5,4,1,3,3,1,5,4,1,5,7,2,4,29,3,8,1,1,1,0,1,1
106376,5,1,3,4,4,4,3,3,0,2,4,5,4,1,5,0,4,2,0,3,5,5,2,0,7,3,0,1,1,0,0,1,1
106377,0,1,3,4,4,3,4,5,1,4,0,4,2,5,3,3,0,2,1,0,4,0,3,2,11,2,1,0,0,1,1,1,1
106378,0,0,1,1,3,3,1,3,1,2,3,5,4,3,2,4,1,4,1,0,5,6,1,2,11,0,9,0,0,0,0,0,0
106379,3,3,3,5,3,2,4,3,2,2,2,4,2,4,5,0,5,2,2,0,0,4,0,2,18,0,9,1,1,1,1,1,1
106380,1,3,2,1,3,5,2,4,1,2,4,0,0,1,5,5,1,0,1,4,5,6,1,4,20,5,5,1,0,1,1,0,1
106381,1,2,0,1,0,5,1,5,2,1,0,5,4,0,2,2,3,3,4,5,2,5,3,3,30,2,6,1,0,1,0,1,1
106382,1,3,2,0,5,2,1,3,3,4,0,4,0,0,4,5,2,5,2,5,1,9,2,4,8,0,9,1,0,0,1,1,1
106383,3,2,3,1,5,4,5,4,2,4,4,5,4,4,5,1,1,3,2,1,5,6,3,3,4,4,6,1,1,1,0,0,1
106384,0,1,0,1,3,2,4,2,3,5,1,1,5,1,1,0,1,3,1,5,4,3,0,0,30,0,6,0,0,0,0,0,0
106385,1,4,4,4,5,0,4,5,2,0,2,3,0,3,3,3,3,1,2,0,0,0,3,0,2,6,0,1,1,0,0,0,0
106386,3,3,3,1,2,1,4,2,1,4,4,2,5,4,0,2,3,1,1,3,2,6,2,2,28,1,6,1,0,1,1,1,1
106387,2,0,1,5,0,5,1,5,0,0,2,0,3,4,3,3,4,3,4,1,4,7,2,4,26,2,7,1,1,1,0,1,1
106388,4,2,3,1,5,2,1,5,1,0,2,3,3,1,5,5,1,3,0,4,1,0,0,4,24,6,8,0,1,1,0,0,1
106389,1,2,1,3,3,5,3,5,1,5,0,1,1,3,5,5,2,5,0,1,1,10,0,0,11,4,10,0,0,0,1,0,1
106390,3,4,3,3,5,1,1,1,3,2,3,0,1,3,3,0,2,2,3,5,1,9,1,0,22,0,1,1,0,0,0,1,0
106391,4,1,0,4,1,2,3,2,3,1,0,1,0,3,3,0,1,4,2,3,1,1,2,2,13,3,3,0,1,0,0,0,0
106392,2,5,3,4,2,0,5,4,5,1,2,4,2,4,5,2,5,4,4,0,2,7,2,0,24,4,1,1,0,0,1,1,1
106393,1,3,0,5,4,4,4,5,1,0,2,4,4,2,0,0,1,4,0,2,4,9,2,0,24,4,1,1,1,1,0,1,1
106394,3,0,0,5,0,1,2,3,0,3,4,1,0,1,4,5,2,1,5,4,3,6,2,0,22,3,9,0,0,0,0,0,0
106395,3,2,1,0,5,0,5,4,4,3,4,2,1,1,1,3,3,4,3,3,2,1,2,2,15,2,9,1,1,1,0,1,0
106396,0,5,1,0,3,1,3,2,4,3,3,4,4,0,4,0,5,3,1,3,3,0,0,2,15,4,1,0,0,0,1,0,1
106397,3,1,2,2,1,3,2,5,1,0,3,2,2,0,0,3,0,2,4,2,5,2,3,1,3,1,7,0,0,0,0,0,0
106398,0,4,0,0,4,4,5,2,5,5,1,2,0,3,2,4,3,4,3,4,2,0,1,4,5,2,10,1,1,0,1,0,1
106399,3,4,1,2,5,5,2,3,3,0,2,5,5,5,4,4,0,4,5,4,2,6,3,3,27,4,0,1,1,1,1,1,1
106400,5,4,0,3,2,1,1,3,4,2,5,0,2,0,4,5,2,5,3,1,4,0,3,4,7,3,1,0,1,0,0,0,1
106401,3,0,5,1,3,3,0,5,2,3,4,4,1,1,4,3,5,4,4,5,1,0,0,3,27,0,7,0,1,1,0,0,1
106402,4,2,4,0,4,2,3,4,2,0,4,3,3,0,5,3,3,0,5,1,0,2,2,1,26,6,6,1,1,0,0,1,1
106403,1,2,1,5,0,4,3,5,2,3,5,2,0,1,2,0,5,3,4,0,3,8,2,4,2,1,10,1,0,0,1,1,1
106404,5,2,0,2,3,4,4,0,4,3,0,4,4,0,4,5,4,3,4,5,5,4,1,4,28,2,8,1,1,1,1,1,1
106405,4,5,5,5,3,0,0,1,4,3,0,1,3,5,4,4,1,0,2,0,3,0,2,4,21,0,6,1,1,0,1,1,0
106406,5,0,4,3,1,0,1,5,5,2,0,3,5,1,5,4,5,2,1,0,4,4,2,0,14,1,8,1,0,0,0,0,1
106407,4,3,5,3,1,3,0,0,1,5,2,1,1,5,1,5,4,0,0,3,1,5,2,3,3,0,10,0,0,0,0,0,0
106408,3,5,1,4,3,3,1,4,4,1,4,4,2,4,1,4,0,2,1,5,2,1,0,3,22,0,8,1,0,0,1,0,1
106409,3,5,2,1,4,5,5,3,4,4,5,2,4,1,2,2,4,2,2,2,1,9,1,0,16,0,1,1,1,1,1,0,1
106410,5,3,0,1,2,5,5,2,0,2,3,4,1,1,4,3,3,2,3,4,3,4,1,4,24,4,3,1,1,0,0,1,1
106411,5,5,2,5,0,0,2,0,4,2,4,3,2,0,5,5,5,4,1,4,1,0,1,0,15,0,5,0,0,1,0,0,0
106412,2,2,0,4,4,3,0,0,0,1,5,0,0,5,3,0,4,2,4,1,2,5,3,1,19,0,10,0,0,0,0,0,0
106413,0,3,0,1,1,2,5,5,0,4,1,3,4,4,4,0,0,2,5,5,0,7,3,0,10,2,1,0,0,0,0,0,0
106414,0,3,3,3,0,2,0,0,0,1,4,0,3,4,0,2,2,3,0,4,0,1,3,1,4,6,5,0,0,0,0,0,1
106415,1,0,5,2,1,0,0,4,3,2,3,4,0,0,4,3,4,0,5,4,1,9,1,2,29,0,7,0,1,0,0,1,0
106416,0,0,3,5,4,5,2,0,0,2,1,1,0,5,3,5,3,1,3,5,5,1,0,3,3,4,2,1,1,0,0,0,0
106417,1,5,4,3,4,0,5,2,3,0,2,5,2,1,1,1,0,3,0,0,0,1,1,3,6,2,4,0,1,0,0,0,0
106418,0,1,4,1,1,5,4,0,4,4,0,1,3,3,3,1,0,5,1,1,2,8,2,4,8,5,9,0,0,1,0,0,1
106419,5,2,5,4,3,5,2,3,3,1,2,2,4,3,5,1,1,3,4,0,3,2,3,1,14,6,4,1,1,1,0,1,1
106420,0,3,0,4,5,4,2,0,1,5,3,3,2,0,5,1,1,5,5,4,5,10,0,2,9,4,9,0,0,0,0,1,0
106421,3,3,1,2,4,0,0,3,2,3,2,0,4,2,3,0,3,1,4,3,0,4,3,3,2,6,0,0,1,0,1,0,0
106422,2,3,3,4,4,2,1,5,4,1,2,1,2,0,3,3,2,0,5,5,4,2,2,4,7,5,6,1,0,0,0,1,0
106423,1,5,4,1,0,0,4,4,2,3,3,5,3,1,3,5,1,4,2,3,4,7,3,2,30,4,8,1,0,1,1,0,1
106424,4,4,4,1,1,3,2,3,3,2,5,2,1,1,0,2,2,0,5,1,4,5,3,2,14,6,4,0,0,1,1,0,0
106425,5,5,4,4,0,5,5,5,4,2,2,4,3,0,2,2,1,5,5,4,3,9,2,0,8,0,8,1,1,1,1,1,1
106426,4,3,1,3,5,3,2,4,3,5,4,2,5,4,5,4,4,2,5,5,0,2,3,1,18,4,9,1,1,0,1,1,1
106427,5,5,2,0,2,0,5,4,2,3,2,1,1,4,0,0,0,0,0,0,0,9,0,1,5,1,10,0,1,1,1,0,0
106428,3,3,0,4,2,1,4,3,0,5,5,3,4,3,1,5,5,4,5,0,5,0,0,4,6,2,8,1,0,0,0,1,0
106429,4,3,1,1,3,1,3,2,4,5,3,0,2,2,5,1,4,5,3,1,5,10,1,0,11,4,1,0,0,1,1,1,0
106430,0,4,0,1,3,2,5,3,1,5,4,5,3,1,4,0,0,3,1,4,2,1,0,4,21,4,5,0,0,0,0,0,0
106431,5,5,5,2,0,2,5,0,2,2,1,4,3,3,2,3,3,4,4,2,2,2,2,4,10,3,3,1,1,1,0,1,1
106432,4,0,0,2,5,4,1,5,0,2,3,4,2,4,3,0,2,1,3,0,5,3,1,3,24,3,2,0,0,1,0,1,1
106433,1,5,2,5,2,1,1,5,4,5,1,0,3,1,4,2,3,5,2,5,4,5,1,0,12,3,4,0,0,0,0,1,0
106434,2,4,5,2,5,1,4,1,5,5,3,1,2,1,2,4,2,3,0,3,2,6,1,0,30,1,7,1,1,0,1,0,1
106435,3,5,5,1,4,1,0,4,5,2,1,2,0,5,5,4,1,4,4,1,1,10,3,1,25,3,1,1,1,1,1,0,1
106436,0,4,2,4,4,5,4,4,1,4,3,2,2,4,2,0,5,0,2,0,3,5,1,0,24,2,9,0,1,1,1,1,1
106437,4,5,2,3,4,1,2,5,0,3,1,0,2,2,5,4,1,2,3,3,5,10,3,4,14,2,3,1,1,1,1,1,1
106438,1,1,3,0,5,5,4,5,0,0,3,0,5,1,3,1,4,0,0,5,1,4,0,0,22,4,2,0,1,0,0,0,0
106439,0,1,4,3,1,3,0,4,2,0,2,3,3,1,0,1,3,5,1,1,0,1,0,3,5,2,0,0,0,1,0,0,0
106440,1,1,4,3,1,1,3,5,0,0,5,2,2,1,5,2,5,1,4,5,4,3,3,1,5,3,1,0,0,0,0,1,1
106441,5,1,3,3,4,3,3,1,1,1,0,1,5,5,0,2,2,3,1,1,0,9,3,1,4,2,0,1,0,1,1,1,1
106442,1,1,2,1,1,0,0,2,3,5,1,3,0,2,5,1,3,4,0,5,5,4,2,1,23,2,8,0,0,0,0,0,0
106443,3,2,2,2,4,5,3,0,0,1,4,5,4,3,0,3,5,1,1,4,2,6,1,1,11,6,9,1,1,0,0,1,1
106444,4,1,3,3,0,5,3,5,3,5,5,5,5,5,5,3,3,4,5,5,1,0,1,3,21,4,9,1,1,1,1,1,1
106445,0,0,5,4,5,1,2,1,5,2,4,5,4,4,2,0,2,3,5,3,5,4,0,4,11,1,0,1,1,0,0,1,0
106446,4,3,0,4,2,1,3,3,5,2,3,1,3,3,0,1,5,0,5,4,1,2,2,2,14,1,3,0,0,1,1,0,0
106447,1,4,4,5,0,2,1,0,5,1,1,1,3,1,1,1,5,1,2,1,1,9,3,2,6,1,5,0,1,1,1,1,0
106448,4,0,2,3,3,4,3,1,1,3,2,1,0,2,1,3,0,1,5,1,4,1,1,0,30,6,6,1,0,1,0,0,0
106449,1,3,0,2,1,3,1,4,3,3,5,1,0,0,3,1,1,1,5,5,3,1,2,1,6,5,3,0,0,0,0,1,0
106450,0,3,0,3,1,0,1,1,0,1,1,0,0,3,1,4,5,1,0,5,2,6,2,4,8,5,1,0,0,0,0,1,0
106451,4,4,2,1,2,0,0,3,1,4,5,1,5,1,4,4,5,3,2,3,0,3,0,0,28,2,6,0,1,1,0,0,0
106452,4,0,1,1,3,1,0,2,4,4,1,3,2,2,5,0,2,3,4,2,1,4,1,2,25,1,8,1,0,1,0,0,1
106453,5,4,0,4,0,4,0,3,1,4,2,1,5,2,1,3,2,2,1,2,4,6,0,0,27,6,10,1,1,1,1,1,0
106454,4,0,1,1,0,1,1,1,1,2,3,5,3,0,0,2,5,0,1,5,5,2,1,1,20,2,8,0,0,0,0,1,0
106455,2,1,5,4,2,5,4,2,2,3,1,5,4,3,0,1,0,4,5,4,0,1,1,2,9,5,4,1,1,1,0,0,0
106456,1,1,4,4,2,1,1,0,1,2,0,2,5,4,4,0,0,4,1,4,0,1,0,1,11,1,1,0,0,0,0,0,0
106457,1,5,1,5,3,5,2,3,4,5,1,2,3,4,4,2,3,4,4,3,0,10,2,2,20,2,10,1,1,1,1,1,1
106458,3,1,4,0,4,5,1,0,5,2,0,2,0,1,5,4,0,4,4,3,5,7,1,0,28,1,8,0,0,1,1,1,0
106459,2,4,2,2,3,4,2,4,3,1,3,1,4,2,0,0,1,3,1,4,3,5,2,2,30,1,8,1,1,1,1,1,0
106460,2,5,4,4,0,1,1,5,3,2,1,0,2,3,3,0,0,4,0,4,0,9,1,2,10,1,4,0,1,0,1,0,1
106461,1,5,1,2,5,0,1,2,4,5,2,2,0,4,1,0,5,2,0,5,3,2,1,1,2,2,2,0,0,0,0,1,0
106462,2,1,0,3,4,1,0,5,2,5,1,3,1,0,0,5,0,1,5,0,3,2,1,4,5,0,5,1,0,0,1,0,0
106463,1,0,1,4,0,3,3,2,2,2,1,1,5,2,2,1,5,3,1,0,0,1,3,3,11,0,10,0,0,0,0,0,1
106464,0,1,5,5,4,4,1,5,5,5,5,1,2,4,0,5,0,3,5,3,2,6,3,2,28,2,9,1,1,0,1,1,1
106465,0,4,3,1,5,5,3,3,2,1,2,3,3,0,0,1,5,0,3,3,1,10,0,0,21,5,5,1,1,1,0,1,0
106466,3,1,0,1,3,5,5,3,1,1,3,0,4,0,4,3,1,1,3,0,4,1,0,0,12,0,9,0,1,0,0,0,0
106467,2,3,5,2,4,1,2,2,0,1,2,4,3,0,1,2,2,0,3,1,2,10,3,2,23,4,7,1,1,1,1,1,0
106468,0,2,4,3,5,2,3,5,0,1,2,4,0,1,2,5,0,2,2,5,3,2,1,3,9,5,4,0,1,1,0,0,0
106469,3,4,3,5,5,4,4,4,4,1,1,5,0,0,5,1,1,4,5,5,3,9,3,0,2,6,0,1,1,1,0,1,0
106470,0,3,4,0,5,4,2,2,1,1,5,0,5,2,3,2,0,0,5,1,1,2,2,0,9,1,9,0,1,0,0,0,0
106471,0,3,1,1,1,1,0,4,4,2,3,4,1,1,0,2,1,3,3,0,0,0,3,4,23,4,1,0,0,0,1,0,0
106472,0,4,3,5,0,0,4,2,0,0,2,0,1,4,0,1,2,1,4,5,2,5,1,4,5,0,2,1,1,0,0,1,0
106473,2,5,5,3,3,0,3,5,4,2,3,4,0,2,2,1,2,3,4,3,2,9,2,0,25,5,9,1,1,1,1,1,1
106474,5,2,2,4,4,4,2,2,2,3,5,1,4,5,5,0,3,0,0,4,4,0,2,2,24,5,1,1,1,1,1,1,1
106475,1,3,0,1,3,2,2,4,4,2,3,4,3,0,0,3,5,1,1,0,4,9,2,2,21,5,0,0,0,0,0,0,1
106476,1,3,4,3,1,4,0,1,4,2,5,0,3,1,5,4,0,3,2,4,0,5,2,3,10,5,4,1,1,1,1,0,0
106477,1,4,4,2,5,4,3,3,3,1,3,4,1,4,2,1,1,5,0,1,5,8,3,1,23,4,7,1,1,1,1,1,1
106478,2,2,4,4,2,5,3,3,5,0,4,3,3,0,3,2,3,4,2,3,2,9,3,4,2,2,5,1,1,1,1,1,1
106479,4,2,3,0,4,2,3,3,5,5,2,0,3,2,3,4,2,5,3,4,4,0,0,3,6,2,3,0,0,0,1,1,0
106480,1,5,0,1,3,3,1,2,4,5,3,1,5,3,2,5,3,5,5,2,1,1,2,3,30,6,6,0,0,0,1,0,1
106481,3,5,0,3,5,1,0,0,2,2,3,2,4,5,1,0,1,3,4,4,5,2,1,2,29,3,5,1,0,0,0,0,0
106482,5,3,4,3,4,5,3,5,5,4,4,4,3,1,2,5,1,4,5,4,2,6,2,2,22,2,1,1,1,1,1,1,0
106483,5,0,5,5,3,5,3,1,5,0,4,4,4,1,4,2,4,2,4,1,3,6,3,4,13,5,1,1,1,1,0,1,1
106484,3,1,0,4,5,2,1,1,2,1,1,3,4,0,1,3,1,5,3,2,1,0,3,2,3,3,5,0,0,0,0,0,0
106485,4,2,3,0,0,2,0,4,1,3,2,4,1,2,4,0,0,1,3,5,5,2,2,2,19,0,6,0,0,0,0,1,0
106486,5,4,3,0,4,4,2,0,1,4,2,2,3,1,5,2,3,2,0,4,4,6,1,4,30,5,2,1,1,1,0,1,0
106487,4,4,2,2,3,2,0,4,5,4,5,1,5,1,3,1,3,5,4,3,1,4,1,1,30,4,2,0,1,0,1,0,1
106488,1,4,3,5,4,4,1,2,0,2,1,1,4,1,2,1,4,4,3,1,4,8,1,0,27,0,4,0,1,1,1,1,0
106489,0,0,5,2,1,0,3,4,0,5,3,4,5,5,4,5,3,0,4,0,1,7,1,2,30,4,0,0,0,0,0,0,1
106490,0,2,4,5,3,1,1,1,3,3,1,4,0,3,0,0,1,1,2,4,1,2,3,2,18,0,6,0,0,1,0,0,0
106491,5,4,0,0,1,4,2,4,5,1,0,5,5,3,4,1,2,4,4,5,1,0,1,0,2,6,2,0,1,1,1,0,1
106492,3,5,2,5,0,5,4,5,1,2,0,3,3,2,4,1,3,3,2,4,3,4,2,2,17,4,3,1,1,1,1,1,1
106493,1,0,5,0,3,0,1,3,3,1,0,3,1,3,2,4,0,4,5,3,4,6,2,2,4,2,4,0,0,0,0,0,0
106494,2,5,1,4,0,4,1,3,0,0,5,4,5,2,5,3,0,2,5,4,2,4,0,4,14,2,0,0,1,0,0,0,0
106495,1,0,5,5,0,0,1,3,4,0,5,5,5,0,2,2,5,4,1,1,3,2,1,1,20,6,6,0,0,0,0,0,1
106496,4,1,2,1,3,5,2,2,5,2,0,3,3,1,1,0,4,4,5,2,1,9,3,0,20,1,7,0,0,1,0,1,0
106497,3,5,3,1,5,1,3,3,3,0,1,4,5,1,1,2,4,3,4,2,4,5,2,2,20,0,5,1,1,0,0,1,1
106498,5,4,1,3,4,2,0,3,0,5,2,4,4,1,4,5,3,3,2,4,4,0,1,3,4,5,5,1,0,0,0,0,1
106499,1,5,5,4,0,4,2,0,0,5,0,3,2,0,5,2,5,0,3,5,5,0,1,2,5,3,5,0,0,0,1,1,0
106500,2,3,3,0,0,5,4,2,4,4,2,3,5,5,5,5,2,4,5,3,1,3,2,3,28,4,1,0,1,1,1,0,1
106501,0,3,3,1,2,2,5,3,0,4,5,4,2,2,5,0,0,3,3,2,1,5,2,0,3,1,0,0,0,0,0,0,0
106502,5,3,2,4,2,1,3,1,0,3,2,4,0,2,0,1,3,1,1,1,3,1,1,4,2,6,0,0,1,0,0,0,0
106503,3,3,0,4,0,5,3,2,5,4,3,3,0,5,4,0,0,0,3,1,0,6,2,1,8,3,5,0,0,0,1,0,0
106504,3,3,4,0,1,5,4,2,3,5,5,3,4,5,4,3,5,5,1,2,5,7,2,4,3,3,4,1,0,1,1,1,1
106505,2,1,1,5,0,3,4,3,3,3,0,1,0,1,1,0,3,2,2,0,2,3,0,2,5,4,3,0,0,1,0,0,0
106506,1,5,1,5,3,0,3,1,4,4,4,5,5,5,2,2,3,1,3,2,3,5,1,2,26,4,10,1,0,1,1,1,1
106507,5,2,4,5,3,5,3,5,2,1,2,0,5,2,0,0,4,5,3,5,1,8,0,4,22,3,4,1,1,1,1,1,0
106508,2,3,1,1,2,3,5,3,1,5,3,5,0,2,4,3,2,0,3,0,2,5,0,0,21,6,4,0,0,0,0,0,0
106509,4,4,4,4,3,3,4,3,3,4,5,2,1,5,3,1,3,5,0,1,3,1,3,4,14,4,2,1,1,1,1,1,1
106510,0,3,2,0,1,0,1,4,0,0,4,1,1,5,1,4,2,2,4,0,3,1,1,4,14,3,10,0,0,0,0,0,1
106511,1,3,4,1,5,5,2,0,1,1,1,1,4,5,1,2,1,4,1,2,4,5,3,1,11,5,8,1,1,1,0,0,1
106512,4,0,0,0,0,4,4,1,3,0,4,4,1,1,1,3,1,0,0,3,5,4,0,1,8,5,7,0,0,0,0,0,0
106513,0,1,4,2,3,1,3,1,5,1,1,1,4,0,3,1,0,4,1,5,4,9,0,1,16,0,0,0,0,0,0,1,0
106514,0,2,1,4,1,2,2,3,3,4,2,0,5,1,3,3,5,3,2,4,3,9,2,3,17,1,10,1,0,1,1,1,1
106515,4,2,5,1,2,2,3,2,4,4,3,2,3,1,3,0,2,5,0,1,0,9,0,0,12,6,4,0,0,0,0,0,0
106516,1,5,2,1,3,5,2,4,1,5,2,5,5,3,1,0,3,1,4,1,3,6,3,2,22,0,9,1,1,1,1,1,0
106517,1,5,0,1,3,2,4,5,0,0,5,5,2,0,4,4,1,0,4,2,0,6,0,0,28,5,4,0,0,1,1,0,1
106518,3,4,2,1,5,5,4,2,2,3,1,2,5,1,3,1,2,4,3,5,2,9,3,0,6,4,8,1,1,1,1,1,1
106519,1,2,0,4,3,4,5,1,4,4,3,3,4,4,1,4,2,4,2,2,5,5,0,2,15,0,3,1,1,1,0,0,0
106520,0,0,1,1,1,2,5,2,0,5,1,2,2,3,0,5,5,5,1,1,4,6,3,0,26,2,1,0,0,0,0,0,0
106521,0,4,4,1,3,2,4,2,5,0,3,2,1,4,5,0,5,4,2,5,1,2,2,3,28,3,7,1,1,1,1,0,1
106522,0,5,3,1,3,4,4,2,1,3,5,0,4,5,4,5,3,3,3,3,1,6,1,0,4,1,3,0,0,0,0,0,0
106523,0,2,4,1,5,2,4,2,4,0,5,0,4,5,1,4,1,4,3,2,1,3,1,4,18,2,2,1,1,1,0,1,1
106524,4,4,5,5,3,4,1,2,5,0,4,5,0,5,1,3,0,3,3,4,4,9,0,1,25,6,7,1,1,1,1,1,1
106525,1,5,2,1,5,0,5,2,3,5,3,5,1,4,5,1,5,0,1,2,1,5,2,4,26,6,5,1,0,1,1,1,1
106526,0,3,3,2,3,2,3,2,1,5,2,5,5,3,4,1,4,2,3,4,3,5,0,1,20,1,3,1,0,0,1,1,1
106527,0,1,0,3,3,3,5,2,1,1,1,5,0,3,0,1,2,1,2,1,3,7,1,2,12,4,9,0,0,0,0,0,0
106528,2,0,1,1,1,2,1,1,2,5,0,2,5,4,0,3,5,0,3,2,0,7,1,1,8,6,6,0,0,0,1,0,0
106529,5,4,4,2,1,5,1,3,5,5,3,0,0,5,3,0,4,0,4,4,3,10,0,3,2,4,8,1,1,1,1,1,0
106530,2,3,0,1,0,1,3,2,4,3,4,1,3,3,4,2,4,2,2,5,5,1,1,4,12,4,1,1,0,0,0,0,0
106531,0,0,2,2,3,5,3,1,3,1,5,4,1,3,0,3,1,3,2,4,2,9,0,4,3,1,5,0,0,1,0,1,0
106532,1,0,0,0,5,0,2,4,4,4,5,4,0,2,0,3,2,2,1,4,3,2,1,2,19,0,5,1,0,0,1,1,0
106533,2,5,5,2,0,2,1,5,0,3,1,5,1,4,3,0,2,5,5,1,4,10,2,0,3,4,1,0,1,1,1,1,1
106534,1,1,3,2,5,3,1,2,0,2,5,1,5,2,1,1,4,2,0,1,3,5,3,0,9,6,8,1,1,0,0,0,0
106535,5,1,3,2,5,1,4,3,3,5,1,2,1,2,3,0,5,2,4,3,1,10,0,1,16,4,10,1,1,1,1,1,1
106536,4,3,4,0,2,3,0,5,3,3,4,5,5,3,2,5,2,3,0,4,3,3,0,0,11,0,8,0,0,1,1,0,1
106537,2,2,1,5,1,5,0,1,1,1,4,5,3,3,5,5,3,1,3,4,3,2,2,1,10,4,2,0,0,1,0,0,1
106538,5,5,0,0,3,2,5,1,3,2,3,1,5,2,4,5,2,3,3,1,5,2,0,2,23,4,4,1,0,0,0,0,1
106539,1,4,2,0,5,3,5,2,0,1,2,5,2,0,0,5,2,1,4,1,5,1,2,3,15,4,0,0,1,1,0,0,0
106540,0,2,1,0,0,5,0,2,1,3,0,3,3,4,0,5,3,5,5,1,3,3,3,3,3,2,7,0,0,0,0,1,1
106541,5,1,1,5,2,5,0,2,5,1,3,5,0,0,2,1,5,2,4,2,5,6,1,1,5,5,10,0,1,0,0,0,0
106542,5,5,1,1,0,0,1,3,0,3,0,0,2,0,4,5,0,4,4,2,4,7,2,3,21,1,6,1,1,1,0,0,0
106543,1,3,4,2,3,4,3,1,3,2,3,3,3,0,2,0,1,2,3,5,2,10,3,0,10,6,9,1,1,1,0,1,1
106544,3,5,1,4,0,5,1,3,5,0,1,5,2,4,1,0,1,4,3,2,3,7,1,3,12,3,3,1,1,1,1,1,1
106545,1,2,0,0,1,5,5,0,4,0,1,5,1,4,0,1,3,0,4,0,3,9,0,4,20,1,4,1,0,0,0,0,1
106546,3,0,5,0,4,4,2,5,2,0,3,3,2,3,5,1,3,5,3,0,4,1,0,3,9,1,0,1,0,1,0,0,0
106547,4,5,0,1,4,0,3,1,1,0,1,0,5,0,5,4,5,1,3,1,1,4,0,4,2,1,9,1,0,0,0,0,1
106548,4,1,1,4,1,4,1,1,0,0,5,5,5,0,1,4,0,2,5,1,4,10,1,3,10,6,0,0,0,0,0,1,0
106549,3,5,2,5,3,5,1,0,0,3,0,0,2,3,2,0,4,4,1,0,5,3,3,0,19,0,5,1,1,0,0,1,0
106550,4,4,0,3,1,3,4,2,3,3,5,1,0,5,0,2,2,5,5,4,5,7,3,0,27,4,1,0,0,1,1,1,1
106551,3,1,5,5,3,0,3,5,3,0,4,5,0,4,2,0,0,3,4,5,0,9,0,3,26,3,8,1,1,0,1,1,1
106552,4,4,2,5,0,1,1,3,2,2,1,3,3,3,4,5,4,2,5,2,3,2,3,3,26,3,8,1,1,0,1,1,1
106553,1,0,4,1,4,1,2,4,1,1,3,1,4,3,3,4,0,2,1,1,2,4,1,0,2,1,0,0,0,0,0,0,1
106554,2,2,0,1,0,5,1,3,0,3,2,0,5,4,1,0,5,1,0,3,2,0,1,0,16,4,1,0,0,0,0,0,0
106555,2,2,3,0,3,0,2,2,0,3,1,1,3,1,2,4,1,2,2,3,3,2,0,1,16,1,10,0,0,0,0,0,0
106556,3,3,0,4,2,4,1,4,1,3,1,4,1,0,3,1,1,4,3,3,5,9,3,0,8,6,5,1,1,0,1,0,0
106557,0,3,1,4,1,1,5,2,5,2,2,4,0,2,3,1,1,4,5,5,0,0,3,0,24,2,7,1,0,0,0,1,0
106558,1,3,2,5,3,4,1,4,1,0,3,0,3,0,4,3,5,4,4,5,3,3,0,3,27,4,1,0,1,1,0,1,1
106559,5,2,5,3,0,0,2,5,0,4,3,5,1,1,2,1,4,1,1,1,1,7,2,1,8,1,10,1,0,0,1,0,0
106560,0,4,1,5,3,1,3,0,3,4,4,2,4,5,4,2,2,2,0,2,3,2,3,4,9,6,7,0,0,0,1,0,0
106561,3,0,4,5,3,0,0,1,0,5,3,4,3,2,1,5,2,0,3,0,4,1,3,1,11,3,10,1,0,0,0,0,0
106562,3,4,0,4,2,3,1,4,2,4,4,4,3,2,1,2,0,3,2,3,4,3,3,1,16,2,0,0,0,0,1,0,0
106563,2,0,1,4,2,4,5,0,4,1,5,0,4,4,5,0,3,4,2,1,0,10,1,3,27,6,10,0,1,1,1,1,1
106564,0,0,3,0,2,2,4,4,0,4,5,0,3,1,1,3,4,5,0,4,3,2,1,2,16,6,6,1,0,1,0,0,1
106565,0,4,2,4,5,3,1,1,5,5,2,3,3,4,4,0,0,5,3,2,4,1,3,0,24,0,3,0,0,0,1,0,0
106566,1,0,3,5,4,3,2,3,3,0,3,4,4,3,1,4,0,0,2,4,4,8,2,3,19,4,7,1,1,0,0,1,1
106567,0,4,4,1,0,2,5,3,5,3,4,5,0,3,0,4,4,1,0,2,2,5,1,1,13,6,8,1,1,1,0,0,0
106568,0,0,0,4,1,4,1,1,4,3,3,4,0,2,2,2,4,4,2,3,5,7,3,4,20,2,1,0,0,0,0,0,1
106569,0,0,4,2,0,1,1,5,5,5,0,3,2,5,0,3,2,2,0,3,1,8,1,0,4,4,7,0,0,0,0,0,1
106570,1,5,5,1,1,1,1,5,3,3,5,3,4,5,4,0,4,2,1,4,4,3,2,3,21,4,2,1,0,0,1,0,1
106571,5,1,4,4,4,1,3,1,0,5,4,2,2,0,5,3,3,2,3,0,1,0,1,0,7,2,6,0,1,0,0,0,0
106572,3,5,1,0,5,1,3,4,0,4,4,3,5,1,3,4,3,5,2,3,4,3,2,3,23,4,10,1,1,1,1,1,1
106573,0,2,2,2,2,0,3,4,1,4,5,5,5,4,5,5,1,5,0,2,2,3,1,0,13,4,3,0,0,0,0,0,1
106574,3,4,5,5,4,0,2,1,0,0,1,0,0,3,5,4,4,0,1,4,4,10,0,1,10,2,1,1,1,0,0,1,0
106575,0,5,4,0,2,0,1,4,4,3,5,2,3,4,5,1,4,3,0,3,0,5,2,3,8,6,5,0,1,0,1,0,1
106576,2,0,5,0,2,0,3,1,5,4,1,2,0,1,4,3,4,3,5,1,3,7,0,1,26,3,8,1,0,0,0,0,1
106577,0,1,5,5,4,3,4,1,3,0,4,1,4,3,2,1,1,2,2,2,3,4,0,1,12,5,2,1,0,0,0,0,1
106578,0,3,2,4,1,1,4,4,1,5,0,5,0,0,3,3,2,4,1,4,3,7,1,4,19,0,7,0,1,1,0,0,0
106579,0,5,0,2,1,3,4,0,5,4,3,3,0,5,1,5,1,1,2,3,5,0,3,0,24,3,5,1,0,0,0,0,1
106580,2,1,1,2,0,0,0,5,1,5,0,0,4,4,3,2,3,0,3,3,5,3,0,0,30,1,2,0,0,0,0,0,0
106581,2,1,1,5,1,4,2,2,5,3,5,4,2,3,4,4,2,2,0,5,3,4,2,1,14,4,5,1,1,0,0,0,1
106582,2,2,5,4,0,2,2,2,4,5,2,5,2,0,2,0,2,5,2,5,3,10,0,2,18,0,9,1,0,0,0,1,0
106583,3,1,1,5,4,2,5,4,2,5,5,1,2,5,2,4,5,0,2,0,0,9,2,2,18,2,10,1,0,1,1,1,1
106584,4,1,2,0,5,4,2,5,4,0,4,2,2,1,2,4,3,2,2,0,0,8,3,0,25,1,0,0,1,0,1,0,1
106585,4,0,5,3,2,5,1,4,3,5,2,1,4,0,0,4,5,3,5,4,2,2,1,1,12,4,10,0,1,0,1,1,0
106586,3,4,0,4,3,4,1,2,5,3,1,0,4,2,1,2,3,0,2,2,1,2,0,0,4,6,6,0,0,1,0,1,0
106587,3,4,3,0,1,2,1,4,3,2,2,2,5,5,0,4,4,1,1,5,3,9,1,3,19,0,3,1,1,1,1,1,1
106588,2,0,3,3,0,2,2,2,2,1,1,2,3,2,1,5,1,3,5,4,1,10,3,0,3,2,1,0,0,0,0,0,1
106589,1,3,5,0,3,2,1,3,0,2,1,5,5,0,0,0,2,4,5,1,2,5,3,4,17,6,7,0,0,0,1,1,0
106590,2,3,2,5,0,0,3,4,5,3,2,3,3,5,5,5,2,0,3,5,4,4,3,2,7,3,6,0,0,0,1,1,1
106591,0,3,3,4,5,2,1,3,4,3,1,3,0,3,4,2,4,4,4,0,2,6,0,2,6,2,10,0,0,0,1,1,1
106592,5,5,5,1,1,4,3,0,0,4,5,5,5,3,4,1,3,5,0,5,0,0,1,3,9,4,6,1,0,1,1,1,1
106593,2,3,5,3,4,1,3,0,3,4,5,3,2,3,3,0,1,2,3,4,2,4,1,4,5,4,4,1,1,0,0,1,0
106594,4,4,4,0,1,2,4,0,4,4,1,4,2,0,0,1,4,3,5,3,5,4,1,0,26,4,0,0,1,1,0,0,0
106595,5,0,4,4,0,0,5,0,4,3,1,3,5,4,0,3,4,4,0,0,4,5,1,2,11,5,2,1,0,1,0,1,0
106596,2,0,5,1,3,1,0,4,1,5,0,3,5,0,1,4,0,5,3,4,1,8,3,2,9,3,8,0,1,0,0,0,0
106597,5,3,5,3,1,0,0,1,0,5,2,1,5,1,4,4,2,1,0,2,4,8,0,4,18,5,0,1,0,1,1,0,0
106598,2,5,4,0,2,2,2,1,5,5,3,5,3,3,4,4,3,4,0,2,5,4,3,4,5,0,2,1,1,0,0,0,1
106599,0,2,1,0,1,1,3,1,2,4,1,1,2,3,4,4,5,4,3,3,3,8,3,1,18,2,8,0,0,0,0,0,1
106600,0,3,3,5,5,5,4,1,5,1,3,1,2,1,3,0,5,5,2,1,5,5,0,2,4,4,1,1,1,1,0,0,0
106601,0,1,1,2,3,3,1,5,2,5,2,2,2,0,2,2,1,2,2,3,3,10,2,0,3,6,8,0,0,0,0,0,0
106602,5,2,3,0,4,2,2,0,4,5,0,2,1,1,0,3,2,3,0,2,5,5,1,0,5,4,8,0,0,1,0,0,0
106603,2,4,2,4,3,3,3,1,1,1,1,2,1,0,1,0,0,2,1,3,0,0,0,4,20,6,9,0,1,1,0,0,0
106604,1,3,5,1,5,5,3,1,3,5,4,4,4,5,4,1,0,1,3,5,0,10,3,1,21,2,1,0,1,1,1,1,1
106605,2,0,3,3,2,1,3,0,3,3,5,4,1,0,3,1,2,2,2,2,2,5,1,1,5,5,0,0,0,0,1,0,0
106606,1,5,5,4,5,1,3,1,1,4,2,3,3,4,4,0,5,0,2,2,2,0,0,0,12,6,10,0,1,1,0,1,0
106607,5,5,4,4,5,3,0,1,4,2,3,1,1,2,5,2,2,4,5,5,3,6,1,2,26,5,3,1,1,1,1,1,1
106608,5,2,5,1,5,0,2,2,2,1,3,1,4,1,1,2,1,1,0,3,4,3,1,2,7,2,9,0,0,0,0,0,1
106609,0,2,1,1,4,3,3,0,3,2,1,4,2,0,3,3,1,3,2,5,4,0,1,1,6,5,0,0,0,0,0,0,0
106610,4,3,4,1,5,0,0,5,0,1,4,4,3,0,4,0,4,5,3,5,5,8,0,4,3,0,0,0,1,0,0,1,1
106611,2,4,1,3,4,5,5,4,0,0,2,2,5,5,4,5,3,2,3,1,1,10,2,1,8,5,6,0,1,1,0,1,1
106612,0,2,3,4,1,4,3,3,4,2,0,1,5,4,5,1,2,5,1,0,3,0,3,3,29,1,6,0,0,1,0,1,1
106613,5,0,2,3,0,0,4,3,5,5,2,2,1,1,5,3,2,0,3,1,3,5,3,1,24,6,5,0,1,0,1,0,0
106614,0,0,1,2,1,3,3,4,0,0,1,3,1,3,3,3,5,0,4,0,1,3,1,0,6,6,6,0,0,0,0,0,0
106615,1,4,5,0,3,1,5,5,0,1,2,0,3,5,5,0,0,2,3,4,3,10,2,4,28,3,1,1,1,1,0,1,1
106616,0,4,5,5,0,3,0,0,1,1,2,5,4,1,4,1,4,1,5,3,2,9,2,3,17,5,0,1,1,0,0,1,1
106617,2,4,3,3,1,3,5,3,0,1,2,4,5,5,1,4,5,4,4,0,2,8,0,4,29,1,6,1,1,1,1,1,1
106618,3,0,0,3,3,5,1,1,1,0,1,1,2,3,0,2,4,1,1,2,2,1,2,2,17,5,10,0,0,0,0,1,0
106619,1,1,1,0,1,1,5,2,4,1,5,4,3,2,5,1,3,4,3,0,2,2,1,1,23,5,10,0,0,0,1,0,1
106620,0,2,1,1,4,3,0,5,4,3,0,4,0,5,3,4,3,3,1,3,4,1,3,4,13,6,3,0,1,0,0,0,1
106621,0,1,5,1,5,5,1,3,3,2,1,3,4,2,3,4,5,1,1,5,0,10,2,3,2,6,3,1,0,0,1,0,1
106622,5,2,2,3,0,0,3,3,2,3,1,5,3,0,4,4,0,2,0,2,5,3,0,1,20,4,0,0,0,0,0,0,0
106623,4,3,0,4,3,1,3,0,0,5,2,1,3,0,0,2,4,3,4,4,1,0,1,3,5,6,8,0,0,1,0,1,0
106624,5,1,3,5,4,4,0,4,3,0,2,1,1,4,2,2,1,5,2,3,2,7,1,2,11,1,10,1,1,1,0,1,1
106625,3,0,5,3,0,0,2,4,5,1,5,5,2,3,4,4,0,0,4,4,4,8,0,3,3,3,2,0,0,0,1,0,0
106626,3,2,3,2,4,1,5,2,1,5,5,1,0,5,2,3,0,2,5,5,5,4,3,4,5,5,2,0,1,1,1,1,1
106627,4,4,2,2,3,5,1,2,3,1,0,5,2,1,4,2,0,2,1,2,0,10,3,0,8,2,0,0,1,1,1,0,1
106628,3,3,1,4,3,3,5,3,2,0,3,5,2,3,3,1,3,3,0,2,4,9,2,1,10,1,4,1,0,1,0,1,1
106629,2,1,5,1,0,0,4,4,2,1,3,2,2,2,2,5,0,5,4,2,3,6,1,1,29,3,7,0,0,0,0,0,1
106630,1,1,0,2,2,5,5,3,3,2,5,2,5,5,4,5,4,4,1,4,2,0,3,0,30,4,5,1,1,0,1,1,1
106631,2,3,5,4,2,3,5,5,1,1,2,5,3,4,2,1,0,3,4,2,2,9,0,4,13,1,8,1,1,1,1,1,1
106632,0,1,1,3,0,2,1,1,1,3,2,1,5,1,4,0,1,0,4,5,0,0,0,4,21,0,2,0,0,0,0,0,0
106633,1,5,0,2,4,5,5,4,0,1,5,2,1,4,0,5,2,1,4,3,0,4,2,0,29,6,8,0,1,1,1,0,1
106634,4,5,2,4,3,1,2,4,4,3,2,0,5,4,4,0,5,4,3,2,3,9,1,4,11,2,9,1,1,1,1,1,1
106635,5,0,0,1,5,2,1,4,5,5,3,2,3,2,4,1,0,2,1,2,4,4,0,3,5,4,0,0,0,0,1,0,0
106636,0,5,0,0,0,3,5,2,2,1,1,1,0,2,4,0,2,4,1,0,2,4,3,0,6,3,5,0,0,0,0,0,1
106637,0,0,1,4,4,1,2,2,3,3,4,1,5,1,1,4,0,4,3,3,4,10,1,4,18,6,9,1,1,1,1,0,1
106638,0,2,4,2,3,0,4,2,5,4,0,3,0,2,5,0,1,5,1,4,0,5,1,1,20,4,6,1,0,0,0,0,0
106639,4,4,4,1,3,0,3,1,4,0,5,4,4,0,3,1,3,1,2,1,3,10,1,1,2,1,3,0,1,1,0,0,0
106640,1,1,1,0,1,1,1,0,1,2,1,4,1,3,3,3,4,5,0,3,5,9,1,4,12,5,7,1,0,0,0,0,0
106641,1,1,3,5,4,0,5,1,4,3,3,2,4,3,1,0,3,4,1,3,0,8,3,2,7,4,8,0,0,1,0,1,1
106642,0,0,2,4,1,3,5,3,2,1,0,3,4,3,2,5,3,3,0,2,0,1,0,1,8,0,10,0,1,0,0,0,0
106643,5,4,2,1,4,5,3,1,5,2,0,0,0,5,2,4,2,0,1,4,4,2,1,1,18,6,9,1,1,1,1,1,1
106644,2,0,2,3,2,1,3,4,5,2,4,1,5,2,1,3,1,4,2,4,5,6,3,1,14,5,8,0,0,0,1,0,1
106645,4,2,5,2,2,0,0,4,0,5,4,1,5,0,1,3,3,5,0,1,3,3,3,1,27,3,2,0,0,1,1,0,0
106646,4,2,3,1,3,0,4,2,5,0,2,5,2,2,0,1,4,5,0,4,0,8,0,1,9,5,2,1,1,0,0,0,1
106647,0,5,3,1,0,0,5,2,1,3,0,5,1,2,4,3,3,1,4,1,0,8,2,3,18,2,0,0,0,0,1,1,0
106648,4,5,5,0,2,3,5,5,2,5,0,2,3,2,1,4,0,5,1,1,1,5,0,1,10,5,8,1,0,1,0,0,1
106649,3,4,3,5,1,2,3,0,4,5,5,1,4,5,2,3,5,5,2,3,0,5,3,3,10,2,3,1,1,1,1,1,1
106650,3,4,0,5,5,2,5,1,0,3,4,0,0,5,1,2,1,3,5,1,4,2,1,1,9,3,6,0,1,1,0,1,0
106651,1,3,1,5,2,4,4,4,0,2,2,3,0,3,5,1,3,0,0,0,1,8,3,2,24,5,2,1,1,1,0,1,0
106652,5,2,2,1,0,2,3,5,2,0,1,5,3,4,3,3,4,0,0,4,5,0,3,0,20,4,9,1,0,1,0,1,0
106653,5,0,0,5,0,3,4,2,3,1,4,3,1,1,1,5,5,4,2,4,1,1,3,3,27,4,8,0,1,0,0,1,1
106654,2,5,4,1,5,5,0,4,3,4,5,2,5,2,5,2,3,2,4,2,0,6,2,1,26,0,10,1,1,1,1,1,1
106655,0,2,2,4,0,1,4,1,5,0,3,4,3,5,4,3,5,3,5,1,4,0,0,0,17,1,6,0,0,0,0,0,1
106656,5,2,0,0,0,0,3,5,1,4,4,2,3,2,4,3,2,5,2,0,1,2,1,2,18,5,10,0,0,1,0,0,1
106657,5,0,2,1,1,1,2,3,4,5,5,1,2,2,0,2,0,3,1,4,4,3,3,1,27,3,4,1,1,0,0,1,0
106658,3,1,4,3,1,0,3,4,1,2,1,4,3,5,5,0,0,0,2,0,3,2,3,0,26,1,7,1,0,0,0,0,0
106659,3,3,5,5,0,4,5,1,2,4,4,5,1,4,1,2,5,2,3,3,4,8,1,2,15,1,8,1,1,1,1,1,1
106660,1,2,5,1,5,5,3,2,3,5,1,1,2,4,1,5,0,5,5,0,5,3,1,0,20,4,7,0,1,1,0,1,1
106661,0,3,5,2,0,3,2,4,2,4,1,5,0,4,2,5,5,4,1,3,0,9,2,2,14,1,8,1,0,1,1,1,1
106662,5,1,3,5,4,0,2,2,1,3,5,3,2,3,0,1,2,3,3,0,2,6,0,2,18,2,4,0,1,0,0,1,0
106663,2,0,5,2,5,5,3,5,1,3,1,1,4,3,0,3,5,2,5,0,0,8,2,0,24,5,8,1,1,1,0,1,1
106664,1,5,5,4,3,5,3,4,5,1,4,5,2,4,0,3,5,4,0,4,3,9,1,0,29,0,9,1,1,1,1,1,0
106665,4,2,3,2,0,2,1,0,5,0,2,0,0,0,1,5,0,3,3,1,5,4,3,0,7,4,3,0,0,1,0,0,0
106666,0,2,2,0,4,4,3,5,0,4,5,1,4,0,3,0,3,2,4,5,2,8,2,0,24,1,0,0,1,0,1,1,0
106667,0,1,5,1,1,3,1,2,1,3,1,2,1,5,0,1,0,0,2,3,3,9,1,4,3,0,9,0,1,0,0,1,0
106668,1,3,2,3,2,3,5,3,5,5,0,5,3,0,0,2,1,1,3,4,0,6,3,0,7,0,5,1,1,1,0,0,0
106669,2,3,0,0,1,2,3,2,0,4,2,5,4,3,3,3,5,4,5,0,0,6,2,0,28,2,0,0,0,0,1,0,0
106670,2,2,0,1,4,1,5,4,3,1,3,1,1,1,1,4,5,5,4,2,0,1,2,3,19,1,9,1,1,0,0,0,1
106671,1,5,3,5,3,1,2,2,1,5,2,0,1,4,2,2,0,3,3,2,2,5,2,0,26,3,0,0,0,1,0,0,0
106672,2,5,0,0,0,2,2,2,5,0,1,5,3,2,1,3,5,3,0,4,4,2,2,1,5,3,10,0,0,0,1,0,0
106673,2,1,0,1,2,4,1,3,4,0,4,3,2,1,4,5,1,3,1,0,0,4,0,2,18,0,7,0,0,0,1,0,1
106674,3,3,1,3,4,4,3,1,4,3,2,2,0,4,4,1,2,4,1,3,5,2,2,2,2,4,9,1,1,1,0,1,0
106675,3,5,3,3,5,0,3,2,0,3,4,0,0,5,5,3,3,3,4,5,3,7,1,0,20,2,2,0,1,1,0,1,0
106676,5,2,2,1,5,0,3,0,0,4,0,3,0,4,5,3,1,5,5,1,0,6,0,2,14,1,0,1,0,1,0,0,1
106677,4,0,3,0,0,2,5,0,4,3,5,0,1,1,4,4,0,5,3,1,2,10,3,4,5,1,3,0,0,1,1,0,0
106678,1,0,3,5,5,4,3,3,1,1,4,3,0,5,0,4,1,2,2,2,3,7,3,1,9,1,7,1,1,1,0,1,0
106679,5,4,5,3,3,3,4,1,2,0,1,0,4,5,3,2,0,1,5,4,5,9,0,1,4,6,7,1,1,1,0,1,1
106680,3,5,1,3,4,4,0,4,0,5,3,1,5,1,0,0,3,0,3,2,4,3,2,4,28,4,6,0,0,1,1,1,1
106681,1,0,2,0,2,4,2,4,0,2,4,0,4,3,4,0,3,3,4,4,5,7,1,1,14,5,6,0,0,0,0,1,0
106682,2,3,3,1,3,4,4,3,4,1,4,1,1,4,1,0,1,1,3,1,1,6,2,4,27,1,0,1,1,1,1,1,0
106683,4,2,1,0,1,3,2,2,1,0,2,4,2,3,2,2,5,1,5,5,0,9,3,3,5,4,5,0,0,0,1,0,0
106684,4,1,1,5,3,0,4,3,1,4,0,4,5,5,3,2,4,3,3,5,2,8,2,2,21,2,3,1,1,1,1,1,1
106685,2,3,0,4,1,1,3,4,5,5,0,2,0,1,2,1,2,4,2,1,5,8,1,3,20,4,9,0,1,1,1,0,1
106686,0,5,1,3,2,4,2,2,4,5,5,4,2,1,2,2,2,4,4,1,5,6,0,4,2,3,0,0,1,0,1,1,0
106687,1,1,1,4,2,1,3,2,1,5,0,5,2,5,2,4,2,2,0,4,2,8,0,3,24,4,2,1,0,1,1,0,1
106688,0,0,1,0,5,4,5,1,5,1,2,0,2,0,1,0,3,3,1,4,2,10,2,1,5,3,5,1,0,1,0,0,0
106689,4,2,1,5,3,2,4,1,5,0,5,1,5,0,1,1,5,2,0,4,3,3,1,4,27,5,9,0,1,1,0,1,1
106690,3,1,4,3,3,0,5,0,2,3,5,4,4,5,0,4,1,3,5,1,1,2,0,3,9,2,7,1,1,0,0,1,1
106691,2,4,4,3,1,4,0,0,2,3,2,3,5,5,0,1,1,2,5,3,0,1,0,3,20,4,2,0,0,0,0,1,0
106692,4,3,3,5,2,5,4,0,3,0,4,1,1,0,2,3,2,4,0,2,0,7,2,2,20,4,7,1,1,1,0,1,0
106693,4,0,0,0,2,2,5,4,0,5,3,3,0,4,3,4,1,1,1,5,5,5,2,3,28,5,9,1,1,1,1,1,1
106694,4,2,4,2,4,0,5,3,5,3,0,3,5,4,0,1,3,0,2,4,3,0,3,2,17,1,1,1,0,0,1,1,1
106695,0,4,0,0,1,2,3,0,0,4,2,3,0,5,2,0,0,2,5,3,4,5,3,2,24,4,7,1,0,1,0,0,1
106696,3,2,0,2,0,5,2,4,4,3,4,3,3,2,3,1,5,2,5,4,2,0,0,4,4,2,5,0,0,0,1,1,0
106697,5,3,3,1,3,1,3,4,3,5,3,0,5,1,5,3,1,3,3,2,1,4,0,2,30,6,8,0,1,1,1,1,1
106698,4,1,2,2,4,0,5,5,0,4,3,4,0,2,4,1,1,5,3,1,5,0,1,4,22,3,4,1,1,0,1,1,0
106699,1,1,1,4,4,4,5,5,2,3,4,1,3,3,3,5,1,1,1,3,5,1,0,0,22,0,3,1,0,1,0,1,0
106700,2,0,5,1,4,1,5,0,1,3,1,3,5,5,5,0,4,0,2,3,3,3,2,0,3,2,5,1,0,0,0,0,0
106701,5,0,0,0,2,0,5,3,5,5,3,3,5,5,5,2,1,1,5,2,5,10,2,1,8,5,10,0,0,0,1,0,0
106702,0,0,0,0,1,4,3,4,3,2,1,0,1,2,1,5,3,4,5,3,1,0,2,1,22,2,9,0,0,0,0,0,1
106703,3,3,3,4,3,2,1,1,2,5,0,1,1,0,2,4,4,5,3,2,0,2,1,2,27,1,5,1,1,1,1,0,1
106704,0,0,2,3,0,0,0,3,1,0,5,1,1,2,4,0,4,3,0,0,0,9,0,1,29,6,10,0,0,0,0,0,0
106705,5,3,4,5,5,0,5,0,0,0,4,1,3,2,4,1,3,1,1,5,2,10,1,1,29,2,5,1,1,1,1,1,1
106706,0,5,0,5,4,1,0,1,3,0,5,2,5,0,3,0,3,4,2,4,5,5,1,2,12,1,0,1,0,1,0,0,0
106707,0,4,2,0,3,0,0,5,3,2,2,1,5,5,2,5,2,1,1,5,0,10,3,2,4,2,9,1,0,0,1,1,1
106708,1,3,0,4,1,0,2,4,5,3,3,3,1,1,1,4,0,5,5,3,4,7,0,2,26,2,2,0,0,0,0,0,1
106709,1,0,0,0,1,2,4,1,3,5,0,0,3,3,3,1,0,0,3,5,1,4,2,2,17,0,5,0,0,0,0,1,0
106710,2,2,2,0,5,4,4,5,2,5,1,1,4,2,0,2,1,5,4,3,3,7,3,4,30,0,10,1,1,1,1,1,1
106711,1,5,4,4,0,2,1,1,2,0,0,3,4,4,4,2,4,3,4,5,5,8,2,1,3,0,7,0,0,0,0,1,1
106712,2,2,0,2,0,0,3,2,1,4,2,2,0,3,2,4,4,4,2,1,2,9,3,4,4,6,6,0,0,0,1,0,1
106713,3,4,5,5,2,5,5,2,3,1,2,2,5,5,2,0,3,3,4,1,3,4,3,3,30,5,9,1,1,1,1,1,1
106714,3,4,3,0,1,3,4,3,0,2,1,0,5,0,5,3,4,2,5,2,0,1,2,2,4,5,7,0,1,1,1,0,0
106715,5,1,2,3,4,5,5,1,0,5,4,1,3,1,5,4,4,4,2,1,5,7,0,3,25,1,4,1,1,1,1,1,1
106716,2,0,5,1,0,3,4,1,5,5,3,1,2,2,5,5,3,1,4,3,3,0,3,1,16,1,4,1,1,0,0,0,0
106717,3,0,1,5,4,2,0,4,0,4,2,0,4,5,5,2,2,1,3,2,3,6,0,3,5,3,5,1,0,0,0,1,1
106718,4,1,1,4,4,3,1,1,1,1,2,3,1,2,2,2,1,4,5,2,0,7,0,3,30,1,1,0,1,0,0,1,0
106719,1,1,4,4,1,0,1,0,3,0,3,0,1,3,4,3,0,0,4,2,0,5,2,3,17,5,7,0,0,0,0,1,0
106720,4,3,0,1,3,2,0,0,1,5,2,5,5,4,4,3,0,4,3,4,4,9,2,3,21,2,4,0,1,1,1,0,1
106721,5,3,5,5,4,2,5,1,4,1,4,0,2,5,3,5,0,0,4,0,5,8,0,0,5,0,4,1,1,1,1,1,1
106722,1,2,4,5,5,1,4,0,3,1,4,1,4,1,1,1,4,0,0,0,5,0,0,0,8,2,0,0,0,0,0,1,0
106723,1,4,5,4,4,5,5,0,0,3,1,3,2,3,1,2,4,0,5,5,2,7,1,0,28,1,2,1,1,1,0,1,1
106724,2,4,2,2,5,5,1,4,2,1,5,0,4,5,4,2,3,4,5,3,5,5,1,3,11,2,1,1,1,1,1,1,1
106725,1,4,3,5,0,2,5,3,4,3,2,3,4,1,0,3,3,0,4,4,4,4,3,2,13,1,9,1,0,1,0,1,0
106726,3,5,5,4,3,4,5,0,2,5,1,2,3,5,0,0,3,4,4,0,0,4,0,4,3,2,6,1,1,1,1,1,0
106727,5,2,0,0,4,1,0,1,4,2,5,0,2,2,4,0,1,4,2,1,3,9,3,1,24,5,2,1,1,0,1,0,1
106728,3,4,1,5,1,5,5,4,3,2,2,3,4,1,2,2,0,3,3,2,2,10,0,0,7,2,5,0,1,0,0,0,0
106729,0,2,2,0,1,4,0,4,2,5,0,0,1,4,5,0,4,0,0,3,4,6,0,3,19,1,9,0,0,0,1,0,1
106730,1,1,3,4,0,4,2,5,3,5,3,3,1,2,4,2,3,5,0,5,3,7,1,2,24,1,3,1,0,0,1,1,1
106731,4,0,4,1,5,3,1,1,2,0,2,3,0,2,1,0,5,1,2,0,2,5,0,0,20,0,8,0,0,0,0,0,0
106732,1,0,5,5,5,4,3,5,0,4,1,2,3,4,2,0,4,5,5,2,2,10,2,0,30,1,6,1,1,1,1,1,1
106733,3,5,2,4,0,3,0,2,2,0,4,3,3,1,1,2,2,3,3,0,0,7,0,3,22,1,8,1,0,1,1,0,1
106734,4,1,1,4,1,5,5,1,2,0,2,0,2,1,0,0,2,1,3,5,3,3,1,1,28,2,6,1,1,1,0,1,0
106735,1,5,1,4,2,3,2,3,4,3,3,5,4,4,1,3,2,0,5,3,3,9,1,2,15,2,10,1,1,1,1,1,0
106736,3,4,4,3,5,2,5,0,4,0,0,5,2,4,5,3,0,1,0,4,3,1,3,0,10,3,7,1,1,1,0,0,0
106737,2,2,2,5,4,1,2,2,3,1,2,1,1,1,5,0,1,3,0,3,5,0,3,4,30,1,3,1,0,0,0,1,0
106738,0,5,3,1,5,5,3,2,2,2,0,3,0,5,1,4,1,0,2,5,0,8,3,4,28,0,4,1,1,1,1,1,1
106739,2,5,3,3,4,0,4,3,3,2,1,2,5,0,3,1,5,2,1,5,1,7,3,2,9,2,8,0,1,1,0,1,0
106740,2,5,4,1,3,0,5,1,5,3,4,4,4,3,0,3,1,5,5,5,0,8,0,3,8,1,7,1,1,1,0,1,1
106741,0,2,1,0,1,0,2,0,5,5,5,1,2,2,1,5,0,5,1,1,2,1,0,0,27,4,2,0,0,0,0,0,0
106742,5,1,1,5,3,0,3,2,1,2,2,2,1,0,2,4,3,0,3,5,3,4,0,4,8,3,8,1,1,1,0,1,0
106743,3,0,4,2,2,1,1,5,1,1,4,2,3,4,2,1,1,3,0,1,2,7,0,4,8,0,5,0,0,0,0,0,0
106744,0,5,2,0,5,2,0,3,2,1,4,4,2,0,4,2,0,3,4,1,4,2,3,4,5,2,10,0,0,0,0,0,0
106745,5,5,4,4,2,1,5,3,3,5,4,3,2,1,2,1,2,2,5,0,0,8,3,1,20,4,8,1,1,1,1,1,0
106746,5,3,0,5,4,2,3,3,4,1,0,4,3,2,2,2,0,0,3,4,0,0,2,2,22,4,1,1,1,0,0,0,0
106747,0,0,1,3,1,2,2,3,4,0,1,0,1,4,4,5,2,2,2,5,5,5,2,2,2,0,0,0,0,0,0,1,0
106748,0,4,5,1,4,2,4,1,3,3,4,0,0,1,5,4,4,3,3,2,2,7,3,2,9,5,8,0,1,1,1,1,1
106749,2,1,5,5,2,0,4,5,4,4,1,5,0,0,3,3,3,3,2,4,5,9,1,1,22,3,6,1,1,0,0,1,1
106750,3,3,0,4,2,3,5,1,0,0,3,0,2,4,1,1,5,2,4,5,1,2,0,3,15,6,1,1,1,1,0,1,0
106751,4,3,4,1,4,1,2,3,1,3,5,4,4,0,2,3,5,5,0,3,3,9,1,1,4,0,2,1,1,1,1,0,0
106752,2,0,0,1,2,3,0,5,3,2,4,0,1,2,3,3,5,1,1,2,5,0,3,1,11,0,4,0,0,0,0,0,0
106753,3,0,0,5,0,0,2,3,3,4,2,3,5,4,1,4,4,3,3,3,0,4,2,1,26,3,10,0,0,0,1,0,1
106754,0,0,5,5,2,5,2,5,5,0,1,4,0,3,0,0,3,4,2,0,1,7,2,0,5,1,5,0,1,1,0,0,0
106755,3,5,0,4,5,4,1,1,3,5,1,2,5,0,5,5,0,1,5,2,3,4,2,0,11,1,9,1,1,0,0,0,1
106756,5,5,1,0,5,2,3,3,2,5,3,1,4,3,0,3,2,2,5,5,2,6,1,4,7,4,0,1,0,1,1,1,0
106757,3,2,0,1,3,2,2,0,3,4,4,0,0,0,0,2,5,0,5,2,2,1,1,2,24,6,7,0,1,0,0,0,0
106758,2,2,3,2,3,1,5,3,0,3,5,2,3,0,1,4,0,2,1,4,4,5,1,3,6,3,4,0,0,1,1,1,0
106759,1,2,0,3,1,5,0,1,2,4,5,5,4,1,0,3,4,3,1,0,1,10,2,0,9,4,4,0,1,0,0,0,0
106760,5,2,1,5,4,4,4,3,0,0,1,3,2,4,1,1,2,5,2,4,0,8,2,4,8,0,2,1,1,0,1,1,1
106761,0,3,1,5,3,2,3,1,0,5,0,2,5,1,0,5,5,0,4,1,3,9,2,2,18,6,9,1,1,1,1,1,0
106762,1,2,3,1,0,3,1,0,2,4,0,3,0,4,3,5,1,1,0,5,1,3,2,3,11,6,3,0,0,1,0,0,0
106763,0,3,2,0,5,0,2,5,0,4,1,3,3,0,5,5,2,1,4,4,0,1,2,0,7,6,10,0,0,0,0,0,0
106764,5,2,1,1,5,4,5,5,1,2,2,2,3,2,5,0,4,5,5,5,5,5,0,1,16,4,6,1,1,1,0,1,1
106765,2,3,2,1,0,3,2,1,5,0,0,0,3,2,3,5,2,5,5,0,0,0,1,4,17,5,8,0,0,0,0,0,1
106766,5,5,2,5,2,1,3,1,5,3,5,2,1,3,5,1,5,5,1,4,3,10,3,1,8,0,7,1,1,1,1,1,0
106767,3,1,2,0,4,4,3,0,3,3,2,1,2,2,2,2,2,5,2,1,2,7,1,0,18,2,1,0,0,1,0,1,0
106768,3,0,3,4,4,0,5,4,5,1,0,1,0,0,3,4,2,0,3,3,2,2,3,1,21,1,9,1,1,0,0,1,0
106769,3,3,1,3,1,2,3,5,0,5,3,1,0,4,1,2,4,1,1,1,4,4,2,0,6,2,6,0,1,0,0,1,1
106770,1,0,2,0,0,5,5,1,5,2,0,0,3,3,2,4,1,2,2,1,3,1,2,0,9,6,8,0,0,0,0,0,1
106771,3,1,4,4,5,4,5,2,2,5,5,3,4,3,0,3,4,4,2,5,1,9,2,3,3,2,6,1,1,1,1,1,1
106772,4,4,1,3,5,0,0,4,2,5,5,0,4,5,1,0,4,1,2,4,3,4,2,2,7,3,8,0,1,1,1,1,1
106773,5,2,1,0,4,3,5,2,4,0,5,2,5,5,0,0,5,4,2,3,1,10,1,0,3,5,4,1,0,1,1,0,1
106774,3,3,0,1,3,4,5,4,2,0,2,5,0,4,1,0,3,4,1,3,1,5,3,1,27,1,8,0,1,1,0,0,1
106775,5,4,4,2,4,3,0,4,3,2,3,5,2,2,4,1,5,4,2,3,5,1,1,3,7,1,10,1,1,1,1,1,1
106776,5,0,4,1,2,1,2,4,1,3,0,5,0,0,2,2,3,1,5,3,5,8,1,4,8,1,1,0,1,0,0,1,0
106777,3,2,4,3,4,4,1,4,3,0,0,0,2,1,5,5,2,3,1,4,1,2,1,0,3,3,0,0,1,0,0,0,0
106778,2,0,1,3,1,2,5,2,0,1,3,4,4,1,3,2,5,1,1,3,2,5,2,3,10,0,3,0,0,0,0,0,0
106779,0,2,2,1,0,5,2,2,1,5,4,4,3,1,5,0,2,3,1,5,2,0,0,3,22,6,0,0,1,0,1,0,0
106780,1,1,1,0,1,5,1,3,3,2,0,1,1,5,3,3,1,4,2,4,2,7,1,1,15,4,6,0,0,0,0,0,0
106781,5,5,4,3,1,5,0,0,5,3,5,2,0,0,4,2,4,2,0,1,1,9,3,3,28,1,10,1,1,1,1,0,1
106782,0,1,2,2,1,2,4,3,1,3,2,1,0,4,4,5,1,4,1,1,0,6,1,2,28,4,4,1,0,0,0,0,0
106783,2,1,2,1,2,4,0,0,3,5,3,5,2,2,1,0,0,1,1,3,5,6,0,4,24,2,7,0,0,1,1,0,0
106784,4,0,2,1,0,0,1,4,0,0,0,3,5,1,0,1,0,4,3,1,3,4,3,4,26,4,9,0,0,0,1,0,0
106785,1,0,4,0,2,4,3,3,3,3,5,1,2,4,2,4,4,1,2,4,1,10,3,3,14,6,0,0,0,1,1,1,1
106786,5,1,4,5,2,4,0,2,5,0,3,0,1,3,0,0,1,2,0,1,3,8,1,0,8,6,5,1,0,1,0,1,0
106787,3,1,4,5,1,4,1,1,2,0,2,3,1,5,5,3,2,5,3,2,0,2,3,3,13,5,6,1,1,1,1,0,1
106788,0,4,2,3,2,0,5,3,4,2,3,5,4,0,5,4,2,4,3,4,3,1,2,3,2,6,0,1,0,0,0,0,1
106789,1,5,4,2,4,2,2,3,2,5,4,2,1,1,1,0,2,2,3,3,4,6,1,2,10,0,8,0,1,0,1,0,0
106790,4,5,5,1,2,1,1,4,5,2,0,4,4,5,1,3,4,3,3,2,4,8,1,1,13,0,1,1,1,0,1,1,1
106791,5,5,3,1,0,5,5,5,3,4,0,2,0,5,1,5,5,3,1,5,3,4,3,4,30,0,4,1,1,1,1,1,1
106792,5,5,4,5,4,3,0,1,1,5,3,5,1,2,5,3,1,5,3,3,2,6,2,1,12,1,8,1,1,1,0,1,1
106793,5,2,5,0,3,3,1,0,1,0,4,3,1,2,4,1,0,1,5,4,5,6,3,3,5,4,7,1,1,1,0,1,0
106794,0,2,5,4,2,2,5,3,5,4,5,5,2,1,1,4,3,4,0,3,3,10,3,2,8,0,9,1,1,0,1,1,1
106795,4,3,1,1,0,0,4,0,2,5,0,3,2,0,4,0,5,5,4,3,4,3,0,1,20,2,7,0,0,0,0,0,0
106796,0,1,4,1,0,3,2,0,2,5,2,2,3,0,0,5,1,3,4,5,1,3,1,4,18,2,10,0,0,0,0,0,0
106797,0,3,2,4,0,3,5,1,3,4,4,0,1,0,0,5,2,4,1,1,0,7,3,1,15,1,4,0,0,0,0,0,1
106798,4,5,0,5,5,2,3,4,0,5,5,1,1,0,3,0,4,3,0,3,5,1,1,0,28,2,8,1,1,1,0,1,0
106799,2,1,2,5,1,3,4,0,1,3,1,1,3,2,1,1,2,5,3,1,5,8,1,4,26,3,3,1,1,1,1,1,0
106800,3,4,5,1,2,2,5,2,2,0,5,5,1,3,1,4,3,1,5,5,4,3,1,4,3,5,8,0,1,1,1,1,0
106801,5,5,5,3,4,3,3,0,1,5,4,3,5,3,3,4,5,5,4,2,1,4,3,0,25,0,10,1,1,1,1,1,1
106802,0,3,4,1,3,2,2,5,3,5,1,3,5,4,5,3,0,3,4,3,1,2,2,2,24,3,3,0,1,0,1,1,1
106803,3,2,5,1,0,4,3,4,2,1,4,5,1,3,3,4,0,3,2,0,2,7,2,3,21,3,4,0,1,1,1,0,0
106804,5,1,3,2,5,5,0,0,2,5,3,5,1,3,2,5,0,5,0,3,0,9,2,1,5,4,7,0,1,1,0,1,0
106805,2,1,4,0,1,2,2,1,4,3,5,4,5,2,0,4,3,0,3,2,2,7,0,0,6,1,7,0,0,0,1,0,0
106806,3,1,0,0,4,0,4,2,4,2,4,1,4,1,2,3,4,5,3,0,1,7,0,1,26,0,5,0,0,0,0,0,1
106807,2,4,1,3,4,4,2,2,1,4,1,0,2,2,5,2,0,5,3,0,4,10,3,4,25,3,0,1,1,1,0,1,1
106808,5,3,1,4,3,5,4,1,2,3,4,3,3,4,2,5,4,0,5,2,0,5,2,1,24,1,8,0,1,1,0,1,1
106809,0,1,5,1,0,4,2,2,3,4,2,5,1,3,5,3,0,3,4,5,0,2,0,0,22,1,8,0,0,0,0,1,0
106810,5,3,3,3,3,2,1,5,5,2,4,2,3,5,0,4,0,2,1,2,4,8,3,1,19,0,0,1,0,1,1,0,1
106811,4,4,5,4,1,3,0,1,3,2,0,5,5,1,3,5,5,1,4,5,3,4,1,1,27,4,0,1,1,0,0,1,1
106812,4,0,2,5,5,2,3,0,0,0,1,1,2,3,3,1,1,1,0,3,0,0,2,4,27,1,6,1,1,1,0,0,0
106813,2,0,2,3,4,4,1,2,3,5,1,0,2,3,1,4,2,0,2,3,3,6,3,0,13,2,0,0,0,1,0,0,1
106814,3,5,4,1,4,4,2,2,4,1,5,3,3,3,0,3,1,4,2,2,1,4,2,2,22,1,3,1,1,1,1,0,0
106815,2,4,3,4,4,3,3,1,5,0,2,2,4,0,4,1,2,1,2,4,5,0,3,3,10,6,10,1,1,1,1,1,0
106816,1,3,2,1,1,2,0,0,5,0,1,0,3,1,3,3,2,3,0,1,2,3,1,1,28,4,6,0,0,0,0,0,0
106817,5,5,1,0,0,1,2,0,4,2,4,5,2,3,2,5,1,2,1,4,1,7,3,1,2,3,9,0,0,1,0,0,1
106818,3,3,3,2,3,3,1,4,3,2,3,2,2,5,2,3,0,5,4,5,0,10,2,0,19,4,9,1,1,1,0,1,1
106819,4,3,0,1,3,2,1,0,1,5,3,1,0,2,5,4,4,0,0,3,0,10,3,4,5,1,3,0,1,1,1,1,1
106820,0,1,1,0,5,5,5,1,5,3,5,3,4,0,5,0,3,0,5,1,1,3,3,3,7,5,6,1,1,1,0,0,0
106821,4,4,0,0,3,0,5,4,2,4,5,5,2,5,2,2,3,4,4,2,2,9,3,3,11,2,3,0,1,1,1,1,1
106822,3,4,0,5,4,5,1,3,4,0,2,0,5,4,3,0,0,3,2,5,4,3,0,1,16,5,5,1,0,1,1,1,0
106823,5,1,1,4,2,4,5,0,4,0,5,2,2,4,2,2,4,3,1,3,2,0,1,0,23,3,3,1,1,0,0,1,0
106824,0,4,0,4,0,3,1,1,0,1,3,4,1,2,5,2,4,2,5,4,5,10,1,4,9,1,3,1,0,0,0,1,1
106825,3,4,0,0,0,5,2,2,2,2,5,4,5,3,2,1,2,3,5,5,2,4,1,1,15,2,7,0,0,1,0,0,0
106826,3,0,4,4,2,4,5,2,4,0,4,1,0,0,0,2,3,3,1,1,2,9,1,0,28,0,10,1,1,0,0,1,0
106827,3,0,1,2,0,0,0,5,2,5,0,0,4,0,0,3,2,5,4,0,5,9,1,1,21,1,8,0,0,0,0,0,0
106828,0,3,3,4,3,2,2,0,3,5,5,4,4,0,4,3,4,4,5,2,4,8,2,2,10,2,1,0,1,0,0,1,1
106829,2,3,0,2,2,5,4,0,3,2,3,1,1,2,0,2,5,5,5,1,5,4,1,1,5,3,3,0,0,1,0,0,0
106830,1,3,5,1,1,4,5,3,0,4,2,0,1,5,3,3,3,5,1,4,5,0,2,0,19,6,2,1,0,0,0,1,1
106831,3,2,1,1,3,0,5,5,1,1,2,5,1,0,3,3,0,1,3,3,0,9,0,0,3,2,5,0,0,0,0,0,0
106832,1,5,4,0,4,1,5,0,2,0,3,4,5,3,1,0,5,0,5,2,0,2,0,0,13,3,10,1,0,0,1,0,0
106833,2,2,3,4,0,5,5,4,2,5,5,2,2,4,3,2,3,3,3,4,0,10,3,4,24,0,2,1,1,1,1,1,1
106834,3,1,4,2,2,0,2,5,0,4,0,2,0,2,0,4,5,5,5,0,4,2,0,4,4,5,8,1,1,0,0,0,1
106835,0,0,3,4,5,5,1,2,0,4,1,5,2,0,5,4,4,2,1,0,4,0,2,3,20,2,0,0,0,0,0,0,0
106836,4,5,3,4,1,3,2,2,1,4,0,4,0,5,4,4,3,5,2,3,5,9,0,3,8,6,0,1,1,0,1,1,1
106837,4,4,4,1,4,4,0,5,5,4,1,3,3,5,0,1,1,1,5,1,4,1,1,4,18,2,9,1,1,1,1,1,1
106838,0,2,4,1,2,1,0,3,5,4,0,3,1,2,2,5,3,4,0,3,4,10,2,2,6,3,4,1,0,0,1,0,1
106839,0,1,2,0,1,2,5,3,5,5,1,3,1,5,5,2,1,0,5,0,0,2,2,3,8,6,7,0,0,0,1,0,1
106840,5,0,5,0,5,4,1,1,5,5,2,2,0,5,0,5,2,1,1,1,2,7,2,0,13,1,8,1,0,1,1,1,1
106841,1,0,5,5,2,0,3,5,5,5,4,3,0,3,1,0,3,5,0,3,5,3,3,0,11,4,0,0,0,0,1,0,0
106842,5,0,4,3,5,0,1,1,4,2,3,3,4,5,4,4,5,1,2,0,3,9,0,0,15,5,10,1,1,0,1,0,1
106843,2,3,5,2,3,3,3,2,0,4,1,3,5,4,3,1,3,5,2,2,0,2,0,4,4,4,10,1,0,1,1,0,0
106844,2,1,0,1,4,0,2,5,2,1,0,2,2,4,1,3,4,0,5,2,0,5,2,1,9,4,8,0,0,0,0,0,1
106845,1,0,3,3,4,5,0,3,4,1,5,4,0,0,0,0,2,5,2,4,2,7,2,0,30,1,9,0,1,1,0,0,0
106846,3,1,3,3,5,4,2,4,2,5,1,2,5,0,1,2,1,5,4,5,4,1,3,2,27,6,4,1,1,1,1,1,1
106847,0,4,5,1,3,4,4,5,1,2,4,4,2,0,2,4,0,5,1,0,4,4,1,0,20,4,3,0,0,1,0,0,0
106848,2,2,0,0,5,3,4,3,0,5,1,2,2,5,0,3,1,2,3,5,4,8,0,0,4,4,9,0,0,0,1,1,0
106849,2,0,4,2,0,3,1,0,2,2,3,5,4,2,3,1,0,2,4,5,3,10,1,0,4,2,9,0,0,1,0,0,0
106850,0,4,0,3,2,5,1,4,2,1,5,4,4,3,2,1,4,5,3,5,3,9,0,1,14,6,9,1,0,1,1,0,1
106851,2,2,2,4,2,0,4,3,4,2,5,4,4,3,1,1,0,0,3,3,3,10,1,1,25,2,3,0,1,0,1,1,0
106852,3,1,4,2,0,1,2,1,4,3,0,3,4,2,5,5,2,4,2,2,4,9,0,1,3,3,2,1,0,0,1,1,0
106853,4,4,1,0,5,4,0,0,0,0,3,1,0,4,5,1,5,0,4,0,4,8,0,4,4,3,2,0,0,1,1,0,1
106854,0,5,5,5,4,0,0,5,3,3,2,5,1,4,5,3,4,2,4,1,0,2,2,4,21,6,10,0,1,1,1,0,1
106855,5,3,5,2,4,1,2,0,5,0,5,4,4,5,5,0,5,4,1,5,5,1,0,0,8,4,4,1,1,0,1,1,0
106856,5,0,0,4,3,0,1,2,2,2,4,0,5,0,1,3,5,1,1,5,3,10,3,3,12,2,3,1,0,0,1,0,0
106857,4,1,1,0,3,0,0,5,5,1,0,1,3,2,2,3,3,0,0,4,1,1,2,1,4,6,4,0,0,0,0,0,1
106858,5,3,0,0,2,2,4,5,0,3,5,0,2,1,1,3,0,2,4,5,1,4,0,2,26,1,2,1,0,1,0,0,0
106859,2,5,4,0,4,3,2,5,1,5,2,0,5,3,1,5,1,3,0,3,4,1,0,1,18,0,4,1,1,1,1,0,0
106860,4,5,5,4,5,0,4,4,5,0,4,2,3,4,5,4,3,2,3,1,3,5,3,2,23,3,10,1,1,1,1,1,1
106861,4,5,3,1,1,5,0,2,4,0,1,4,0,1,2,1,1,3,2,4,5,3,3,1,2,0,3,1,0,1,0,1,0
106862,3,4,0,4,2,4,2,1,1,2,1,4,2,3,4,4,5,3,4,2,0,5,1,0,12,0,7,0,0,0,0,1,1
106863,1,3,1,5,0,3,2,5,5,4,0,5,5,0,5,1,2,4,0,3,3,9,3,0,30,3,2,1,0,1,1,1,1
106864,3,3,0,3,5,0,3,3,2,1,0,0,2,3,1,0,3,0,0,3,1,2,3,1,29,5,9,0,0,0,0,1,0
106865,5,4,2,5,3,3,5,2,4,4,5,3,3,5,1,5,0,1,4,4,4,10,2,1,15,5,5,1,1,1,1,1,1
106866,5,4,4,5,3,5,2,5,1,0,0,1,0,4,5,2,0,3,3,3,0,5,3,3,18,5,4,1,1,1,0,1,1
106867,2,3,0,4,1,1,2,2,2,1,3,0,3,4,2,2,4,2,5,4,0,3,3,1,25,3,7,0,1,0,0,1,1
106868,1,0,5,4,0,3,5,0,1,3,4,5,1,5,5,5,4,5,1,3,2,6,2,4,12,6,6,1,1,1,0,1,1
106869,4,5,1,3,4,3,2,3,2,3,0,0,0,3,3,3,3,1,0,1,5,8,1,2,20,2,3,1,1,1,1,1,1
106870,0,0,3,1,5,4,2,2,3,2,1,1,5,0,2,4,1,1,1,5,5,10,0,4,13,5,10,1,1,1,0,1,0
106871,0,2,4,0,2,5,0,3,4,5,2,3,2,3,2,5,2,0,1,1,2,2,1,2,19,0,7,0,0,1,0,0,1
106872,3,2,3,2,4,0,4,3,3,2,2,2,4,2,5,1,2,2,4,0,0,10,0,3,22,0,7,1,1,0,1,1,0
106873,5,5,2,2,3,0,0,3,0,3,5,0,4,5,0,0,1,0,3,4,1,7,2,2,3,1,8,1,0,1,1,0,0
106874,1,0,2,2,3,0,1,2,3,0,1,1,5,1,3,2,5,5,2,5,5,2,0,3,14,6,9,0,0,0,0,0,1
106875,2,2,2,0,1,1,2,1,2,5,4,4,2,3,5,0,2,3,5,1,3,1,2,4,18,3,1,0,0,0,0,0,0
106876,1,2,1,3,3,2,2,1,0,3,2,0,4,5,5,2,5,4,0,1,4,1,1,2,20,3,10,0,0,0,0,0,1
106877,2,0,1,2,0,5,0,5,1,2,2,0,5,4,3,3,3,3,4,1,1,0,3,2,15,0,1,0,0,0,0,0,0
106878,0,1,4,5,1,3,3,4,5,1,2,1,3,1,2,5,3,0,5,3,5,2,3,0,9,4,6,1,1,0,1,1,1
106879,3,2,5,5,2,4,5,2,2,3,4,5,3,5,5,1,5,3,0,2,3,8,1,2,4,6,5,1,0,1,0,1,1
106880,3,5,5,3,1,3,0,5,4,0,2,0,5,2,2,5,0,2,0,3,4,3,2,3,8,2,10,1,0,0,1,1,0
106881,1,2,1,5,5,5,2,4,1,2,3,3,2,4,2,1,3,4,1,1,2,3,0,4,25,2,10,1,1,1,0,1,1
106882,1,5,1,1,0,1,3,3,5,4,0,2,3,5,3,0,2,0,2,4,2,5,2,3,19,2,8,1,1,0,1,0,1
106883,4,4,0,5,5,4,1,4,4,4,1,3,4,5,2,5,1,2,2,1,0,2,0,3,27,2,8,1,0,1,1,0,0
106884,1,4,1,5,0,1,3,5,0,3,2,1,5,4,1,1,1,1,2,2,2,4,0,1,11,2,3,1,0,1,0,0,0
106885,0,5,3,0,5,1,2,3,4,2,1,5,4,4,2,1,1,2,4,2,4,4,1,2,5,6,8,0,0,1,0,0,0
106886,0,4,1,4,2,5,0,0,5,3,0,2,2,0,3,0,4,4,2,0,0,0,0,4,26,5,6,0,0,0,0,0,1
106887,5,4,4,2,5,0,5,2,5,1,1,0,4,5,0,3,3,0,5,2,5,9,1,1,21,4,10,1,1,1,1,1,1
106888,2,0,0,1,3,1,5,1,4,3,3,1,3,5,3,1,4,0,0,5,3,0,3,2,26,0,5,0,0,0,1,1,1
106889,0,4,2,2,2,2,2,4,4,1,5,1,2,1,4,3,4,4,1,1,4,8,3,0,3,3,10,1,0,0,0,0,1
106890,5,0,1,5,0,0,0,0,3,1,4,5,2,0,1,2,3,1,1,1,3,8,2,3,11,1,4,0,0,0,0,0,0
106891,0,4,2,5,2,4,0,2,0,4,5,0,4,5,1,1,1,0,0,4,4,4,2,2,12,0,4,0,1,1,1,1,0
106892,2,3,0,2,3,2,5,2,0,0,3,1,0,3,5,3,3,0,0,1,4,9,3,2,4,5,5,0,1,1,0,0,1
106893,0,4,2,2,5,2,5,2,1,1,0,1,5,1,5,0,3,0,0,4,3,5,2,0,27,3,7,1,1,1,0,1,1
106894,4,3,4,3,1,1,2,3,1,2,0,1,1,1,0,4,1,4,0,0,3,8,2,2,13,2,8,0,1,0,0,0,1
106895,4,2,5,4,0,5,5,3,5,5,4,5,4,3,0,4,5,4,2,1,1,8,0,2,29,4,5,1,1,1,1,1,1
106896,4,2,1,2,1,2,1,1,5,4,3,4,5,3,5,0,2,2,0,3,1,0,0,3,6,2,6,0,0,0,1,0,0
106897,1,3,2,2,1,4,2,4,1,2,5,5,1,3,5,5,2,3,2,5,4,7,3,4,4,1,7,1,0,1,1,1,1
106898,1,2,4,5,5,3,0,2,2,3,2,4,3,1,3,1,5,2,4,3,1,5,3,1,28,4,10,1,1,1,1,1,1
106899,5,2,2,2,0,5,3,0,4,1,5,5,3,4,5,5,2,2,2,0,3,1,0,4,9,0,1,0,0,0,0,0,1
106900,4,2,3,1,5,3,4,4,4,4,2,3,0,4,2,3,5,0,0,3,4,10,3,3,24,0,6,1,1,1,1,1,1
106901,0,3,2,1,0,5,5,2,5,2,5,3,3,0,1,5,2,0,3,0,3,3,2,2,23,1,9,0,1,1,1,0,0
106902,4,1,5,1,4,4,4,3,4,5,0,2,5,3,5,2,4,5,1,0,3,10,2,1,8,4,4,1,1,1,0,1,1
106903,4,3,3,3,2,0,3,4,4,5,2,0,5,4,2,4,5,1,5,1,1,6,1,3,16,3,10,1,1,0,1,1,1
106904,3,1,5,3,0,0,4,3,4,1,5,5,5,1,2,1,5,5,3,5,0,10,0,2,18,5,8,0,0,0,1,0,1
106905,3,1,4,0,3,4,3,5,5,2,4,2,2,4,3,4,1,4,1,5,0,7,2,2,9,4,10,1,1,0,1,1,1
106906,0,2,2,5,4,0,2,3,2,5,2,4,4,5,1,1,4,4,0,0,4,9,2,3,10,2,2,1,0,0,0,0,1
106907,0,0,1,1,5,1,3,2,1,0,5,5,1,5,1,0,1,1,2,2,0,1,0,2,17,6,8,0,0,0,0,0,0
106908,0,3,0,0,1,4,1,5,5,3,2,2,1,4,0,4,3,4,3,5,2,7,3,4,25,4,6,1,0,1,1,1,1
106909,0,4,3,4,3,2,0,3,0,3,5,0,5,4,0,0,4,3,0,2,5,8,2,3,27,0,10,1,1,1,1,1,0
106910,5,5,4,1,3,1,4,4,1,3,0,2,1,2,4,1,4,5,2,2,1,9,3,0,30,3,9,1,1,1,1,1,1
106911,3,1,2,4,2,1,2,1,0,3,4,5,4,0,2,2,5,5,4,2,2,10,3,3,12,0,7,0,1,0,0,1,1
106912,4,3,0,5,5,1,5,5,5,3,4,0,5,2,4,4,1,3,5,3,0,10,3,2,20,2,9,1,1,1,1,1,1
106913,1,3,4,4,2,5,0,5,5,2,1,1,3,4,3,3,0,3,4,1,2,5,2,1,7,1,8,0,0,1,1,0,1
106914,5,4,1,4,2,2,2,5,2,2,1,0,0,2,3,5,5,5,0,4,1,6,3,0,7,0,1,0,0,0,0,1,0
106915,1,3,3,2,3,5,1,2,0,5,4,4,5,5,5,4,3,3,1,1,3,10,1,1,3,2,4,1,0,0,1,1,1
106916,5,4,0,2,5,4,5,5,1,0,4,0,1,3,1,1,2,5,0,3,0,1,1,2,7,6,9,1,1,1,1,1,1
106917,0,5,0,3,5,1,2,4,3,0,1,1,5,0,5,4,2,5,3,4,2,4,3,4,16,3,0,0,0,0,1,1,1
106918,0,0,5,2,4,0,3,0,2,0,0,1,0,5,5,4,0,2,0,5,4,1,2,3,18,3,6,1,0,0,0,0,0
106919,0,2,4,5,0,5,0,5,4,3,1,0,2,2,3,5,5,5,0,4,2,6,3,3,9,3,5,1,0,1,1,1,1
106920,4,3,0,2,1,5,3,3,4,1,1,5,4,0,3,4,1,1,2,4,3,7,2,1,21,6,2,0,0,1,1,0,1
106921,1,3,0,2,0,0,2,3,2,0,3,2,0,4,5,3,4,2,4,0,1,0,1,2,20,6,4,0,0,0,0,0,1
106922,2,2,2,4,0,1,3,2,3,1,4,4,2,2,3,3,3,3,0,3,5,6,1,3,29,2,0,1,0,0,0,0,1
106923,2,1,4,1,4,4,3,5,0,1,1,3,5,4,2,2,5,4,1,1,4,9,0,2,9,4,1,1,1,1,1,1,1
106924,4,3,2,3,4,5,0,0,0,0,2,0,5,4,4,1,3,4,3,0,0,4,3,3,10,1,4,1,0,1,1,0,1
106925,2,4,5,4,0,5,0,2,2,4,1,1,3,5,5,5,5,0,3,4,5,10,1,3,19,0,1,1,1,1,1,1,1
106926,0,0,3,4,2,1,0,3,0,0,0,0,4,5,2,1,3,4,4,3,1,1,0,2,8,5,4,0,0,0,0,0,0
106927,2,3,3,1,1,5,1,1,0,5,5,1,4,4,2,5,3,1,0,5,2,0,2,1,11,6,7,1,0,0,0,1,1
106928,1,5,1,0,0,4,4,1,4,5,4,3,5,0,4,4,3,4,3,4,3,2,2,4,20,5,2,1,1,0,1,0,0
106929,4,3,4,1,2,2,1,3,0,5,4,0,2,4,4,3,5,5,2,2,2,9,1,0,27,0,3,1,0,0,1,0,1
106930,4,5,5,4,0,2,5,3,1,1,5,2,1,0,2,1,3,1,2,4,3,10,1,0,19,6,0,1,1,1,0,1,0
106931,0,2,0,1,4,4,0,4,4,1,0,0,5,2,4,4,5,2,3,2,4,2,1,2,26,4,1,0,0,1,0,0,1
106932,4,0,4,0,5,5,3,4,1,5,2,4,2,4,1,4,4,0,2,3,3,0,1,3,18,5,5,1,1,1,0,1,0
106933,0,4,5,3,2,5,4,0,1,3,4,2,3,5,0,3,3,0,5,0,0,7,3,3,17,1,8,1,0,1,1,1,1
106934,3,1,2,5,1,2,0,2,4,3,3,5,3,5,1,5,1,1,1,2,0,9,0,4,22,4,10,1,1,0,1,0,1
106935,2,0,4,1,2,1,3,5,0,5,4,1,4,0,5,3,3,1,4,3,3,4,2,4,16,3,5,0,0,0,0,0,1
106936,1,1,2,0,5,5,0,5,1,1,2,2,5,4,5,5,1,3,5,2,0,6,0,3,17,0,10,0,1,1,0,0,1
106937,2,5,1,0,0,1,4,0,3,2,0,2,2,0,0,2,4,1,5,1,4,9,1,4,6,2,6,0,0,0,0,1,0
106938,1,4,4,0,4,4,2,4,0,0,3,1,2,3,4,4,0,1,1,2,4,0,0,2,3,1,5,0,1,0,0,0,0
106939,4,1,1,1,0,3,5,1,3,4,4,4,5,2,2,0,2,5,2,3,3,9,3,1,24,5,3,0,0,0,1,0,0
106940,5,3,4,1,1,3,3,4,2,1,4,5,1,1,1,5,3,1,5,4,4,4,2,1,9,4,9,0,1,1,0,1,1
106941,4,2,1,3,2,1,1,2,1,0,1,5,3,4,1,4,2,4,4,0,2,10,3,1,30,0,2,0,1,0,0,1,1
106942,2,1,2,1,2,1,0,0,3,2,3,2,3,5,0,5,2,5,5,4,0,8,1,0,27,4,1,0,0,0,1,0,0
106943,3,5,4,3,1,3,0,1,0,3,3,4,2,2,1,5,0,5,2,4,4,1,1,1,4,3,9,0,0,0,0,1,1
106944,2,4,2,2,4,1,0,5,3,1,1,2,3,4,0,2,5,4,1,3,4,6,3,2,21,4,9,1,1,1,1,1,1
106945,4,2,4,3,4,4,1,4,2,5,1,0,4,4,0,3,0,5,4,0,3,3,1,3,26,2,9,1,1,1,1,1,0
106946,3,2,0,3,2,5,4,0,0,4,1,4,1,4,1,1,2,2,5,4,4,10,3,1,22,4,6,1,1,1,0,1,0
106947,2,4,0,3,2,0,2,5,4,5,0,2,1,1,5,5,5,5,5,1,0,10,2,2,23,1,2,0,1,1,0,1,1
106948,2,2,0,5,0,5,0,5,2,2,3,2,2,5,3,1,3,0,5,2,1,10,0,3,16,0,0,1,0,1,1,1,0
106949,2,2,1,1,3,1,0,3,0,2,1,0,5,4,1,1,2,2,5,1,1,2,2,0,21,5,6,0,0,1,0,0,0
106950,3,2,0,3,1,0,2,0,2,3,3,1,2,5,3,2,2,0,3,3,3,9,1,0,14,6,0,0,0,0,0,0,0
106951,4,2,2,2,1,5,1,2,4,5,3,2,2,1,5,2,0,3,0,5,4,1,3,0,19,3,2,0,0,0,0,0,0
106952,2,3,0,3,5,1,4,0,2,3,3,4,2,0,0,1,2,2,5,5,1,7,0,0,25,3,0,0,0,1,0,0,0
106953,4,0,4,0,3,3,2,2,2,2,5,2,4,4,1,5,3,4,1,2,2,1,2,0,4,6,10,0,0,0,1,0,1
106954,4,2,0,1,4,0,0,1,0,3,0,1,0,0,2,5,2,1,2,3,5,1,2,3,29,5,3,0,0,0,0,0,0
106955,2,2,5,5,1,0,1,4,0,0,0,2,3,1,0,1,2,1,4,1,2,10,0,4,29,4,5,1,0,1,0,1,0
106956,5,1,5,4,3,1,2,4,1,5,2,0,3,1,3,5,3,0,3,1,1,8,3,3,6,5,5,1,1,0,1,1,1
106957,1,2,4,2,0,3,0,1,1,4,0,2,1,1,3,1,2,1,3,0,5,0,0,0,9,6,6,0,0,0,0,0,0
106958,5,2,4,0,1,1,0,5,3,2,4,2,1,5,1,2,2,4,2,2,4,7,0,1,5,1,8,0,0,0,1,0,0
106959,1,2,4,3,4,1,5,4,2,0,2,4,4,5,1,5,5,1,1,1,5,8,1,3,24,4,7,1,1,1,0,1,1
106960,3,5,5,1,2,5,2,3,0,1,0,0,0,3,4,4,0,1,5,1,3,4,3,3,3,2,6,1,1,0,0,0,1
106961,1,3,3,1,3,1,4,4,3,3,0,3,1,4,3,2,3,0,4,1,4,8,0,1,8,6,10,0,1,1,0,0,0
106962,2,3,3,0,4,0,5,4,5,5,5,4,2,3,3,3,0,5,3,1,1,8,0,3,7,0,5,0,1,0,1,0,1
106963,2,1,2,1,5,0,0,4,5,2,2,4,0,5,0,4,0,2,1,0,4,3,0,0,21,1,2,0,0,0,1,0,0
106964,4,5,3,1,0,5,4,1,5,5,2,5,0,2,4,3,3,5,1,3,5,4,2,1,25,0,2,1,0,1,1,1,0
106965,0,0,2,0,3,2,4,4,2,3,1,4,3,4,3,1,0,1,3,0,4,3,2,2,7,1,10,0,0,0,0,0,1
106966,5,3,0,3,5,5,0,5,2,4,4,5,3,2,4,4,2,2,4,0,4,7,3,2,18,1,6,1,1,1,1,1,1
106967,5,1,5,5,1,4,1,4,0,0,4,2,5,3,1,2,1,4,4,5,0,9,0,2,26,4,9,1,1,0,1,1,1
106968,3,4,4,0,5,1,0,2,4,4,2,0,3,1,5,4,5,1,4,1,3,7,3,1,14,0,10,0,1,1,0,1,1
106969,3,2,4,0,3,4,0,3,2,1,5,0,0,4,0,3,1,4,3,0,0,4,2,4,5,6,7,0,1,1,0,0,1
106970,4,1,1,0,1,2,1,5,3,2,2,5,3,5,4,4,0,3,5,3,2,8,1,1,16,5,10,0,0,1,0,0,1
106971,1,0,4,3,4,3,1,3,1,1,5,0,0,5,0,4,0,4,3,3,0,10,2,2,22,1,10,1,0,1,1,0,1
106972,4,4,3,4,5,3,5,4,1,3,5,0,0,2,4,3,1,5,0,1,3,3,0,2,27,3,4,1,1,1,1,0,1
106973,1,2,0,1,0,4,1,5,4,3,2,4,1,0,4,1,0,4,0,1,3,9,2,2,9,6,4,0,0,0,0,0,0
106974,4,1,5,0,4,1,4,2,2,2,3,2,0,5,3,1,4,4,4,5,4,2,2,2,25,2,5,1,1,1,1,1,1
106975,1,5,5,0,5,0,0,2,3,0,5,3,5,0,3,0,0,2,5,2,3,9,3,2,11,0,6,1,1,1,1,1,0
106976,4,0,5,3,3,4,3,2,5,3,0,0,3,0,1,2,4,0,3,3,0,8,1,3,24,1,4,0,1,0,1,1,0
106977,4,2,2,2,3,5,4,2,1,2,2,2,3,5,0,1,1,1,5,4,5,6,3,3,20,6,6,1,1,1,0,1,1
106978,1,0,1,2,0,3,0,4,0,4,5,4,0,1,0,4,0,4,4,3,2,4,2,1,7,2,6,0,0,0,0,0,0
106979,3,0,0,1,2,0,2,2,4,4,1,3,0,3,1,3,2,0,4,0,0,8,3,3,23,2,6,0,0,1,1,0,1
106980,2,0,4,5,5,0,5,5,3,2,2,1,0,1,2,5,1,3,3,3,5,10,2,2,21,5,4,1,1,1,0,1,1
106981,1,1,5,2,4,3,3,4,2,0,5,0,3,1,1,0,3,4,4,4,5,9,0,0,26,1,3,1,1,0,1,1,1
106982,3,5,0,4,2,5,4,4,3,3,4,3,4,1,4,4,1,2,1,4,4,10,0,4,11,6,2,1,1,1,1,1,1
106983,5,2,4,4,1,3,2,5,5,4,2,4,3,1,4,1,5,3,5,5,4,10,0,0,5,6,8,1,0,1,1,1,1
106984,0,5,0,0,4,1,1,5,1,4,0,4,1,4,3,4,5,1,0,4,0,10,0,4,15,2,2,0,1,1,0,1,1
106985,5,1,4,1,5,3,2,0,4,2,1,0,1,4,3,4,2,4,0,2,1,6,0,0,28,2,1,1,1,1,1,1,1
106986,5,4,0,5,1,0,2,5,3,1,5,2,2,0,0,1,5,3,1,5,5,5,3,0,6,4,9,1,1,0,1,0,1
106987,3,0,5,5,4,2,5,5,4,0,3,0,2,5,1,5,5,1,1,1,0,4,0,4,9,3,9,1,1,1,1,1,1
106988,3,0,1,2,1,5,2,1,5,3,5,4,0,3,1,2,5,4,3,1,0,10,1,3,16,5,5,0,0,0,1,0,1
106989,2,0,2,0,4,3,3,1,0,1,0,1,2,4,0,3,1,4,4,4,0,4,3,2,26,2,7,1,0,0,0,0,0
106990,0,5,4,1,5,0,3,3,0,4,2,1,1,0,2,4,0,2,0,2,4,0,2,3,29,2,1,0,1,1,0,0,0
106991,3,4,5,5,3,1,2,5,0,3,0,3,1,2,2,3,3,4,1,2,4,2,1,4,30,4,1,1,0,0,0,1,1
106992,4,4,2,4,2,0,2,3,1,0,0,0,5,5,2,5,4,5,5,3,2,7,0,3,21,2,6,1,1,1,0,1,1
106993,1,5,5,0,1,2,5,3,2,4,0,4,0,5,4,0,2,4,3,1,5,6,0,0,2,6,4,0,0,1,0,1,0
106994,4,1,0,4,0,1,1,1,1,1,3,2,4,0,4,3,3,1,2,2,1,10,0,3,2,2,7,0,1,0,0,0,1
106995,4,4,2,0,0,5,2,5,4,5,1,3,0,4,1,4,2,2,2,2,1,10,2,3,30,4,9,1,1,1,1,1,1
106996,4,3,5,1,5,1,4,4,4,0,0,4,1,4,1,0,4,0,0,1,2,0,1,2,26,2,1,1,1,1,1,0,1
106997,2,3,1,2,3,0,0,0,2,2,5,3,5,0,2,2,4,4,2,3,2,8,2,1,19,5,1,0,0,0,1,0,0
106998,2,3,3,2,1,2,4,1,3,0,2,0,1,5,2,5,1,3,5,0,0,8,1,4,21,5,10,0,1,0,0,1,1
106999,2,2,2,4,3,4,4,5,1,3,3,0,0,1,0,1,5,1,3,5,3,9,2,0,11,5,2,1,0,1,1,1,0
107000,5,0,2,0,5,4,2,4,3,2,3,4,2,5,3,0,0,1,1,2,5,6,0,3,14,1,1,0,0,0,0,0,0
107001,5,0,4,5,3,5,3,2,1,3,2,5,1,0,2,2,4,0,5,5,2,6,0,4,25,1,7,1,1,1,0,1,0
107002,2,3,3,3,5,2,2,3,4,4,0,1,3,3,5,3,0,3,0,2,5,0,3,3,14,1,5,1,0,1,0,0,1
107003,5,3,4,1,0,3,3,0,1,5,2,0,3,1,0,0,1,1,0,3,5,5,1,0,6,5,6,0,0,0,0,0,0
107004,3,4,3,5,0,3,0,5,5,2,5,4,3,3,5,2,3,2,0,4,1,2,3,4,24,3,0,1,0,1,1,1,1
107005,2,3,5,2,3,0,3,3,5,3,4,5,0,4,2,3,1,1,0,4,5,2,0,2,12,2,10,1,1,1,1,0,1
107006,0,1,2,2,3,0,2,3,1,3,4,0,1,3,2,5,5,2,3,4,5,1,1,2,9,0,9,0,0,0,1,1,0
107007,3,2,4,0,4,4,0,3,3,5,3,0,0,4,1,4,4,2,4,2,4,5,1,0,12,0,10,1,1,0,1,1,1
107008,3,2,3,5,5,2,4,3,4,1,2,2,5,4,2,0,0,2,1,2,5,8,2,0,13,3,1,1,1,0,0,1,0
107009,5,5,4,5,0,4,0,2,5,3,2,3,0,1,0,5,1,2,4,4,1,0,0,1,22,0,1,1,1,1,0,0,0
107010,4,3,5,1,5,5,3,1,2,5,2,2,5,5,5,3,3,0,5,4,0,8,0,0,24,4,7,1,1,1,1,1,0
107011,0,3,1,5,0,1,5,2,3,1,3,2,5,0,2,5,0,5,3,3,0,10,0,0,24,5,1,0,0,0,0,0,0
107012,3,4,1,4,3,4,5,4,0,2,5,2,3,3,5,1,1,1,3,0,0,10,0,3,27,1,3,1,1,1,0,0,1
107013,4,2,1,2,4,1,3,0,1,2,0,5,4,4,4,0,0,0,0,3,5,7,1,4,9,4,4,1,0,1,0,1,0
107014,2,5,2,5,4,4,4,2,1,4,2,1,5,4,4,2,0,2,1,1,2,8,0,2,26,0,5,1,1,1,1,1,0
107015,2,4,2,3,1,0,3,4,1,4,1,0,5,1,2,2,5,1,5,3,2,0,2,4,21,5,2,0,1,0,1,1,0
107016,4,5,0,4,3,1,4,3,2,0,5,3,1,5,3,2,3,4,3,1,2,8,0,4,19,6,8,1,1,0,0,1,1
107017,3,4,5,1,5,2,5,0,4,1,0,2,4,5,2,5,1,2,2,4,3,6,0,0,5,4,0,0,0,1,0,0,1
107018,4,3,5,0,1,2,2,5,5,4,0,1,1,0,4,2,2,5,5,0,2,4,1,0,26,2,10,0,1,1,1,0,1
107019,2,0,3,3,5,0,2,0,3,4,4,5,0,0,4,1,3,1,3,3,2,9,0,1,29,0,10,1,0,1,0,0,1
107020,1,3,1,1,3,5,1,2,2,3,1,0,1,3,4,5,4,1,5,5,3,1,0,0,22,2,1,0,0,0,0,1,1
107021,3,0,4,5,0,0,5,0,4,2,1,0,5,1,2,5,1,0,0,0,1,7,2,0,9,1,7,0,0,0,1,0,1
107022,5,3,1,0,1,5,5,1,3,5,3,0,0,0,5,4,2,0,0,2,4,4,1,3,26,4,9,1,0,1,1,1,1
107023,3,4,1,4,5,1,4,2,2,5,5,5,3,4,0,0,2,1,5,5,0,9,0,0,30,5,2,0,1,1,1,1,0
107024,4,3,5,3,2,4,3,1,0,2,0,5,0,2,4,5,0,2,5,1,3,1,0,4,9,1,2,0,1,0,0,1,0
107025,0,1,5,5,5,4,1,5,3,2,3,5,2,5,5,0,1,1,1,3,0,1,3,1,16,3,9,1,1,0,0,1,0
107026,5,0,3,5,2,2,5,3,0,5,2,0,5,4,3,4,4,2,2,4,3,9,2,4,3,4,0,1,1,0,1,1,1
107027,1,4,1,5,2,3,0,2,3,2,1,0,5,3,2,4,4,0,1,3,3,6,1,0,26,4,10,0,1,0,1,1,1
107028,5,4,0,2,5,0,3,1,5,2,3,2,5,2,5,2,3,2,2,3,3,4,3,2,30,4,9,1,0,1,1,1,1
107029,2,2,5,4,4,5,1,2,4,5,5,2,5,4,0,1,5,0,0,0,5,7,2,0,16,2,7,1,1,0,1,1,0
107030,5,4,1,0,1,0,2,2,5,0,1,1,3,0,5,0,5,3,3,5,5,8,1,4,23,1,3,1,0,1,1,1,1
107031,5,4,4,2,4,3,0,4,2,4,1,3,0,1,1,0,3,1,4,3,5,5,0,0,29,5,7,1,1,1,1,1,0
107032,4,3,2,1,1,0,0,1,2,4,0,3,3,4,2,1,4,2,4,4,1,10,0,0,27,2,9,0,1,0,1,1,0
107033,5,0,2,1,5,4,2,4,3,2,3,4,2,4,1,2,1,2,3,0,5,9,3,4,4,3,3,1,1,1,1,1,1
107034,3,5,5,3,0,2,2,2,1,1,1,2,1,1,5,2,0,1,2,5,1,3,0,3,20,6,9,0,0,0,0,1,0
107035,5,2,3,0,3,2,5,1,5,5,3,0,4,5,2,3,1,0,0,4,2,5,2,4,10,0,8,1,1,1,1,1,0
107036,1,4,2,3,0,0,3,2,0,4,0,1,0,3,2,0,4,0,3,4,1,2,3,0,12,4,6,0,0,0,0,1,0
107037,0,5,2,2,4,1,0,0,5,5,4,1,0,4,3,4,4,5,2,1,1,2,2,2,20,4,4,0,0,0,1,0,1
107038,3,2,1,1,5,2,5,3,5,2,1,5,2,0,1,0,3,4,1,4,4,2,3,1,16,5,3,1,1,1,1,1,0
107039,4,3,3,3,4,4,3,4,5,5,0,5,1,0,2,2,3,0,2,1,4,0,1,0,2,5,0,0,1,0,1,0,0
107040,4,0,3,4,2,3,4,3,0,4,0,5,4,5,1,0,0,4,1,2,1,8,1,1,22,2,1,1,1,1,0,0,1
107041,3,5,0,3,4,1,5,0,5,1,4,4,4,5,4,5,1,2,0,2,4,1,0,2,28,3,4,1,1,0,0,0,1
107042,3,0,2,0,1,3,3,3,1,2,5,0,4,2,0,2,4,5,5,0,3,2,0,0,20,4,1,0,0,0,0,0,0
107043,3,3,3,3,3,1,1,0,1,1,2,2,0,5,3,2,5,2,5,0,5,4,2,4,23,0,0,1,0,1,1,1,1
107044,5,2,0,3,5,3,2,2,4,3,0,4,3,4,2,1,4,1,2,2,2,3,2,2,2,2,6,0,0,0,1,1,0
107045,5,0,5,4,2,3,4,3,2,1,4,0,5,1,0,1,1,4,5,3,1,8,3,4,4,4,1,1,1,1,1,1,0
107046,0,2,5,2,0,1,0,5,5,4,0,5,5,2,5,1,5,5,4,3,2,6,0,2,21,3,5,0,0,0,1,1,1
107047,3,5,3,0,2,1,5,5,2,2,1,5,0,3,2,0,2,0,2,2,0,0,1,1,29,6,6,0,0,0,1,0,0
107048,2,1,0,0,2,3,2,3,0,3,5,5,1,2,1,2,2,5,0,1,4,4,0,2,14,6,7,0,0,0,0,0,0
107049,4,1,3,1,4,3,3,1,1,3,2,1,1,1,0,0,2,2,5,5,5,8,1,1,4,0,6,1,0,1,0,1,0
107050,3,1,5,3,4,5,5,4,4,3,4,1,1,1,5,0,4,5,0,1,1,2,1,1,25,4,0,1,1,0,0,0,0
107051,5,0,0,4,2,2,5,2,3,4,2,3,5,3,5,0,4,3,5,1,5,1,0,0,11,1,10,0,0,0,0,1,1
107052,2,1,4,4,4,2,4,3,1,3,1,4,0,2,0,0,4,0,0,2,3,5,2,0,26,1,2,1,1,1,1,1,0
107053,4,3,5,1,0,2,1,1,1,3,1,1,3,5,1,4,0,5,4,2,3,5,0,4,24,3,1,1,0,0,0,0,1
107054,0,4,0,2,1,5,3,2,4,3,5,1,5,5,0,4,2,2,4,2,3,4,3,4,21,4,2,1,1,0,1,1,1
107055,5,4,1,0,3,1,3,2,1,3,2,2,4,0,4,4,0,0,4,1,0,6,2,3,3,4,3,0,0,1,0,0,0
107056,0,4,4,4,4,2,5,4,0,4,5,3,2,3,0,5,1,5,0,3,4,7,1,4,13,6,10,1,1,1,1,0,1
107057,2,4,5,2,4,2,0,5,3,2,5,0,3,3,2,2,4,2,5,3,1,3,0,3,2,3,8,0,1,1,0,1,1
107058,5,2,4,3,3,3,0,1,5,1,4,3,2,0,3,2,2,3,3,1,5,4,1,3,24,4,2,0,1,1,0,0,1
107059,5,5,3,2,0,4,0,3,1,1,1,1,4,4,5,2,5,2,5,5,5,9,3,0,25,0,2,1,1,1,1,1,1
107060,2,1,3,1,4,2,5,5,4,1,3,4,5,3,5,2,0,4,1,0,0,8,2,3,29,4,0,1,1,1,1,0,1
107061,2,4,3,1,2,1,3,0,2,3,2,4,3,4,2,0,5,1,2,1,2,1,1,2,12,5,0,0,0,0,0,0,0
107062,0,0,3,5,1,4,4,3,5,4,3,5,2,2,1,1,1,1,0,1,1,2,3,2,7,4,1,0,0,1,0,0,0
107063,5,4,4,0,2,1,0,4,3,1,4,2,5,2,3,2,3,5,4,1,5,6,0,3,24,2,10,1,1,1,1,1,1
107064,0,0,0,5,4,5,0,0,3,3,5,0,2,4,2,2,5,2,4,1,0,5,3,3,25,5,5,0,1,1,1,0,0
107065,0,1,1,0,1,3,3,4,1,2,4,1,0,4,2,2,0,1,0,4,1,6,0,2,30,6,4,0,0,1,0,0,0
107066,2,2,0,0,3,2,4,2,5,5,2,1,1,4,5,0,1,2,3,3,5,8,1,4,3,6,0,1,0,0,0,0,0
107067,0,4,4,5,0,1,2,3,0,5,5,0,3,2,2,1,1,2,3,4,4,3,2,0,2,6,10,0,0,1,1,1,1
107068,0,0,4,5,4,4,0,4,3,5,4,3,2,3,3,2,4,4,5,2,3,2,1,3,9,0,2,0,0,0,0,0,0
107069,3,1,0,5,0,3,2,0,1,5,1,3,5,5,3,1,5,0,0,3,0,0,0,4,6,1,4,0,0,0,0,0,0
107070,4,2,0,4,5,5,3,0,3,5,0,2,4,5,2,2,0,0,4,3,5,2,3,1,27,1,6,1,1,0,1,1,1
107071,1,4,1,2,5,4,1,1,5,3,2,1,3,2,5,1,4,3,3,4,1,10,1,1,8,6,8,0,0,0,1,1,1
107072,4,5,1,0,5,4,1,1,0,3,4,3,5,3,2,1,2,2,1,2,5,6,2,1,3,4,1,0,0,1,0,1,1
107073,3,3,3,3,2,0,4,1,0,1,1,0,4,0,3,5,4,0,1,3,3,9,3,1,8,1,4,0,0,0,0,0,1
107074,1,3,2,3,4,0,1,5,4,4,5,4,1,2,4,5,4,5,0,3,5,5,0,2,4,0,5,0,1,0,0,0,1
107075,4,2,2,4,0,3,0,4,4,1,5,1,4,3,4,4,3,0,0,0,2,10,1,3,8,4,3,0,0,1,1,1,1
107076,3,4,0,0,1,0,3,2,2,2,0,4,4,2,2,2,5,5,3,0,1,10,2,1,8,5,8,0,1,1,1,0,1
107077,4,0,3,0,0,5,0,3,1,5,2,4,5,5,0,4,1,3,4,5,0,3,3,2,5,6,0,0,0,0,0,0,0
107078,0,0,4,3,0,5,2,0,3,0,1,4,0,5,3,0,0,4,2,3,3,8,1,1,17,1,8,0,0,0,0,1,1
107079,1,1,3,5,2,3,3,1,1,0,5,3,0,0,0,1,3,5,5,3,3,1,2,0,28,6,1,0,1,0,0,1,0
107080,1,1,4,5,3,4,0,0,3,4,4,0,4,1,4,4,4,0,0,0,1,3,3,4,18,5,2,1,0,1,0,0,1
107081,2,2,5,3,5,2,3,2,2,4,4,0,5,0,5,5,1,3,0,5,1,4,0,1,12,3,0,0,1,1,0,0,0
107082,5,5,5,2,0,5,4,3,4,4,4,0,1,0,0,0,5,3,3,4,2,1,3,3,15,6,2,1,1,1,1,1,1
107083,4,3,3,2,2,0,5,3,3,2,4,0,5,3,0,2,0,2,4,1,0,0,2,4,26,2,6,0,1,0,0,1,1
107084,3,2,0,3,4,1,1,3,3,0,4,5,0,4,4,0,0,1,3,5,2,2,1,2,29,1,9,0,1,0,0,1,1
107085,3,1,2,3,1,4,1,0,0,1,4,0,4,4,4,5,5,3,5,4,2,3,0,2,16,0,9,0,0,0,0,0,1
107086,5,3,2,1,4,4,3,3,3,5,5,2,2,2,5,2,0,5,1,3,5,4,1,1,4,6,8,0,0,1,1,0,0
107087,2,1,4,2,3,1,3,3,4,3,3,2,3,2,0,4,5,5,2,0,1,6,1,3,22,1,7,0,0,0,1,0,1
107088,1,5,5,3,3,4,3,5,3,5,0,3,5,1,0,4,1,3,4,0,4,0,1,1,28,0,4,1,1,0,1,0,1
107089,0,2,3,5,0,2,1,1,3,0,2,0,3,5,2,0,0,2,1,1,4,7,2,0,13,4,1,0,0,0,0,0,0
107090,1,3,2,4,1,5,0,0,3,1,4,0,1,4,0,5,1,5,0,1,4,2,1,4,2,1,8,0,0,1,1,0,1
107091,3,5,4,4,5,1,0,2,1,4,5,5,5,2,5,5,4,1,4,4,2,8,2,2,30,5,8,1,1,1,1,1,1
107092,2,1,4,1,5,4,5,1,2,0,3,4,1,1,3,3,1,1,4,0,4,8,1,1,3,2,0,0,1,1,0,1,0
107093,2,2,4,2,2,1,2,1,0,2,1,3,3,2,4,5,3,1,1,1,2,6,3,0,23,6,3,1,0,1,1,0,1
107094,2,3,3,3,3,0,2,1,4,5,1,0,1,4,4,5,3,4,0,0,3,6,2,4,4,2,2,0,1,0,1,1,1
107095,5,1,3,5,3,4,3,4,0,0,5,4,5,1,3,3,3,1,0,3,3,4,2,1,13,2,7,1,1,0,0,1,0
107096,5,0,2,2,3,4,1,2,4,0,1,4,5,2,2,3,1,2,4,3,2,0,0,0,25,4,6,0,0,1,1,0,0
107097,0,1,2,5,4,1,2,5,3,3,0,5,2,0,1,5,4,0,0,5,2,6,1,0,4,1,3,1,0,0,0,0,0
107098,0,0,1,4,3,3,2,0,3,1,3,0,2,4,5,1,4,2,2,4,5,0,3,3,17,1,6,1,0,0,0,1,0
107099,1,4,1,3,0,5,0,5,3,1,3,3,2,5,3,2,3,2,0,0,0,9,1,4,2,1,10,0,1,1,1,0,1
107100,5,0,3,4,0,2,3,2,0,3,3,0,5,4,0,3,3,4,0,3,2,4,3,2,18,3,7,1,1,0,1,1,0
107101,2,1,2,4,5,3,1,3,3,3,2,2,3,4,1,0,2,0,5,1,2,6,0,3,7,1,5,1,0,0,1,1,1
107102,5,5,0,4,4,1,0,4,2,4,3,2,0,0,0,4,2,1,0,0,3,0,0,2,15,6,7,0,1,0,0,0,0
107103,3,3,0,4,1,3,3,2,4,0,2,0,4,5,5,3,5,4,5,1,1,3,0,1,9,5,6,1,0,0,0,1,1
107104,3,4,5,2,0,5,1,0,5,4,2,1,2,4,0,0,5,0,5,1,0,3,0,4,17,0,4,1,1,1,1,0,0
107105,1,4,2,2,1,3,4,1,5,4,1,5,0,1,5,5,1,2,3,5,3,6,0,4,26,3,7,0,1,1,1,0,1
107106,2,1,3,3,3,0,3,5,5,4,4,5,2,3,4,2,3,0,5,1,3,2,2,0,4,3,2,0,0,0,1,1,0
107107,0,3,5,5,3,4,0,0,4,1,3,3,0,0,0,0,4,3,4,1,1,2,2,3,20,4,3,0,1,0,0,0,0
107108,3,1,0,3,1,2,4,5,1,4,1,2,1,5,0,0,1,3,2,2,2,5,3,0,27,4,6,0,0,0,0,1,0
107109,1,3,5,5,1,0,0,4,1,0,3,5,4,0,5,1,1,3,2,0,4,6,0,0,27,0,4,0,0,0,1,0,1
107110,1,4,4,4,1,3,1,3,5,4,1,2,2,0,3,2,0,4,3,1,5,6,0,0,18,1,10,0,1,1,1,0,0
107111,0,5,3,2,2,1,4,1,5,0,4,2,2,3,5,2,0,1,4,4,0,3,2,1,18,3,0,0,0,1,0,0,0
107112,4,5,2,3,1,5,2,5,1,3,3,0,2,4,5,3,3,5,5,5,1,7,3,0,14,5,4,1,1,0,1,1,1
107113,5,0,4,3,2,5,2,0,3,2,3,0,5,4,0,3,2,5,1,5,4,1,2,1,29,2,5,1,1,1,0,1,1
107114,2,1,1,5,0,4,1,4,5,1,3,2,1,5,0,4,4,4,0,0,1,4,3,4,15,6,0,0,0,0,0,0,1
107115,3,3,1,1,5,3,2,1,5,1,5,1,5,0,4,2,4,5,3,3,0,10,2,1,16,5,4,0,0,1,1,0,1
107116,5,1,5,1,5,1,1,2,5,2,4,0,2,4,0,2,4,3,3,2,0,6,3,0,30,2,8,0,1,0,0,1,0
107117,3,3,1,1,2,0,5,0,2,2,1,4,2,1,4,4,2,5,5,5,3,1,0,1,26,5,8,1,0,0,0,0,0
107118,3,5,4,0,4,0,4,3,3,2,2,3,3,5,5,0,4,3,2,5,2,6,2,3,22,5,4,1,0,1,1,1,1
107119,2,1,5,4,3,2,5,0,3,2,3,0,4,1,2,5,5,4,1,2,1,8,1,3,27,0,2,1,1,1,0,0,1
107120,3,5,3,5,0,1,2,0,5,0,4,5,2,2,1,2,4,2,1,5,4,3,3,3,23,1,2,1,1,0,1,1,1
107121,3,5,1,3,1,5,5,1,5,2,0,1,3,1,5,3,3,4,0,1,1,2,3,0,13,6,2,0,1,0,0,0,1
107122,4,5,5,0,0,1,1,2,3,2,5,1,2,4,2,0,3,2,1,1,3,3,0,0,27,1,0,1,0,0,0,0,0
107123,3,0,4,2,4,1,1,5,5,2,1,1,4,5,1,0,1,2,2,3,5,8,0,1,30,0,7,0,0,1,1,0,1
107124,3,1,3,5,4,4,1,4,2,1,2,4,5,3,3,0,1,4,5,3,0,7,3,1,29,3,9,1,1,1,1,1,1
107125,0,0,0,0,3,5,3,2,3,1,1,5,5,2,2,2,5,0,4,5,2,7,3,4,12,6,3,1,0,0,0,1,1
107126,5,0,2,3,0,2,3,3,4,0,3,5,3,2,4,4,4,2,4,4,1,2,2,4,7,3,10,0,0,0,1,0,0
107127,5,0,2,2,1,0,0,4,5,3,1,0,1,4,5,5,5,5,0,5,4,0,2,4,24,0,10,0,0,0,1,0,1
107128,1,2,1,5,2,0,3,2,0,3,5,5,3,3,1,3,2,1,3,1,1,0,1,3,28,6,8,0,0,0,0,0,0
107129,1,0,2,3,0,3,5,4,0,4,1,0,3,1,1,2,4,3,0,5,4,5,3,3,2,2,1,0,0,0,0,1,0
107130,5,1,0,3,0,5,2,3,1,1,1,4,1,2,5,3,0,5,3,3,3,0,3,3,27,3,3,0,0,1,0,0,0
107131,1,5,4,4,1,2,4,4,0,2,0,3,5,5,5,1,5,5,2,4,4,10,2,4,11,2,4,1,1,1,1,1,1
107132,4,5,2,4,3,0,3,5,1,1,4,5,4,5,4,1,5,5,2,5,4,3,2,4,27,3,7,1,1,1,1,1,1
107133,4,5,4,3,0,2,5,2,5,5,5,3,2,2,0,5,3,1,2,2,4,5,0,1,30,4,0,1,1,1,1,1,0
107134,5,0,2,4,5,0,3,0,3,4,3,2,0,4,0,5,1,4,4,5,5,10,3,0,18,2,3,1,0,0,1,1,0
107135,0,3,4,4,2,2,2,3,0,0,5,3,4,0,1,5,4,4,0,0,4,5,3,2,3,1,10,1,0,1,0,0,0
107136,2,3,4,3,1,2,0,1,4,4,2,3,1,5,0,5,0,3,4,5,1,5,1,3,5,1,1,0,0,1,0,1,0
107137,3,0,0,4,0,4,4,0,5,5,4,1,4,1,2,4,0,4,1,5,0,0,3,0,30,6,0,1,0,0,0,0,1
107138,5,5,2,2,5,0,2,0,5,3,5,3,2,3,4,5,1,2,2,3,1,3,2,0,21,4,8,1,0,1,0,0,1
107139,1,2,4,2,3,2,5,3,5,5,4,4,4,3,4,0,2,4,4,3,2,0,3,4,12,0,6,1,1,0,1,1,1
107140,1,5,3,0,5,1,1,5,5,1,0,1,5,5,2,0,1,4,0,3,2,7,1,4,23,0,8,1,1,1,1,0,1
107141,1,0,1,4,4,2,2,2,4,1,5,3,0,5,2,5,4,5,0,4,4,5,3,3,16,1,10,0,1,0,1,1,1
107142,4,3,4,1,5,5,4,3,5,3,0,1,0,2,2,0,1,4,0,1,4,1,2,2,3,6,9,1,1,0,1,0,1
107143,5,0,1,4,5,4,0,1,4,3,0,3,4,3,4,1,4,3,1,2,0,10,1,0,27,1,3,1,1,1,1,1,1
107144,0,5,5,5,4,5,1,0,4,4,1,2,2,3,1,2,3,3,4,4,4,9,2,1,26,6,9,1,1,1,1,1,1
107145,1,3,4,5,5,0,4,4,1,5,4,3,4,3,0,3,3,3,0,4,3,0,1,4,10,3,9,1,1,0,1,1,0
107146,1,0,1,1,5,4,1,3,5,1,5,0,0,2,4,1,1,2,4,4,4,10,2,0,23,3,8,0,1,0,1,1,0
107147,5,1,1,3,1,5,5,1,0,5,3,1,5,2,3,5,3,5,3,2,2,7,1,2,27,0,0,1,0,1,0,0,1
107148,2,2,5,4,3,4,3,3,1,0,2,2,1,3,0,2,5,0,2,2,1,6,3,3,6,0,7,1,1,1,0,1,0
107149,1,0,3,3,5,4,4,3,4,2,2,4,0,5,3,4,3,5,4,3,1,9,2,4,9,1,0,0,0,1,1,1,1
107150,1,0,4,3,5,0,3,0,4,2,4,4,2,0,2,4,2,3,0,5,5,1,0,4,11,2,0,0,0,0,0,0,0
107151,3,5,4,2,0,4,0,1,5,4,1,1,4,1,5,0,3,1,0,4,1,10,2,0,8,6,4,0,0,0,1,0,0
107152,2,5,0,1,0,5,4,5,0,2,1,3,0,4,4,5,2,3,4,1,4,10,2,0,21,0,1,0,0,0,1,0,1
107153,0,3,4,3,1,1,2,2,4,4,1,5,3,3,2,1,0,0,0,0,2,8,2,2,30,6,4,0,1,0,1,0,0
107154,4,5,2,5,4,2,2,4,0,0,2,3,4,2,5,3,4,3,2,5,0,1,2,4,2,1,2,1,1,0,1,1,1
107155,2,3,5,1,2,2,4,3,3,5,4,0,3,2,4,3,2,5,4,0,3,6,3,2,6,0,3,0,1,1,1,0,1
107156,1,0,1,0,3,0,1,0,1,1,3,3,0,5,1,0,0,0,4,3,5,1,2,0,21,4,0,0,0,0,0,0,0
107157,4,4,0,0,0,0,2,5,3,3,0,2,1,5,3,5,5,2,4,4,1,3,2,4,27,6,0,1,1,0,0,1,1
107158,4,0,3,3,0,1,3,5,0,2,1,0,3,5,3,0,1,3,4,0,1,7,1,3,15,0,2,1,0,0,1,0,0
107159,0,4,3,1,4,0,3,4,0,0,0,2,3,1,4,2,4,3,2,2,3,4,1,2,11,4,2,0,0,1,0,0,1
107160,0,2,3,2,1,3,4,0,5,3,2,0,0,3,0,1,4,4,5,2,0,7,1,0,22,1,1,1,0,1,0,0,0
107161,0,0,1,5,0,0,0,5,3,5,3,0,2,5,5,1,3,4,1,0,2,5,1,1,6,4,3,0,0,0,0,0,1
107162,4,1,2,0,1,0,5,0,2,3,1,1,0,1,1,0,2,3,0,4,2,2,1,1,28,4,10,0,0,0,0,0,0
107163,3,4,5,1,1,3,3,3,2,4,0,1,3,1,3,0,5,5,5,1,2,4,2,0,13,5,10,1,1,1,0,1,0
107164,4,5,4,1,2,1,3,2,5,5,0,5,2,3,0,0,0,2,3,4,3,7,1,0,29,5,8,0,0,1,1,0,0
107165,3,3,5,2,5,2,5,4,4,1,4,1,3,1,0,4,1,1,3,4,2,8,3,1,20,0,0,1,1,1,1,1,0
107166,2,0,1,4,1,2,2,0,2,0,2,5,2,4,4,0,2,5,4,2,2,10,1,0,20,4,0,1,0,0,0,0,1
107167,3,5,5,1,3,2,0,5,0,4,5,0,5,5,4,3,0,4,4,2,1,10,3,0,11,4,7,1,1,1,1,1,1
107168,4,4,2,0,1,2,0,3,4,4,3,3,0,2,2,1,1,3,1,1,4,9,2,4,30,4,0,0,0,0,1,0,0
107169,2,2,5,0,2,0,5,1,1,0,1,1,1,5,0,0,0,2,0,0,2,4,3,2,8,5,10,0,0,1,0,0,0
107170,5,3,5,4,1,0,5,1,1,2,0,2,0,3,5,0,5,4,4,1,0,2,1,3,11,1,8,1,1,0,0,1,1
107171,5,5,0,0,2,2,0,4,3,2,4,3,5,2,1,5,0,0,4,0,4,5,0,2,6,5,6,0,0,1,0,0,0
107172,4,2,5,3,3,3,4,1,5,4,2,5,1,5,0,5,0,1,1,5,4,3,0,4,29,5,2,1,0,1,1,1,0
107173,5,0,3,3,3,4,3,1,1,5,3,4,0,3,1,3,5,5,2,1,0,7,0,3,4,5,1,1,1,0,0,1,1
107174,2,0,4,0,0,1,0,5,0,4,2,0,4,0,4,3,0,1,3,2,2,10,0,1,15,1,9,0,1,0,0,0,0
107175,0,3,3,3,0,0,4,5,2,1,0,5,5,5,1,1,1,0,0,3,0,10,3,0,16,4,3,1,0,0,1,1,0
107176,2,5,1,1,1,3,2,1,4,3,5,0,5,2,3,5,3,5,4,2,0,5,2,0,27,5,10,0,0,1,1,0,1
107177,4,4,5,3,5,5,1,3,3,1,0,2,1,2,0,2,0,2,1,5,4,5,1,2,13,1,5,1,1,1,0,0,0
107178,4,3,0,0,1,1,3,2,5,3,3,3,0,5,4,4,1,5,5,1,5,9,0,0,20,2,7,0,0,0,0,0,1
107179,2,1,4,4,3,0,5,1,1,5,0,3,1,4,5,4,5,0,0,4,0,7,3,1,5,0,9,0,1,1,1,1,0
107180,1,2,1,4,2,2,1,1,4,3,5,3,1,2,5,2,5,0,5,2,5,0,1,4,24,3,3,0,1,0,0,1,1
107181,2,0,4,0,2,3,3,0,4,4,1,4,4,5,5,1,3,3,2,4,1,2,2,3,18,2,9,1,0,0,0,1,0
107182,4,2,2,3,0,3,4,5,4,4,3,5,2,5,5,2,1,5,5,5,1,0,0,1,20,6,9,1,0,0,1,1,1
107183,0,3,1,3,2,0,3,1,5,2,0,1,2,1,5,5,5,2,4,0,2,0,2,4,14,0,4,0,0,0,0,0,1
107184,1,5,1,0,5,3,3,1,1,0,4,4,3,3,4,4,2,4,4,3,3,1,0,2,27,1,3,0,1,1,0,0,0
107185,1,5,1,4,5,2,4,3,1,5,1,0,2,3,4,4,2,0,1,2,0,5,1,4,30,5,9,1,1,1,1,1,1
107186,4,4,5,3,1,0,1,0,2,2,0,5,1,2,1,1,4,1,3,4,1,2,3,1,27,4,5,1,0,0,0,0,0
107187,2,0,4,1,3,5,0,5,2,5,1,2,1,3,1,1,4,3,1,4,2,6,0,2,9,0,7,1,0,0,1,1,0
107188,0,4,4,2,1,3,5,5,0,5,3,4,1,5,4,3,0,1,4,5,3,9,0,2,6,5,0,1,0,0,1,1,1
107189,1,1,3,4,5,1,1,2,1,4,1,1,0,3,1,0,3,1,2,2,2,1,2,1,30,2,3,0,1,0,0,1,0
107190,0,3,2,3,3,4,5,1,2,3,2,5,3,0,5,0,5,3,4,5,1,1,0,3,17,1,5,0,1,0,0,1,0
107191,2,5,5,4,5,4,1,0,4,1,0,3,1,5,4,3,4,1,1,5,1,6,1,1,21,0,3,1,1,1,0,1,0
107192,5,5,1,0,5,1,1,5,0,0,4,4,4,2,2,4,4,0,4,5,2,9,0,0,15,2,3,1,0,0,0,0,0
107193,3,3,5,4,1,5,0,2,4,5,2,1,2,1,3,2,4,1,2,2,2,7,0,3,9,1,6,1,1,1,1,1,0
107194,5,1,2,0,2,3,2,3,4,5,5,3,2,1,2,1,2,4,1,5,1,7,3,4,8,2,8,1,1,1,1,0,0
107195,4,3,2,3,3,1,5,0,0,4,2,4,5,4,1,4,1,3,5,0,1,10,2,4,24,5,6,1,1,1,1,1,1
107196,5,4,2,2,1,2,5,4,5,5,4,3,4,5,2,1,2,4,4,3,2,5,3,1,8,5,6,1,1,1,1,0,1
107197,1,3,4,0,4,1,1,3,4,1,1,1,1,1,3,0,1,0,1,0,5,3,3,2,22,3,2,0,0,0,0,0,1
107198,5,2,4,4,3,5,2,0,4,3,0,5,0,0,4,4,0,3,1,5,0,5,2,0,30,4,5,1,1,1,0,1,0
107199,1,2,4,3,1,1,4,0,4,1,3,1,4,5,2,2,3,5,4,2,0,9,0,2,7,1,6,0,0,0,1,1,1
107200,2,3,0,3,2,2,5,5,4,3,3,0,1,0,1,0,2,4,0,4,3,6,2,3,25,3,7,1,1,1,1,0,1
107201,4,0,0,2,4,0,3,0,2,5,5,3,0,3,0,3,4,3,0,4,4,10,3,4,5,5,2,1,1,0,1,0,0
107202,1,5,5,1,2,5,1,1,3,1,4,3,3,1,0,5,1,4,4,5,1,3,3,4,13,5,3,1,1,0,1,1,1
107203,1,0,5,3,4,1,2,0,3,2,3,2,4,1,3,2,1,0,0,1,1,7,3,3,2,2,3,0,0,0,1,0,0
107204,0,5,0,1,5,3,4,0,1,3,0,2,3,3,1,4,1,3,3,5,1,8,1,1,7,2,1,0,0,0,0,0,0
107205,0,0,5,4,2,2,0,4,0,2,4,0,4,1,3,4,0,0,5,1,5,5,0,0,21,0,7,0,0,0,0,0,0
107206,3,3,1,4,5,3,3,4,4,5,1,3,1,1,3,4,4,2,2,3,2,1,2,2,11,1,4,1,1,1,1,1,1
107207,5,2,5,5,2,3,4,1,1,2,4,1,5,3,4,2,4,1,5,0,1,10,2,2,27,4,3,1,1,1,1,1,1
107208,1,3,5,0,3,1,2,1,1,1,4,3,1,1,0,0,4,3,2,0,4,1,0,0,11,5,6,0,0,0,0,0,0
107209,2,2,3,3,4,2,3,1,0,1,4,5,3,5,5,0,4,4,4,2,0,5,2,3,18,3,3,1,1,1,0,1,1
107210,5,5,1,3,0,3,4,2,2,1,1,2,1,3,5,3,2,5,1,5,2,6,0,0,26,2,1,1,1,1,0,1,1
107211,4,0,4,5,4,1,3,4,3,1,2,3,3,0,2,3,5,5,2,2,2,2,0,0,26,1,1,0,1,0,1,0,0
107212,0,5,0,2,3,0,0,3,5,5,0,4,5,3,3,0,0,0,3,3,4,3,2,0,11,2,5,0,0,0,1,0,0
107213,3,4,2,5,3,1,3,2,2,3,2,3,5,3,5,1,3,0,2,2,1,6,3,1,29,4,4,1,1,1,1,1,0
107214,0,4,3,1,5,2,1,0,2,2,5,3,1,3,0,1,0,1,0,5,5,0,1,4,19,3,8,0,0,0,0,0,0
107215,1,0,0,5,2,1,4,0,4,0,1,2,2,5,5,4,4,4,2,1,2,8,2,4,15,2,2,0,0,0,0,0,1
107216,1,0,2,3,5,1,1,1,1,5,5,1,5,3,4,4,5,3,4,2,5,7,0,4,27,6,10,1,1,1,1,1,1
107217,3,2,4,5,3,4,5,1,0,0,0,4,1,4,4,5,3,3,2,2,0,8,2,4,26,0,9,1,1,1,1,1,1
107218,1,1,0,1,1,4,0,2,0,2,2,3,5,4,1,1,0,5,2,3,1,8,0,3,20,2,3,0,0,0,0,0,0
107219,1,4,2,1,3,5,5,5,5,4,2,2,3,1,5,5,0,2,1,3,0,8,3,1,5,1,6,1,1,1,1,0,1
107220,1,5,0,3,1,4,0,2,4,0,5,0,3,5,4,4,3,2,3,5,5,7,3,4,29,4,5,1,1,1,1,1,1
107221,2,2,3,3,5,2,4,1,1,1,3,0,5,4,5,0,2,4,2,0,3,4,1,4,14,0,5,1,0,1,0,1,0
107222,3,4,0,0,0,5,2,3,1,5,5,4,5,4,5,3,0,2,0,0,5,5,3,3,2,6,3,0,0,1,0,0,1
107223,2,0,1,3,2,5,1,0,5,0,5,0,5,0,4,1,3,1,3,2,0,7,2,2,19,4,7,0,0,1,1,0,0
107224,1,4,3,2,4,1,1,4,3,1,3,5,0,4,3,5,4,5,2,2,0,7,3,1,29,1,6,1,1,1,0,1,1
107225,3,0,1,0,0,1,0,0,2,0,4,0,0,0,2,2,3,5,0,3,3,0,0,0,10,5,10,0,0,0,0,0,0
107226,3,4,1,3,2,5,0,2,2,4,4,0,0,2,1,2,2,1,2,5,5,4,2,1,29,5,0,1,0,1,0,1,0
107227,0,2,5,4,3,5,2,5,2,0,3,1,3,3,0,5,5,0,3,5,2,8,3,0,8,3,2,1,1,1,0,1,1
107228,5,2,4,0,2,5,0,2,4,0,5,1,2,5,2,1,1,1,3,2,5,7,0,3,16,5,0,1,0,0,1,1,0
107229,5,1,0,5,4,2,5,4,1,2,2,1,1,1,3,3,5,2,3,3,5,0,2,0,5,4,1,1,1,0,0,0,0
107230,3,2,5,3,1,5,4,1,5,4,4,0,4,4,3,5,0,2,5,3,4,4,2,3,27,5,6,1,1,1,1,1,1
107231,3,5,2,1,2,4,2,5,1,5,2,0,1,3,2,3,0,5,2,3,5,9,2,3,14,5,6,1,1,1,1,1,1
107232,4,4,0,4,1,4,0,2,1,1,2,4,5,3,2,2,5,3,4,3,3,8,2,2,28,5,3,0,0,0,1,1,1
107233,2,2,5,5,3,3,5,1,2,3,2,5,2,5,2,1,0,4,4,5,3,1,2,0,13,4,1,1,0,1,0,1,1
107234,2,1,2,5,5,1,4,0,4,4,1,0,2,2,4,1,2,0,4,2,5,10,0,3,28,3,4,0,1,0,1,1,0
107235,2,3,1,4,1,4,1,1,0,4,4,3,0,0,5,5,4,0,5,3,2,2,2,2,5,1,4,0,0,1,0,0,0
107236,0,4,0,1,2,5,0,3,0,5,2,3,0,0,1,2,0,2,4,2,1,8,0,3,21,0,5,0,0,0,0,0,0
107237,5,1,5,0,1,5,3,0,2,0,4,4,0,2,3,1,1,0,5,2,3,9,0,1,8,1,0,0,0,0,0,0,0
107238,1,4,1,1,1,3,0,1,0,0,1,2,1,5,5,2,0,3,1,5,4,6,0,2,28,3,4,0,0,0,0,0,1
107239,1,5,3,5,5,0,3,2,2,4,4,1,0,1,2,0,4,1,4,0,1,1,2,2,12,5,10,1,1,1,1,1,0
107240,5,5,1,1,4,4,2,4,2,2,0,4,2,0,2,1,4,0,3,4,5,1,3,1,7,1,1,1,0,1,0,1,0
107241,3,3,5,1,5,1,5,3,3,4,3,3,4,0,3,5,4,0,1,0,5,2,1,4,26,1,6,1,1,0,0,0,1
107242,3,1,4,5,3,1,2,0,1,4,2,3,4,3,3,4,1,2,4,5,2,0,2,1,17,1,10,0,1,0,1,1,0
107243,1,1,3,1,3,0,2,0,3,2,0,0,4,2,5,5,5,1,5,0,5,0,1,0,13,5,4,0,0,0,0,0,0
107244,1,4,2,2,4,0,3,0,5,5,1,3,3,2,0,4,2,1,3,5,1,0,2,0,28,3,1,0,0,1,1,1,0
107245,4,2,3,1,3,2,5,1,2,5,0,5,0,3,4,0,1,1,4,5,4,5,0,0,26,0,7,0,1,1,0,1,0
107246,2,0,2,1,4,1,4,1,4,2,0,3,5,1,1,2,1,0,5,0,2,5,3,0,30,1,3,0,0,0,0,0,0
107247,0,4,5,3,1,2,4,0,1,0,4,5,5,0,2,0,2,0,0,5,5,3,1,4,29,1,0,1,1,1,0,1,0
107248,5,0,4,4,0,3,1,2,5,5,5,4,1,2,2,0,2,5,3,5,5,2,1,1,27,2,4,0,0,1,0,1,0
107249,2,5,0,1,2,3,2,3,3,5,4,2,5,4,3,1,5,0,5,1,0,1,2,2,27,6,8,1,1,1,1,1,1
107250,4,2,4,0,0,2,1,4,0,5,0,2,3,3,4,0,4,2,3,0,4,1,1,1,3,1,7,0,1,0,1,0,1
107251,2,2,1,3,0,2,2,5,5,0,3,1,2,5,1,5,3,1,0,0,2,5,1,2,18,3,2,0,0,0,1,0,1
107252,3,0,1,3,0,5,4,4,4,4,3,2,0,0,5,3,0,2,0,5,3,2,1,0,30,5,1,0,0,0,0,0,0
107253,4,1,2,3,0,1,0,5,2,5,2,1,5,0,5,5,2,4,1,5,4,5,3,1,17,3,8,1,0,0,0,0,1
107254,5,5,1,2,4,0,0,5,3,2,3,0,3,0,0,1,1,3,0,3,0,10,1,1,24,5,2,0,1,1,1,0,0
107255,1,3,5,4,3,4,3,5,5,4,1,4,2,0,3,3,3,4,0,5,4,10,1,2,21,2,7,0,1,1,1,1,1
107256,4,5,5,3,5,0,4,2,0,3,5,1,4,3,5,1,5,0,0,1,4,2,0,0,29,4,9,1,1,1,0,1,1
107257,5,5,0,4,1,4,5,0,0,2,1,5,4,3,0,3,5,3,2,0,3,5,2,2,2,0,9,1,1,1,1,0,1
107258,3,0,1,4,1,1,3,0,4,4,1,2,3,4,1,3,3,3,0,3,1,5,0,3,22,0,7,1,0,1,1,0,0
107259,0,2,2,2,2,5,3,5,1,3,4,3,1,1,2,0,1,0,0,1,1,3,2,4,12,0,0,0,1,1,1,0,0
107260,1,5,4,1,4,1,1,5,5,4,1,3,2,4,5,3,5,1,4,5,5,10,1,2,5,2,0,1,1,1,1,1,1
107261,1,2,3,3,5,0,2,1,4,1,5,1,3,1,3,1,3,3,0,5,5,2,1,3,22,2,9,1,0,0,1,1,0
107262,0,3,4,3,4,2,1,4,5,1,3,4,1,5,0,1,0,3,1,5,3,1,0,0,25,4,8,0,1,0,1,0,1
107263,4,3,0,3,3,2,0,2,4,3,5,2,0,1,3,5,0,1,2,3,4,1,1,0,11,5,5,0,0,1,0,0,1
107264,5,4,3,3,5,4,2,0,5,3,3,5,5,0,3,4,5,0,0,1,3,2,0,0,16,1,3,0,1,1,1,1,0
107265,3,5,1,2,1,3,1,3,3,2,5,2,3,1,3,0,0,0,0,2,3,0,3,0,14,3,4,0,0,0,1,0,0
107266,3,5,1,0,2,5,3,0,0,5,4,1,3,3,4,0,4,4,3,4,5,6,2,0,11,5,8,1,1,1,1,1,1
107267,4,3,4,2,1,4,4,0,1,2,4,0,2,4,0,0,0,0,4,4,0,10,3,4,14,4,2,1,1,1,1,1,0
107268,2,3,0,5,0,1,5,2,5,2,1,3,4,2,2,3,0,5,5,1,4,7,0,1,3,6,1,0,0,0,0,0,0
107269,2,2,0,4,2,0,5,0,1,1,4,3,2,1,0,4,0,0,0,0,1,8,1,0,28,3,5,0,0,1,0,0,0
107270,3,0,2,4,4,1,1,2,5,3,1,4,0,1,5,4,2,5,0,0,2,9,0,0,7,3,4,0,0,0,0,0,0
107271,1,4,4,4,1,5,5,4,5,3,4,1,4,0,5,0,4,3,0,2,3,6,1,4,22,0,8,1,1,1,1,0,1
107272,0,0,3,5,4,4,5,3,4,1,0,1,1,5,5,1,2,5,3,0,3,7,2,0,7,0,5,1,1,1,0,1,1
107273,3,4,0,1,3,4,3,0,0,4,0,1,4,4,1,1,1,2,4,5,4,8,0,0,5,1,3,0,0,0,0,1,0
107274,4,2,4,4,4,1,1,1,1,0,4,3,2,0,1,5,5,3,1,4,5,0,0,1,2,1,9,1,0,0,0,1,0
107275,0,4,2,0,1,2,4,5,4,4,0,1,2,0,2,0,3,2,5,4,1,3,0,3,21,3,6,0,1,1,1,0,0
107276,1,5,4,1,5,4,0,5,2,0,1,2,3,3,0,4,3,0,5,0,5,2,2,3,16,0,10,1,0,1,1,0,1
107277,1,3,1,0,1,5,2,5,2,1,2,5,2,2,5,1,4,4,5,1,2,6,2,0,4,5,6,0,0,0,0,1,1
107278,4,3,5,2,2,3,3,3,0,2,1,2,2,1,1,5,4,0,2,4,2,6,1,0,7,1,4,0,0,1,0,1,0
107279,3,2,1,0,4,0,5,2,2,2,4,5,1,2,4,1,0,2,1,4,2,1,0,2,27,2,10,0,0,1,1,0,0
107280,3,2,5,2,4,5,5,4,0,3,3,0,2,2,0,2,5,0,3,5,2,1,1,0,12,5,5,1,0,1,0,1,1
107281,3,0,2,0,1,5,4,5,0,5,3,2,1,3,0,3,3,3,5,2,2,9,0,1,18,5,7,0,0,0,0,0,0
107282,1,0,4,0,1,0,2,0,5,4,1,0,2,4,4,5,1,5,2,4,4,1,0,2,23,2,4,0,0,0,0,0,1
107283,4,4,3,2,2,2,0,5,4,3,0,3,5,1,0,2,3,1,2,1,0,8,0,4,20,0,3,1,0,0,1,0,0
107284,0,5,0,2,2,5,4,3,5,0,0,1,2,4,0,2,0,4,4,1,0,8,0,1,7,5,2,0,0,0,1,1,0
107285,0,0,0,2,0,5,5,0,5,5,1,1,3,4,1,2,5,1,5,4,3,9,0,0,27,5,4,0,0,0,1,0,0
107286,4,1,2,2,1,5,2,5,5,1,1,5,0,4,2,1,2,1,2,5,2,8,3,2,10,6,3,0,1,1,1,1,1
107287,3,3,1,2,0,5,3,0,2,3,3,3,0,5,1,5,0,5,5,0,4,8,3,1,30,1,7,0,0,1,1,1,0
107288,1,4,3,0,0,0,5,0,1,4,5,1,4,1,1,3,5,1,5,4,0,2,1,4,11,5,9,1,0,0,1,0,1
107289,2,4,0,2,2,0,0,2,4,4,1,4,4,4,1,5,2,3,3,4,1,3,1,1,23,5,7,0,0,0,0,0,0
107290,0,4,3,5,0,2,4,3,3,0,3,0,4,0,5,5,4,0,2,3,5,5,2,1,19,5,9,0,1,1,0,0,1
107291,4,0,1,0,4,3,3,2,2,1,5,3,3,2,4,2,4,0,5,4,1,9,1,1,17,0,9,1,0,1,1,1,1
107292,4,1,1,0,4,2,4,1,2,5,2,3,1,4,1,5,0,5,4,5,0,10,3,4,29,1,9,1,1,1,1,1,1
107293,1,2,2,4,1,1,1,3,1,4,1,0,0,5,3,0,2,2,2,1,1,4,3,0,4,1,8,0,0,0,0,0,0
107294,2,0,3,3,5,1,3,2,2,3,2,5,5,0,4,1,5,1,0,1,3,6,3,0,26,4,0,1,1,0,0,0,1
107295,1,2,2,1,3,3,1,0,5,2,0,0,1,4,1,2,3,5,3,5,3,10,0,0,30,0,4,0,0,1,1,0,1
107296,2,2,2,4,1,5,3,4,2,5,5,0,5,2,3,0,3,5,0,0,5,7,3,1,6,2,3,0,0,1,1,0,1
107297,1,5,2,1,1,4,3,1,3,4,5,2,1,3,0,0,5,1,1,4,5,5,1,2,18,0,2,0,0,0,1,1,0
107298,1,1,2,3,2,1,5,4,5,4,0,4,3,5,2,2,2,4,3,1,1,7,0,1,19,1,7,0,1,1,1,0,0
107299,2,5,2,3,5,0,4,2,5,5,1,3,0,5,3,0,2,1,5,2,0,10,2,3,18,6,8,1,1,1,1,1,1
107300,5,4,5,1,0,1,3,4,4,5,0,0,4,2,4,5,2,4,1,1,4,4,2,3,21,6,10,1,1,1,1,1,1
107301,4,4,3,4,0,4,2,1,0,5,5,0,2,5,2,3,5,1,4,2,5,7,3,0,24,4,7,1,0,1,1,1,1
107302,1,4,2,3,2,0,2,1,5,3,5,0,3,2,0,5,3,3,0,1,0,8,0,4,9,6,0,0,0,0,0,0,0
107303,5,5,4,1,5,4,3,0,0,1,2,5,0,1,4,3,3,5,4,3,5,5,2,0,24,4,2,1,1,1,0,1,0
107304,1,1,3,4,1,3,5,4,0,1,3,5,1,5,4,1,5,1,1,3,0,0,2,2,2,2,0,0,0,0,0,0,0
107305,5,2,5,3,4,3,3,4,2,0,3,0,2,2,0,3,1,1,3,1,3,0,3,1,16,3,2,1,0,1,0,1,0
107306,1,3,3,5,3,5,3,3,2,4,5,4,0,5,1,0,2,1,1,0,1,6,1,2,17,5,1,0,1,1,1,0,0
107307,3,5,1,4,1,3,1,3,0,2,4,4,4,5,1,3,3,2,2,1,4,0,2,1,22,5,10,1,0,1,0,1,1
107308,1,0,3,1,5,3,3,0,3,1,4,3,2,0,0,4,3,5,3,3,4,4,3,3,27,6,10,1,0,0,1,1,0
107309,4,2,4,5,0,2,3,2,5,4,2,0,4,4,4,2,1,5,0,0,4,0,2,4,4,3,3,1,0,0,1,1,1
107310,1,1,1,0,3,3,4,5,3,3,4,0,1,5,5,1,0,3,0,0,3,9,1,0,4,6,4,1,0,0,0,0,0
107311,5,1,1,2,3,2,1,1,5,1,3,4,0,1,5,5,2,2,5,3,3,8,3,4,6,5,9,0,1,0,1,0,1
107312,0,4,3,3,4,0,2,0,5,2,3,3,5,2,1,1,2,4,5,2,4,6,3,3,12,1,3,1,1,1,1,1,0
107313,3,1,5,3,5,0,2,5,4,2,1,1,1,5,1,1,1,5,3,0,5,9,0,2,17,6,3,1,1,0,1,0,0
107314,0,4,2,1,4,4,2,0,1,4,0,0,5,4,1,4,5,3,1,2,1,2,0,0,11,0,4,0,0,0,0,0,0
107315,5,5,3,1,3,3,1,4,3,0,3,2,4,2,2,1,1,3,1,5,1,10,2,3,9,5,1,1,1,1,1,0,1
107316,2,4,3,4,0,2,1,5,0,4,5,2,3,2,0,1,4,2,5,0,1,8,0,4,18,1,1,1,1,0,1,1,0
107317,4,1,3,5,1,4,3,4,4,0,5,5,3,0,1,0,5,5,4,4,3,9,0,3,16,2,8,1,1,1,1,1,0
107318,5,0,0,4,2,2,5,0,5,5,3,4,3,5,4,4,5,4,2,5,3,4,3,4,9,1,9,1,1,0,1,1,1
107319,3,2,2,3,2,1,0,5,0,0,5,2,2,5,3,0,5,3,2,3,2,2,1,4,15,0,1,0,0,0,1,0,1
107320,0,3,5,4,0,3,3,0,3,1,0,3,5,4,4,5,0,5,4,0,0,8,2,1,24,1,5,0,1,0,0,0,1
107321,1,4,5,1,0,2,4,5,0,2,4,3,0,2,2,0,4,3,2,5,1,5,1,4,9,3,4,1,1,1,0,1,1
107322,1,2,4,5,2,5,4,0,3,5,1,4,4,2,0,0,2,1,4,1,2,1,0,0,14,2,5,0,0,0,0,1,0
107323,5,1,0,0,4,4,5,2,2,2,2,3,3,2,5,5,5,4,4,4,1,10,3,3,7,1,7,1,1,1,1,1,1
107324,5,5,2,3,5,4,1,5,5,4,2,0,0,2,3,3,3,0,1,2,5,4,0,1,25,5,8,1,1,1,1,1,0
107325,2,5,0,2,5,4,0,1,1,1,1,3,3,0,5,4,1,1,4,5,2,2,1,1,27,5,5,0,0,1,0,0,0
107326,5,3,1,5,2,4,5,0,4,2,1,4,5,1,5,4,0,0,2,4,3,6,3,4,22,2,1,1,1,1,0,1,1
107327,1,4,5,1,5,4,4,0,3,3,3,5,1,3,0,1,4,0,5,2,5,5,1,4,6,3,10,1,1,1,0,1,0
107328,4,5,2,3,2,2,2,2,4,0,0,5,3,1,4,3,3,5,1,3,3,1,1,1,16,6,2,0,0,1,0,0,1
107329,2,2,1,0,2,4,5,2,5,0,1,4,2,0,3,2,1,0,2,0,0,4,1,1,7,3,3,0,0,0,0,0,0
107330,1,0,4,1,1,0,2,1,1,2,1,5,0,2,4,5,2,4,5,2,1,5,2,2,18,4,3,0,0,0,0,0,1
107331,1,3,4,2,3,3,4,2,0,4,0,0,0,4,4,5,4,5,3,5,1,3,3,2,24,0,10,1,0,1,1,1,1
107332,2,2,3,4,1,3,5,2,3,0,5,0,1,2,0,0,0,4,5,2,2,9,0,3,18,0,2,0,1,1,1,0,0
107333,2,4,4,1,2,0,4,3,0,4,2,1,3,4,0,3,1,1,0,1,0,6,1,2,8,3,3,0,1,0,0,0,0
107334,1,4,4,4,5,3,3,1,2,3,3,0,4,3,1,5,0,0,2,5,3,0,0,1,22,6,3,1,1,0,0,0,0
107335,2,2,3,3,3,0,1,1,3,1,3,3,0,1,1,2,3,2,5,4,4,5,2,3,18,1,4,0,0,0,0,1,0
107336,0,2,5,5,1,4,5,5,3,0,1,3,0,3,3,3,2,2,2,2,3,4,3,3,27,1,8,1,1,0,1,1,1
107337,5,2,1,1,4,3,2,4,0,3,1,3,5,3,5,4,4,4,1,0,4,10,1,3,2,5,8,1,0,0,1,1,1
107338,2,3,2,1,4,3,3,4,3,2,0,3,5,1,3,1,0,0,1,1,3,8,1,2,26,4,9,1,0,0,0,1,0
107339,0,3,3,5,3,3,3,2,4,0,4,2,3,2,2,1,2,4,5,2,5,3,1,2,2,1,2,0,1,0,1,1,0
107340,3,3,4,1,0,1,1,5,0,4,4,5,4,1,4,3,2,4,1,1,5,1,2,4,23,5,1,0,1,0,1,0,1
107341,5,3,2,1,1,3,3,2,2,5,3,1,1,3,2,5,4,1,0,1,4,7,3,2,18,3,9,1,1,0,1,0,1
107342,2,5,2,4,0,1,2,4,2,2,4,2,0,0,5,3,5,2,0,5,1,0,0,4,13,2,0,0,1,0,1,0,1
107343,5,1,0,4,5,4,2,4,2,2,4,0,5,0,2,4,1,4,5,4,4,2,1,2,19,2,3,1,1,0,0,1,0
107344,3,1,3,0,1,0,5,1,2,5,0,3,1,2,4,0,2,5,3,1,2,5,0,2,25,6,2,0,0,1,0,0,0
107345,4,4,0,5,2,0,4,3,0,2,4,2,2,3,0,0,3,2,5,3,5,10,3,0,10,4,10,1,0,0,0,1,0
107346,1,5,2,3,5,4,2,1,3,1,5,1,3,2,2,5,3,4,4,3,0,10,1,2,30,5,9,1,1,1,1,1,1
107347,0,3,2,1,5,0,0,2,0,5,4,3,3,0,2,4,1,3,2,5,3,0,3,0,22,6,1,0,0,0,0,0,0
107348,2,2,4,3,1,5,4,3,0,3,1,5,0,0,3,0,2,0,2,4,2,7,1,0,11,5,2,0,0,0,0,0,0
107349,5,2,2,1,5,0,4,3,3,5,3,4,3,0,4,2,4,4,1,4,3,4,1,1,26,1,7,1,0,0,1,0,1
107350,4,2,0,1,4,3,0,2,5,5,1,0,3,0,0,1,0,1,3,0,0,9,3,1,21,6,8,1,0,0,1,0,0
107351,4,0,3,0,3,5,4,4,4,4,0,2,4,4,1,3,4,0,0,2,5,9,0,1,28,2,8,1,1,1,1,0,1
107352,5,3,1,0,1,4,2,3,2,2,1,5,5,1,2,3,4,0,0,0,2,10,0,3,23,2,1,1,0,1,1,0,0
107353,2,1,2,3,4,3,4,5,2,4,2,1,4,4,3,0,5,2,5,4,1,7,3,0,23,5,9,1,1,1,1,1,1
107354,1,1,1,4,3,4,5,0,2,2,5,5,3,2,0,4,4,1,3,5,2,5,2,3,24,5,2,0,1,1,0,1,0
107355,5,3,0,2,2,4,4,3,0,4,2,5,5,5,4,1,1,2,4,4,1,1,3,2,29,4,3,0,1,1,1,0,1
107356,3,5,5,0,3,0,5,4,3,5,5,0,2,5,4,3,2,5,1,4,4,0,3,0,20,3,4,1,0,1,1,1,1
107357,1,1,1,2,1,1,0,2,0,4,5,5,0,3,3,4,4,0,3,0,2,5,2,0,30,2,1,0,0,0,1,1,0
107358,1,5,3,4,3,1,1,1,4,2,3,4,5,5,4,3,1,5,0,5,5,1,1,4,13,4,6,1,0,0,0,0,1
107359,5,3,4,5,0,1,0,3,2,5,2,2,5,2,3,5,4,1,3,4,1,5,1,1,13,5,1,1,1,0,1,1,1
107360,0,5,2,4,1,1,1,2,2,5,2,2,5,2,5,2,4,1,0,3,3,7,2,0,20,5,5,0,0,0,1,0,1
107361,0,2,5,2,2,3,2,2,2,1,4,2,5,0,0,1,0,0,3,2,4,6,0,1,4,6,3,0,0,0,0,0,0
107362,4,5,2,3,0,5,0,5,0,5,1,1,5,3,2,3,1,1,2,1,4,7,3,4,12,4,2,1,0,1,1,1,1
107363,0,3,5,0,5,3,2,2,1,2,2,4,4,3,4,4,1,5,2,5,4,7,2,1,30,4,4,1,1,0,0,0,1
107364,1,4,2,2,5,0,0,1,1,1,2,2,0,3,0,2,2,1,4,3,2,2,1,2,29,5,1,1,0,1,0,0,0
107365,5,3,0,3,2,4,0,0,5,1,1,2,4,1,4,0,4,4,3,5,5,5,1,4,16,0,10,1,1,1,1,1,1
107366,2,2,5,0,3,3,5,0,0,4,1,5,0,2,0,1,1,3,1,4,1,8,3,1,26,1,3,0,1,1,1,1,0
107367,4,3,5,0,1,4,4,3,0,2,0,0,0,1,3,3,0,0,0,5,5,6,0,4,28,6,9,1,1,1,1,0,0
107368,2,5,5,4,1,2,2,1,1,3,5,2,3,5,5,2,2,2,1,3,0,2,3,3,2,0,7,1,1,0,1,0,1
107369,0,4,0,1,5,2,3,0,2,2,5,3,5,0,1,5,5,0,5,2,3,4,1,0,3,4,1,0,0,0,0,0,0
107370,1,0,5,0,2,3,1,2,3,5,4,1,1,1,1,5,5,2,3,2,2,6,1,4,12,4,0,0,1,1,0,0,0
107371,4,4,2,3,5,4,2,1,2,0,4,1,0,1,3,3,2,2,4,0,4,1,0,3,13,4,4,0,1,1,0,1,0
107372,0,5,5,1,0,1,4,3,3,3,2,3,3,2,2,2,1,0,3,3,4,4,0,4,16,0,10,1,1,1,1,1,0
107373,3,4,5,5,0,3,3,0,3,2,3,1,2,1,4,1,2,3,4,2,0,5,1,2,11,5,6,0,0,1,1,0,0
107374,2,2,1,5,2,5,4,5,1,4,5,2,5,5,0,4,2,1,1,1,3,7,3,3,23,1,2,1,1,1,1,1,1
107375,2,2,2,4,4,0,2,5,0,5,0,0,1,3,4,5,1,4,2,4,5,5,3,2,14,4,0,1,0,1,1,0,1
107376,5,4,1,1,2,1,2,5,4,2,1,0,5,2,4,3,3,2,5,2,1,7,0,4,19,1,7,1,0,1,1,1,1
107377,3,3,1,5,5,3,5,1,5,5,4,4,1,2,4,0,3,5,0,0,4,9,0,0,26,0,4,1,0,1,1,1,0
107378,3,2,3,1,0,5,5,4,0,3,0,1,2,3,1,1,1,1,3,2,4,9,0,1,28,2,7,1,1,1,0,0,0
107379,2,2,2,1,5,5,1,0,5,0,4,0,4,2,4,3,4,3,4,1,0,2,2,0,19,0,1,0,0,1,0,0,1
107380,2,2,3,5,2,3,2,4,5,4,2,0,5,5,2,0,5,3,4,4,0,3,1,4,23,6,6,1,1,0,1,1,1
107381,4,0,4,4,1,3,4,4,4,3,4,3,2,0,2,3,4,0,2,1,2,10,2,4,24,6,9,1,1,1,1,1,1
107382,0,0,1,0,3,2,1,1,3,5,5,3,3,1,4,0,0,0,5,3,0,4,2,2,20,4,4,0,0,0,0,0,0
107383,1,0,0,5,4,2,4,2,2,2,3,3,3,2,5,2,2,1,1,5,1,1,3,3,24,2,5,0,1,0,0,1,1
107384,3,2,4,0,5,4,5,5,3,1,0,3,3,5,3,2,0,2,4,2,1,2,3,0,21,0,3,1,1,0,0,1,1
107385,3,3,1,4,0,3,1,1,0,1,3,3,4,1,5,3,2,5,1,4,4,2,3,2,20,3,10,0,0,0,0,0,1
107386,0,2,1,2,4,3,0,3,1,0,0,4,0,1,3,1,3,4,1,5,4,5,2,4,28,6,0,0,1,1,0,0,1
107387,4,5,3,0,1,5,5,1,2,4,5,5,5,2,5,3,5,1,3,0,1,7,1,0,4,4,4,1,0,1,1,0,0
107388,3,1,1,4,3,0,5,0,3,5,2,1,0,4,0,1,3,3,4,1,1,0,3,0,16,6,4,0,0,0,0,1,0
107389,1,2,1,4,2,5,5,4,1,3,5,0,1,5,1,2,1,0,1,3,4,7,3,4,18,4,9,1,1,1,1,1,0
107390,4,1,1,5,4,4,3,5,2,3,5,4,4,0,1,5,1,5,2,4,5,9,1,0,17,4,3,1,0,0,1,1,1
107391,5,1,3,3,2,3,0,3,4,0,1,0,1,3,1,0,3,4,2,0,5,3,1,2,8,0,10,0,1,0,0,0,0
107392,2,3,5,4,1,3,5,3,5,0,2,2,3,3,1,2,0,1,1,0,0,3,2,1,25,5,4,0,1,0,1,0,1
107393,1,1,5,5,2,3,1,3,4,2,5,3,0,2,4,5,1,4,3,3,3,9,2,4,2,2,0,1,0,1,1,1,1
107394,1,1,4,5,4,3,1,0,0,3,4,0,4,0,5,1,0,0,1,2,5,3,1,2,8,1,7,0,1,1,0,0,0
107395,3,4,5,3,5,2,4,1,3,2,3,5,1,3,1,2,5,1,3,0,5,8,0,4,10,3,0,1,1,1,0,1,0
107396,0,4,3,0,0,4,2,4,2,5,5,5,0,3,1,1,1,3,0,1,0,4,3,1,16,3,3,1,0,0,0,0,0
107397,2,1,2,2,3,1,5,3,3,1,1,5,0,0,5,0,2,3,3,5,0,1,2,2,19,2,4,0,0,0,0,0,0
107398,0,0,4,3,0,3,5,1,4,5,4,4,1,3,2,2,2,1,2,2,5,3,1,2,24,3,5,0,0,0,0,1,1
107399,0,1,1,0,3,3,4,0,1,1,2,4,4,3,4,3,4,3,5,2,1,10,0,2,22,2,0,1,0,1,0,0,1
107400,2,3,4,0,3,2,5,1,3,1,0,3,0,2,1,1,3,0,3,2,0,7,2,2,23,4,10,1,0,1,0,1,0
107401,4,5,5,2,5,4,3,3,5,1,2,4,3,3,5,3,1,0,3,3,0,7,0,0,26,0,7,1,1,1,1,1,1
107402,5,0,2,5,1,1,5,1,3,4,0,0,3,5,2,0,3,0,5,2,0,10,1,3,28,5,1,1,0,0,1,1,0
107403,0,0,3,1,4,3,5,4,3,1,5,1,1,2,5,3,4,4,1,1,2,4,1,2,21,3,1,1,0,1,0,0,1
107404,1,3,4,5,4,1,1,3,5,2,1,0,3,5,0,5,4,3,4,0,1,5,2,4,25,1,9,1,1,1,1,1,1
107405,2,5,4,4,3,1,2,0,0,0,5,0,1,0,3,4,1,1,1,5,0,8,2,2,30,2,9,0,1,0,0,1,0
107406,3,3,1,1,3,3,3,1,2,2,4,3,2,4,4,3,0,2,1,1,2,8,2,3,6,1,2,0,0,0,1,0,0
107407,5,5,5,1,3,5,5,0,2,1,2,4,0,4,0,5,4,4,0,5,1,4,3,0,27,5,3,1,1,1,1,1,1
107408,4,3,3,4,0,1,2,0,0,4,4,5,0,4,5,4,3,1,5,1,4,3,0,1,27,6,5,1,0,0,0,0,0
107409,3,0,0,4,4,0,1,4,2,4,0,0,0,2,4,0,0,1,3,4,1,3,1,4,19,4,4,1,0,0,0,0,0
107410,0,2,0,3,2,0,1,2,5,1,1,3,0,0,2,4,0,2,5,2,5,4,1,0,21,1,2,0,0,0,0,0,0
107411,0,4,4,5,0,2,4,5,4,5,4,4,2,0,5,4,0,1,0,1,0,0,2,3,25,6,9,0,0,0,1,0,0
107412,0,3,2,0,3,4,3,1,0,2,2,0,1,1,5,0,3,4,2,2,2,9,1,3,6,2,2,0,0,1,0,0,0
107413,3,1,0,2,5,4,1,1,5,5,0,1,1,0,1,2,1,5,5,4,5,4,2,0,9,2,6,0,0,0,0,0,0
107414,1,1,3,3,4,1,4,3,4,1,0,3,0,1,0,3,1,1,5,1,1,0,1,1,11,4,1,0,0,0,0,0,0
107415,1,3,3,0,1,5,3,1,5,5,4,0,4,0,1,3,5,5,4,5,4,10,2,0,23,4,9,1,0,0,1,1,1
107416,4,2,0,5,4,0,3,2,0,0,2,2,5,2,2,0,3,3,4,3,1,5,0,1,5,5,3,1,1,0,0,0,0
107417,4,3,2,3,5,3,3,0,5,2,2,2,4,5,4,1,0,3,1,1,0,10,2,0,16,0,8,1,0,1,1,0,1
107418,2,2,2,1,1,5,1,0,0,2,2,0,1,0,1,0,2,5,1,2,5,9,3,1,29,2,1,0,1,0,0,0,0
107419,5,2,4,1,3,4,1,5,0,1,0,0,4,2,1,3,2,5,4,4,4,9,3,4,16,1,5,1,1,1,1,1,1
107420,4,3,3,0,5,4,4,1,2,5,5,4,1,1,2,0,4,0,0,1,0,6,1,2,16,6,5,0,1,1,1,0,0
107421,4,0,0,3,0,1,4,0,4,1,1,0,1,2,3,3,3,0,5,4,3,7,1,1,23,0,6,0,1,0,0,1,0
107422,5,2,3,5,2,4,5,1,5,2,2,3,4,3,2,5,0,3,4,0,2,1,1,2,17,2,9,1,1,1,0,1,0
107423,1,2,5,0,2,2,5,2,3,0,4,2,1,5,2,4,1,3,5,4,4,0,0,4,12,6,4,1,0,0,0,1,1
107424,4,4,0,2,0,2,2,2,0,4,0,4,5,0,4,3,3,4,5,0,1,0,1,3,5,1,9,0,0,1,1,0,1
107425,5,4,5,3,1,3,2,4,5,1,3,5,5,1,4,4,1,1,3,4,1,6,0,0,8,5,7,1,1,1,0,1,1
107426,5,2,0,2,3,3,5,4,1,1,3,0,3,0,4,4,1,2,0,0,2,9,1,3,15,0,10,0,1,1,1,0,0
107427,3,1,3,3,1,1,0,1,4,5,4,5,3,0,5,4,5,2,0,4,4,4,2,0,27,5,1,0,0,0,0,0,0
107428,4,1,2,4,1,5,5,1,1,5,5,0,1,4,5,3,0,4,5,0,1,4,3,2,27,2,5,1,1,1,0,0,1
107429,5,1,4,5,1,5,1,0,3,0,0,5,3,1,5,5,1,3,2,3,1,7,2,4,3,4,2,1,0,0,0,1,1
107430,5,1,5,3,0,1,1,0,0,3,2,3,2,1,1,0,3,4,1,0,4,5,2,0,25,4,0,0,0,0,0,0,0
107431,5,4,5,4,3,1,2,0,5,4,2,0,3,2,4,2,4,2,0,0,1,8,3,4,3,4,2,1,1,1,0,1,1
107432,4,0,5,1,1,0,4,0,0,5,4,3,0,2,4,3,4,4,3,2,1,1,1,2,24,0,5,1,0,0,0,0,0
107433,2,0,4,0,3,2,2,2,5,1,2,5,2,2,4,5,1,0,3,5,2,8,2,4,3,2,6,1,0,0,1,1,0
107434,4,3,1,0,4,1,5,3,5,1,2,3,0,5,5,0,3,0,3,3,5,5,2,4,22,0,4,1,1,0,1,1,1
107435,2,1,2,0,2,5,4,4,0,1,1,0,2,4,4,1,4,2,2,1,2,1,0,3,7,6,8,0,0,0,1,0,1
107436,4,4,4,4,5,5,4,1,4,3,3,4,4,2,2,0,0,3,1,2,4,4,1,4,24,2,10,1,1,1,1,1,0
107437,4,4,1,0,1,4,4,1,2,3,3,5,0,1,1,1,3,1,0,0,1,8,2,3,2,6,1,0,0,1,1,0,0
107438,5,4,3,2,5,1,0,4,1,1,3,3,4,0,3,2,3,1,0,5,1,8,0,4,26,3,5,1,0,1,1,1,0
107439,3,2,3,3,1,4,4,3,1,0,3,2,4,4,3,1,1,3,1,4,5,8,1,1,18,5,9,1,1,1,1,1,0
107440,2,2,5,4,1,2,3,4,1,0,5,4,1,4,4,0,4,0,1,5,0,1,1,3,21,1,7,1,0,0,1,1,0
107441,0,2,0,0,5,1,1,1,5,1,5,2,1,4,0,3,2,1,0,1,0,2,2,3,19,2,4,0,0,0,0,0,0
107442,3,1,0,5,2,3,4,0,0,3,3,1,4,4,0,4,0,2,2,1,1,7,1,3,6,0,10,0,0,0,0,0,0
107443,3,3,0,2,4,0,0,3,2,1,5,5,4,3,4,1,2,3,3,0,0,9,1,0,28,6,10,0,1,1,0,0,1
107444,3,5,3,0,4,5,3,2,2,4,2,2,3,3,3,3,2,0,1,5,3,10,2,2,17,5,7,1,1,1,1,1,1
107445,4,1,3,0,2,0,3,1,2,3,0,4,0,5,4,2,4,4,3,3,0,1,3,2,21,2,1,0,0,0,0,1,1
107446,5,0,3,5,1,1,0,5,1,1,4,3,3,3,3,4,1,0,4,3,4,3,0,1,3,2,9,0,0,0,1,0,0
107447,0,3,1,5,2,1,2,0,3,5,4,5,1,5,4,2,4,2,2,3,3,9,2,2,14,4,8,0,1,0,1,1,1
107448,2,2,1,4,2,3,0,1,5,4,0,3,1,4,1,5,4,5,2,4,2,7,1,4,21,1,10,1,0,1,0,0,1
107449,4,4,2,2,2,4,5,4,4,5,1,1,3,2,3,4,3,5,3,5,2,3,0,1,18,4,2,1,1,0,0,1,1
107450,4,5,0,5,1,5,4,3,1,4,1,1,5,2,5,2,2,5,2,4,2,1,0,0,28,2,9,1,0,1,0,0,1
107451,4,5,4,1,5,2,5,1,5,3,3,3,1,0,5,2,0,4,2,1,2,0,0,1,2,3,4,0,1,1,1,0,0
107452,4,2,0,1,3,1,2,3,2,2,1,5,1,1,0,3,1,1,1,2,5,5,2,3,16,2,8,1,0,0,0,0,0
107453,5,5,4,4,4,0,1,2,1,3,4,1,1,3,0,0,1,3,3,5,1,1,1,4,24,2,1,1,1,1,0,1,1
107454,5,0,2,1,3,3,5,1,4,4,3,0,1,3,5,2,3,0,3,2,2,3,0,2,11,2,4,0,1,1,0,0,0
107455,3,2,5,3,2,5,1,4,5,5,5,1,5,5,3,1,5,5,3,4,2,2,3,3,20,2,7,1,1,1,1,1,1
107456,1,1,4,3,1,0,2,4,1,3,5,5,0,0,3,0,4,2,5,4,1,7,1,2,14,5,7,0,0,0,0,0,0
107457,3,5,2,0,5,5,0,0,1,4,1,3,1,0,0,1,5,0,1,5,3,7,3,1,24,1,3,1,1,1,0,0,0
107458,4,3,4,5,0,1,4,0,4,5,3,4,3,3,0,5,2,0,3,4,1,10,1,1,25,4,10,1,1,0,0,1,0
107459,0,2,0,0,1,5,0,5,2,3,3,3,2,0,4,4,0,0,1,3,4,3,2,3,2,5,0,0,0,0,0,0,0
107460,4,0,1,5,4,0,0,1,4,4,2,3,5,5,1,3,5,2,2,2,5,8,1,2,17,0,3,1,1,0,1,1,1
107461,3,4,2,1,3,5,4,0,2,1,5,3,3,1,4,3,5,1,1,0,3,0,1,4,16,4,9,1,1,1,0,1,1
107462,5,3,5,2,3,1,5,3,0,5,0,0,0,3,4,3,3,4,0,1,2,2,2,3,27,2,2,1,1,1,1,1,1
107463,1,5,4,1,0,1,5,1,2,5,5,3,2,0,5,4,2,4,3,2,4,8,2,2,16,4,1,0,0,0,0,0,0
107464,5,2,2,3,1,1,5,5,5,2,5,3,0,0,1,1,0,1,4,4,4,8,0,2,23,3,8,1,1,1,0,0,0
107465,2,0,1,0,3,0,0,5,5,5,2,4,2,5,2,3,4,0,5,5,2,7,3,2,18,1,10,1,0,0,1,0,1
107466,3,2,5,1,1,4,2,0,2,4,1,0,5,3,0,4,5,4,3,4,3,0,3,4,12,5,0,0,0,1,0,0,1
107467,3,3,3,3,2,0,4,1,4,1,0,3,2,5,3,0,2,0,4,1,1,0,1,0,2,6,0,0,0,0,0,0,0
107468,3,1,0,4,5,2,1,3,0,5,0,5,3,5,3,3,4,5,0,4,1,7,2,0,21,2,7,1,1,0,0,0,1
107469,5,0,1,5,3,5,4,2,1,3,1,4,2,5,0,0,0,1,0,5,0,0,2,4,12,2,7,1,1,1,0,1,0
107470,1,4,5,5,3,2,5,0,4,0,4,1,5,1,5,0,1,0,4,2,1,0,2,4,9,0,6,1,1,1,1,1,0
107471,4,3,5,5,1,4,5,2,0,0,4,4,3,4,3,3,3,4,2,1,2,8,1,4,22,0,10,1,1,1,1,1,1
107472,5,2,5,4,3,4,4,3,4,3,5,2,4,3,2,1,1,3,1,1,0,9,1,4,7,5,6,1,1,1,1,1,1
107473,1,3,0,4,5,4,4,5,5,3,1,4,4,1,4,3,0,5,2,0,5,4,0,1,26,6,0,1,0,1,1,1,0
107474,1,4,4,2,3,5,3,2,0,5,1,3,4,1,2,2,2,0,1,3,0,9,0,4,4,5,4,0,1,1,0,1,0
107475,2,0,0,5,4,0,0,4,3,3,4,2,5,2,4,3,4,2,1,5,1,2,0,1,29,5,5,0,1,0,1,0,0
107476,4,2,4,5,5,1,2,2,2,2,3,0,2,4,4,2,0,3,3,1,3,7,2,2,9,3,0,1,0,0,0,1,0
107477,5,1,5,3,5,1,5,4,3,1,0,4,0,2,4,3,2,1,3,0,0,6,1,0,23,2,8,1,1,1,1,1,1
107478,4,0,2,0,2,0,5,5,5,3,4,3,1,1,3,0,5,0,1,1,4,2,1,2,25,4,6,1,1,1,1,0,1
107479,4,0,1,0,1,0,1,4,0,1,0,3,1,3,1,1,0,0,5,0,4,8,3,2,29,2,7,0,1,0,0,0,0
107480,2,2,4,2,1,0,4,4,4,4,0,4,3,3,1,1,0,2,1,4,4,2,1,1,4,5,3,0,0,0,0,0,0
107481,3,3,0,3,4,5,1,4,1,0,5,5,0,3,5,3,5,3,3,0,4,7,1,4,22,1,5,1,1,1,0,1,1
107482,1,3,3,3,2,5,2,1,3,4,5,1,2,3,3,0,1,2,4,1,5,2,2,0,21,3,5,0,1,1,0,1,0
107483,2,4,1,5,4,3,3,4,2,1,4,5,4,2,3,5,3,3,3,4,3,2,2,0,22,6,3,1,1,1,1,1,1
107484,1,2,2,3,4,5,2,5,3,1,1,0,2,2,2,1,3,5,1,4,5,3,2,4,12,4,7,1,0,1,1,1,0
107485,0,3,4,3,3,2,3,5,4,5,0,3,2,2,3,5,3,0,5,0,5,4,3,2,30,0,5,1,1,0,1,1,1
107486,5,4,5,4,0,2,0,1,3,2,2,2,3,5,0,3,4,1,0,2,5,5,2,1,30,6,2,1,1,1,1,1,1
107487,4,3,2,5,4,5,1,2,2,4,3,4,0,2,3,1,3,3,2,1,5,2,0,3,10,3,9,1,1,0,0,0,0
107488,3,5,1,3,1,0,4,4,3,2,0,3,0,5,0,3,5,0,0,1,4,0,1,0,19,1,1,1,0,0,0,0,0
107489,0,1,5,3,3,0,3,0,3,5,3,3,4,1,3,1,3,2,3,1,5,2,0,4,13,5,2,0,0,0,0,0,0
107490,0,4,2,0,1,3,5,4,0,0,0,2,3,2,3,2,0,0,3,2,2,8,3,3,24,4,3,0,1,1,0,1,1
107491,0,4,1,3,0,1,5,1,3,2,2,3,4,2,5,4,3,0,2,4,1,2,1,1,23,0,2,0,0,0,0,1,0
107492,4,3,5,1,3,4,2,5,2,0,0,1,2,2,0,5,0,0,5,2,2,5,2,0,25,5,6,0,1,0,0,1,0
107493,1,0,5,2,2,3,1,3,0,3,0,1,1,1,5,2,2,0,4,1,1,5,2,1,16,3,0,0,0,0,0,0,0
107494,1,3,1,3,3,1,1,2,3,4,1,2,4,3,4,0,4,3,3,1,0,6,1,3,14,1,8,0,0,0,0,1,1
107495,5,5,0,0,2,0,3,0,3,2,3,1,4,5,4,2,5,3,4,5,3,2,0,2,8,1,7,0,0,0,0,0,1
107496,5,3,0,4,2,0,1,4,4,5,5,1,0,1,2,3,1,5,5,1,5,7,0,4,4,6,0,1,0,0,1,0,1
107497,4,0,3,1,0,2,2,3,2,4,0,0,5,1,5,3,0,5,3,4,5,3,2,3,14,2,6,0,0,0,1,1,0
107498,1,1,1,3,1,1,1,3,4,5,3,1,3,1,0,3,0,3,5,1,1,1,1,1,5,2,3,0,0,0,0,0,0
107499,3,3,3,2,5,0,2,0,1,5,4,2,1,1,2,0,2,5,3,4,2,0,1,1,8,4,7,1,0,0,0,0,0
107500,1,4,4,2,4,4,5,2,3,5,1,2,2,0,5,3,0,3,5,4,0,6,0,0,14,5,10,1,0,1,1,0,0
107501,5,2,0,2,2,5,2,4,5,2,4,3,3,0,3,2,1,5,1,1,2,1,0,3,30,0,7,0,0,1,1,0,1
107502,0,5,5,0,0,5,4,5,3,5,2,2,0,0,5,1,5,3,2,4,0,4,0,1,20,4,1,0,1,0,0,0,1
107503,4,4,0,1,5,0,2,2,4,3,0,3,0,0,3,5,2,5,4,1,0,1,0,1,30,3,5,0,0,1,1,0,0
107504,3,1,0,4,4,1,2,1,2,0,1,2,2,3,3,3,4,1,3,2,1,5,2,0,17,3,9,1,0,0,1,0,1
107505,4,1,4,0,0,2,3,4,4,0,2,2,5,0,4,2,0,5,2,2,4,8,1,4,27,0,5,1,1,0,0,1,1
107506,2,5,3,2,1,5,0,1,5,2,3,0,2,1,4,2,2,5,3,1,5,6,1,2,24,6,0,0,0,1,1,0,1
107507,0,3,5,0,1,3,2,5,5,3,0,4,5,2,2,3,2,0,0,3,5,7,1,0,14,6,9,0,0,0,0,0,0
107508,4,5,3,3,5,2,0,3,5,0,3,4,4,0,3,0,3,5,0,3,5,2,3,4,27,2,6,1,1,1,1,1,1
107509,3,5,2,3,5,5,1,5,1,3,4,0,5,2,2,5,3,2,3,5,0,3,0,3,18,4,4,0,1,1,1,0,1
107510,2,2,4,2,2,3,4,1,5,4,2,0,0,5,0,1,5,0,0,3,1,0,0,2,8,3,9,1,0,1,0,1,0
107511,2,0,4,4,1,5,1,0,2,4,1,4,5,0,0,0,5,4,0,2,3,8,2,4,24,2,3,1,0,0,1,0,0
107512,2,5,4,1,3,5,1,4,5,5,4,1,4,1,3,2,5,1,5,3,5,4,2,1,12,3,10,1,1,1,1,1,1
107513,2,3,2,3,1,5,3,1,0,2,3,5,5,0,3,5,4,4,2,2,0,10,1,1,2,3,6,1,0,1,0,1,1
107514,1,0,5,1,0,3,2,2,5,0,2,4,0,1,1,2,3,3,2,4,3,1,2,2,10,6,4,0,0,0,0,0,0
107515,1,3,1,3,1,2,0,1,1,5,4,2,1,5,2,3,4,3,2,3,0,9,0,1,16,3,1,0,0,0,0,0,0
107516,1,0,2,0,1,0,5,2,1,3,4,5,3,3,5,0,5,5,5,2,1,0,3,0,6,6,10,0,0,0,0,0,1
107517,0,1,1,1,0,4,5,5,3,3,0,3,3,2,4,2,3,4,2,3,4,4,1,3,14,2,10,0,0,0,1,0,0
107518,5,2,1,4,4,1,3,4,3,3,3,5,3,4,2,1,4,3,0,3,1,7,3,1,18,6,10,1,1,1,1,1,1
107519,1,2,1,4,2,0,3,0,0,2,3,0,5,5,3,0,3,1,4,2,4,7,3,4,4,4,2,0,1,0,0,1,1
107520,0,3,3,1,3,4,4,5,3,0,1,3,0,5,4,3,3,2,1,3,2,6,3,4,6,5,2,1,1,1,1,1,1
107521,0,5,4,1,3,2,5,2,4,3,1,4,1,3,4,3,2,0,1,2,5,8,1,1,25,3,9,1,0,1,0,1,1
107522,5,2,2,1,4,3,0,4,2,5,0,1,0,1,0,4,2,2,0,1,0,1,0,4,3,3,0,0,0,1,1,0,0
107523,2,4,5,1,4,4,0,2,3,0,1,4,3,3,1,5,2,0,5,4,1,3,2,3,14,1,1,1,0,1,0,1,0
107524,1,5,2,5,3,1,1,0,5,2,1,5,1,4,2,4,5,2,4,0,3,5,1,3,3,1,7,0,1,1,0,1,1
107525,2,4,2,3,5,4,1,2,1,5,4,4,3,2,5,5,0,0,0,1,5,5,2,4,29,0,8,1,1,1,1,0,1
107526,0,1,0,2,3,3,5,2,1,2,5,3,2,3,0,3,1,5,1,1,0,10,3,3,23,6,4,1,1,0,0,0,0
107527,1,4,5,2,0,3,3,0,5,0,2,0,1,4,4,5,2,1,5,1,3,9,0,3,8,2,9,1,1,1,0,1,1
107528,1,1,0,3,5,1,4,4,0,5,4,5,2,3,2,0,3,4,4,2,5,10,3,3,18,1,7,1,0,1,1,1,0
107529,4,2,0,3,4,4,4,5,1,0,3,5,3,4,2,4,0,0,2,1,5,2,0,4,16,5,2,0,0,1,1,0,0
107530,0,3,5,2,2,1,4,5,1,1,5,3,5,2,3,1,0,4,4,1,4,4,3,3,29,0,0,0,1,1,0,0,0
107531,2,1,3,5,2,3,5,1,4,2,2,2,1,4,1,5,1,0,2,5,3,8,3,2,28,5,3,1,1,0,1,1,0
107532,4,0,0,1,5,4,3,3,0,2,4,3,1,1,3,4,0,0,0,5,2,10,2,2,28,3,1,1,1,1,0,0,0
107533,5,5,2,2,2,0,4,3,2,2,5,5,5,4,2,1,4,1,3,2,3,4,0,2,27,5,10,1,1,1,1,1,0
107534,3,4,3,0,2,2,1,3,2,4,5,0,5,4,2,1,0,1,1,2,2,9,3,0,23,4,6,1,1,1,1,0,1
107535,1,0,0,2,4,4,1,4,0,3,2,2,5,2,0,0,5,4,5,3,1,2,0,2,16,5,9,1,0,0,0,0,0
107536,2,2,4,5,1,1,3,2,0,2,2,1,5,3,0,4,1,4,3,0,2,1,1,0,26,4,3,0,0,0,0,0,0
107537,1,1,4,5,2,0,5,1,2,4,0,4,1,3,1,1,3,3,1,1,0,7,3,1,12,5,10,1,1,1,0,0,1
107538,3,5,0,2,4,2,0,2,0,3,3,4,1,2,3,3,4,0,4,5,5,3,1,1,6,2,4,1,0,0,1,1,1
107539,1,5,3,0,1,2,3,3,5,3,3,5,3,2,2,0,2,4,5,0,0,5,0,4,12,2,7,0,0,0,1,0,1
107540,3,4,1,4,0,5,1,2,2,2,2,5,4,4,0,3,1,1,4,5,2,2,3,2,25,5,4,0,0,1,0,0,1
107541,3,2,4,3,2,4,5,1,0,3,1,0,4,4,5,1,4,4,5,5,2,3,3,2,15,2,1,1,1,1,0,1,1
107542,5,0,2,5,1,1,3,0,3,1,5,2,5,2,4,1,4,4,3,1,5,0,1,1,21,4,6,0,1,0,0,1,0
107543,2,1,1,3,2,1,0,3,4,2,5,5,5,5,4,2,3,1,2,3,2,7,1,4,9,1,5,1,0,1,1,0,1
107544,5,0,3,0,0,1,0,0,3,0,5,0,1,5,4,0,5,3,4,4,4,6,3,2,27,5,5,1,0,0,0,1,1
107545,2,4,2,5,3,5,3,2,3,0,2,5,1,4,3,2,4,4,0,1,3,4,3,3,29,2,8,1,1,1,1,1,1
107546,4,0,2,4,3,2,1,3,0,5,4,2,3,0,4,4,3,3,5,4,4,6,1,2,10,6,8,0,0,1,1,1,1
107547,3,4,5,4,1,5,0,2,4,4,4,3,1,2,5,2,4,2,4,5,2,4,1,2,21,6,2,1,0,0,1,1,1
107548,4,5,3,0,3,0,0,3,5,1,4,0,4,0,5,1,4,1,2,2,4,0,2,3,23,6,0,0,0,1,1,0,0
107549,2,1,2,2,0,3,0,1,2,2,2,2,4,5,1,2,4,4,2,5,5,5,2,3,14,4,1,0,0,0,1,0,1
107550,4,4,1,2,0,0,2,1,0,5,5,5,4,3,1,1,4,0,0,3,4,6,1,2,3,4,1,0,0,1,0,0,0
107551,2,5,3,1,2,3,4,5,1,3,3,5,0,1,1,5,5,3,2,0,2,7,0,2,26,3,10,1,1,0,1,1,1
107552,2,2,0,5,0,0,5,5,3,0,0,0,4,1,3,0,2,5,0,5,2,2,2,3,23,0,6,1,0,0,0,1,1
107553,2,2,5,1,5,0,3,0,3,3,0,3,1,4,2,2,3,1,0,2,3,3,0,0,6,4,0,0,1,1,0,0,0
107554,4,1,0,0,1,0,5,1,5,5,2,0,2,0,3,4,1,1,2,2,0,2,3,2,7,1,9,0,0,1,1,0,1
107555,3,2,4,1,2,4,4,2,2,1,5,5,3,2,3,2,2,3,4,1,1,5,1,1,19,3,1,1,0,1,0,0,1
107556,0,5,2,5,1,3,0,4,5,5,4,2,0,0,3,5,4,3,0,2,3,0,2,4,29,1,9,0,0,1,0,0,1
107557,4,3,4,0,2,3,4,0,1,4,3,1,4,4,0,5,4,0,0,2,1,0,0,3,23,2,1,0,0,0,1,0,0
107558,4,1,2,3,0,1,1,4,3,0,3,3,4,4,3,2,1,3,5,4,4,0,3,3,30,3,2,0,0,1,0,1,1
107559,0,3,0,1,5,1,5,0,3,5,5,1,2,4,0,4,5,0,5,3,2,9,1,1,22,3,10,1,1,0,1,1,1
107560,5,4,5,2,1,2,5,5,1,3,3,4,2,5,5,2,2,2,3,5,0,7,1,2,13,1,8,1,1,1,1,0,0
107561,3,0,4,3,2,5,0,0,2,1,2,2,1,2,0,5,4,0,1,1,2,4,0,0,29,5,7,0,0,0,0,1,0
107562,0,4,0,0,5,4,1,5,4,4,2,2,3,3,2,3,0,4,4,5,2,2,0,0,28,2,3,0,1,0,1,0,1
107563,2,1,0,1,2,0,2,5,3,4,3,4,5,5,2,3,4,5,0,4,1,8,3,2,20,4,3,1,0,1,1,0,1
107564,5,1,3,3,4,0,4,4,3,3,1,5,2,4,5,2,3,0,5,3,1,10,3,3,9,1,6,1,1,1,1,1,1
107565,1,2,5,0,0,2,3,5,3,5,5,1,5,2,0,2,3,3,0,3,3,9,2,4,10,4,3,1,0,1,1,1,1
107566,5,3,3,2,1,1,0,2,4,5,5,3,2,5,3,1,0,2,2,3,2,9,3,2,19,5,0,1,1,0,1,1,1
107567,2,5,0,3,4,2,3,3,5,1,2,1,0,4,4,1,3,0,2,0,4,1,1,3,13,0,6,1,1,0,0,0,1
107568,1,1,4,1,1,5,3,3,2,0,4,0,5,4,4,5,4,4,4,3,1,0,1,1,27,4,3,0,1,0,0,0,1
107569,2,1,2,0,2,1,5,0,2,4,4,1,2,2,1,2,1,5,5,1,4,3,3,1,6,0,3,0,0,0,0,0,0
107570,3,2,3,2,0,3,1,5,5,5,3,0,3,1,1,5,2,0,4,0,4,9,3,3,26,5,10,1,1,1,1,0,1
107571,4,5,2,4,3,2,0,4,2,1,0,4,2,4,1,0,3,0,1,2,0,9,0,2,25,2,5,1,1,1,1,1,0
107572,5,5,0,0,2,3,4,2,5,3,0,2,3,0,1,3,4,5,1,5,3,7,2,1,12,0,6,0,1,0,1,1,1
107573,1,2,0,2,5,3,4,1,5,3,4,3,4,5,2,4,4,0,0,0,2,6,3,2,22,5,8,0,1,1,1,1,1
107574,5,4,3,5,2,3,3,4,4,2,0,2,5,3,5,0,2,2,0,0,2,4,1,3,7,4,3,1,0,1,1,1,1
107575,3,5,3,2,4,1,4,5,4,3,4,1,5,4,5,0,2,5,1,2,3,7,1,2,15,5,1,1,1,1,1,1,1
107576,0,5,1,1,5,5,1,0,5,3,2,2,1,5,4,2,4,3,0,0,1,2,0,1,10,0,4,0,0,0,0,0,1
107577,5,4,0,4,5,1,0,5,1,5,4,0,0,4,2,1,0,1,1,0,5,2,1,0,9,6,10,0,0,1,1,1,0
107578,2,3,4,2,4,0,2,3,2,2,0,0,4,5,3,1,5,0,4,0,1,6,3,2,2,2,0,1,0,0,1,1,1
107579,3,5,0,2,3,0,5,4,3,0,2,0,1,3,3,3,2,3,1,4,5,4,3,1,12,5,0,1,1,1,1,1,0
107580,4,1,1,4,2,0,3,0,1,2,0,0,2,0,2,3,2,3,5,4,1,10,3,1,11,0,2,0,1,0,0,1,0
107581,0,2,2,0,0,2,3,0,3,0,2,3,4,2,1,5,0,3,1,1,1,1,1,1,11,4,1,0,0,0,0,0,0
107582,1,4,4,4,0,4,5,3,3,0,0,0,3,5,1,2,2,1,2,1,5,1,0,4,22,5,7,0,0,1,0,1,1
107583,4,0,5,2,2,0,1,1,3,3,1,2,3,1,3,4,2,5,3,4,3,7,3,4,30,4,9,1,1,1,1,1,1
107584,1,3,3,5,3,0,2,2,3,5,1,4,4,0,1,2,4,2,3,2,1,10,0,2,15,1,1,0,0,1,1,1,1
107585,0,5,5,4,0,3,4,3,0,0,3,3,3,2,0,4,5,5,1,2,2,6,3,2,19,0,4,1,1,1,0,1,1
107586,0,1,3,5,5,3,0,1,2,2,0,3,5,3,1,5,5,5,1,1,2,7,1,1,6,4,1,1,0,0,0,0,1
107587,4,4,5,0,5,3,2,2,5,1,1,1,1,2,5,2,5,1,1,2,4,0,1,0,11,6,0,1,0,0,0,0,0
107588,0,2,1,1,0,0,3,2,1,2,4,0,2,5,5,5,1,4,4,5,3,0,3,4,11,0,6,0,0,0,0,0,0
107589,0,5,0,5,0,1,1,2,2,3,2,0,2,1,0,3,2,2,4,1,0,0,3,1,10,6,1,0,0,0,0,0,0
107590,3,3,4,2,5,2,1,4,3,5,3,2,4,2,1,1,4,3,0,5,4,5,3,4,9,0,5,1,0,1,1,1,1
107591,0,0,5,4,1,4,2,0,3,5,5,5,5,3,4,5,4,3,1,1,4,5,2,1,9,2,7,0,0,0,0,1,1
107592,3,4,4,4,1,3,5,5,1,5,3,5,2,4,2,3,0,5,0,2,4,0,1,1,19,6,0,1,1,1,0,1,1
107593,3,0,2,2,1,4,2,4,0,2,5,0,5,5,1,3,5,3,4,3,1,10,1,2,18,3,5,1,0,1,1,1,1
107594,3,1,2,0,4,3,5,0,4,4,5,0,3,1,4,5,5,1,5,4,2,7,3,4,4,6,10,1,1,0,1,1,1
107595,2,5,0,0,0,2,4,3,3,1,3,2,1,5,3,3,5,5,0,4,0,5,3,1,6,3,8,0,0,0,1,0,1
107596,4,5,2,4,1,3,0,1,5,0,2,1,5,5,3,5,4,0,1,1,3,0,1,2,23,1,8,1,0,0,1,1,1
107597,3,0,4,0,2,2,5,0,5,5,1,0,1,5,2,0,3,4,5,4,1,0,2,3,5,5,0,0,1,0,1,0,0
107598,2,2,0,0,3,0,3,4,0,5,5,2,4,0,4,4,5,4,3,3,5,4,2,3,5,6,7,0,0,0,1,0,1
107599,0,0,2,1,5,3,3,1,2,1,4,5,5,2,1,2,0,3,2,0,1,3,0,1,15,2,9,1,0,1,0,0,0
107600,1,1,1,5,1,1,4,3,4,1,1,1,4,3,2,0,0,0,2,0,0,1,2,1,30,0,5,0,1,0,1,0,0
107601,0,5,2,3,1,1,0,1,1,5,3,0,3,1,5,2,3,2,1,2,4,3,0,1,2,0,7,0,0,0,0,0,0
107602,0,1,4,4,3,4,1,1,1,2,1,0,5,0,1,4,0,4,1,5,2,10,0,0,24,1,6,0,0,0,0,1,0
107603,1,3,5,3,2,0,4,4,0,4,5,3,1,1,0,0,1,5,2,4,3,7,2,2,30,0,8,1,1,1,0,1,0
107604,1,4,2,3,3,0,3,3,3,5,1,5,1,0,3,2,2,3,4,2,1,3,0,2,12,3,4,0,0,0,0,0,0
107605,0,5,4,1,1,2,2,0,2,3,0,5,3,4,4,4,4,2,4,2,5,8,3,4,8,5,10,1,0,0,0,1,1
107606,1,2,4,2,3,3,2,5,5,0,5,4,4,1,3,1,0,1,5,4,0,5,0,2,7,4,2,0,1,1,0,0,0
107607,3,4,5,3,5,5,3,3,5,3,3,3,1,3,1,5,5,2,3,0,2,7,3,1,30,5,4,1,1,1,1,1,1
107608,1,2,4,5,4,3,2,1,0,0,5,4,3,0,5,5,0,3,3,3,0,2,3,0,20,2,7,1,0,0,0,0,0
107609,1,0,3,5,4,1,2,0,5,4,5,0,4,4,4,3,4,5,1,3,4,0,3,4,23,2,9,1,1,0,1,1,1
107610,0,1,4,4,0,2,3,2,0,3,2,5,3,1,3,3,0,2,1,4,1,6,1,0,29,3,10,0,0,0,0,0,0
107611,0,4,1,4,5,2,1,4,4,2,2,4,0,1,4,1,4,0,4,5,2,10,1,0,16,5,4,1,1,1,1,0,0
107612,0,4,4,4,4,2,3,0,5,2,5,1,5,0,4,5,0,1,5,2,3,1,1,3,16,0,5,0,0,1,1,0,0
107613,2,3,4,4,3,4,4,1,2,5,2,1,2,0,3,2,5,2,4,5,1,4,3,3,30,0,9,1,1,1,1,1,0
107614,3,4,3,4,0,4,4,5,0,2,1,5,2,5,5,0,0,4,1,3,4,7,1,1,16,6,10,1,0,1,1,1,1
107615,4,4,0,0,3,4,3,0,0,5,3,3,3,5,1,2,2,3,2,2,1,9,2,2,16,3,6,1,1,1,0,1,0
107616,3,2,3,0,4,2,2,4,2,4,3,5,1,0,0,4,2,1,4,3,5,1,3,0,12,0,3,1,0,0,0,0,0
107617,3,1,4,2,3,1,3,1,5,5,4,2,0,1,3,3,2,5,1,0,3,9,0,3,30,5,3,0,1,0,1,1,1
107618,5,5,1,0,0,0,4,3,2,5,0,3,5,3,1,3,3,1,5,1,5,10,0,2,19,0,3,1,1,0,1,1,1
107619,1,5,4,2,0,4,1,4,2,3,2,0,4,3,4,4,4,0,1,1,0,1,1,4,30,2,8,1,1,1,1,0,1
107620,4,0,5,1,2,5,2,5,0,5,3,5,1,4,0,1,0,4,5,1,5,6,3,0,30,1,10,0,1,0,1,1,1
107621,5,4,3,5,4,0,4,3,3,4,5,5,3,5,4,1,0,0,5,4,5,4,0,4,23,4,10,1,1,1,1,1,0
107622,3,0,5,3,2,0,3,1,1,0,1,4,4,4,5,5,3,2,4,4,3,9,2,0,15,1,6,1,1,1,0,1,1
107623,5,5,5,0,4,1,2,0,4,0,3,4,5,1,5,2,0,0,1,4,5,7,2,0,3,4,5,1,1,0,0,0,0
107624,0,3,2,3,5,4,1,4,4,4,3,1,5,2,2,4,3,2,5,1,2,0,2,3,4,0,5,1,1,0,1,0,1
107625,5,4,5,4,5,1,5,3,4,3,5,0,0,2,4,3,0,2,4,0,2,10,1,0,30,1,5,1,1,1,1,1,0
107626,3,4,5,1,3,0,3,4,3,5,2,1,4,1,3,3,1,3,5,3,2,3,1,0,16,2,0,1,1,1,0,0,0
107627,1,3,0,5,4,2,3,5,3,3,1,4,0,3,0,3,3,5,3,2,3,7,1,3,18,5,3,1,1,0,0,1,1
107628,0,1,5,5,0,2,2,4,2,1,3,4,3,0,2,5,1,3,5,5,5,6,0,2,23,0,6,0,1,0,0,1,0
107629,4,4,0,5,0,2,4,3,4,5,5,5,3,0,4,3,3,0,0,1,1,3,3,1,16,0,0,0,1,0,1,0,0
107630,2,3,2,0,4,3,1,4,4,2,0,3,5,0,4,4,5,0,2,1,3,6,3,1,28,1,3,1,0,1,1,0,1
107631,1,3,5,2,4,1,5,3,1,5,4,2,3,4,2,1,2,2,0,2,2,10,3,4,27,6,1,1,1,1,1,1,0
107632,2,1,4,4,1,0,0,1,1,0,3,2,2,3,2,2,1,5,1,5,4,8,2,4,22,1,8,0,0,1,1,0,1
107633,5,0,1,2,3,0,0,1,4,0,4,5,3,1,3,3,1,2,0,5,2,10,1,3,17,4,0,0,0,0,0,0,0
107634,2,3,3,2,1,4,3,0,2,0,1,0,0,3,0,0,5,2,5,3,0,0,0,0,26,0,3,1,1,0,0,1,0
107635,0,2,1,1,0,3,5,2,1,5,5,3,0,4,5,5,5,1,0,1,4,6,2,2,24,5,1,1,0,0,1,0,1
107636,1,3,1,2,2,1,0,1,5,0,0,0,4,4,2,3,1,1,0,3,5,7,2,2,15,0,10,1,0,0,0,0,0
107637,0,2,5,4,2,5,4,5,5,4,3,2,2,2,3,0,0,2,0,0,5,3,3,1,25,2,9,0,1,0,0,1,0
107638,4,5,0,0,4,3,2,5,4,4,3,0,4,4,2,2,1,0,3,1,3,6,1,3,4,4,9,0,0,1,1,0,1
107639,4,4,5,4,5,4,0,4,2,5,1,1,2,1,2,5,4,2,5,2,2,8,2,2,22,5,8,1,1,1,1,1,1
107640,5,2,2,4,5,4,2,2,3,3,0,2,5,5,2,3,5,5,4,5,3,10,1,4,3,5,7,1,1,1,1,1,1
107641,3,4,0,0,0,1,3,0,5,0,5,1,1,1,4,1,0,0,4,0,5,2,3,2,7,0,0,0,0,0,0,0,0
107642,4,3,4,4,5,3,3,3,3,0,2,0,2,0,1,0,3,0,2,4,4,8,0,1,7,1,5,1,1,1,0,1,0
107643,2,3,0,3,3,3,5,0,4,0,5,4,1,4,5,2,3,1,0,1,3,5,2,4,27,0,7,0,1,0,1,1,1
107644,3,3,1,1,1,2,5,0,5,3,1,0,0,4,0,4,4,4,1,4,0,3,2,3,14,4,7,0,0,0,1,0,0
107645,0,5,1,2,3,3,0,0,4,2,3,4,0,5,2,1,4,0,4,2,1,4,0,3,14,1,0,0,0,0,0,1,0
107646,3,1,4,3,0,2,5,2,3,0,3,5,0,0,0,4,3,0,0,5,0,0,2,1,26,2,6,0,0,0,0,0,0
107647,3,2,2,1,2,0,0,4,2,0,2,1,0,5,2,3,2,0,2,0,3,2,3,1,13,3,9,0,0,0,0,1,0
107648,0,1,3,3,4,0,5,2,2,1,2,2,2,5,5,4,5,5,0,0,5,6,3,3,16,2,9,1,0,0,1,0,1
107649,3,3,0,3,5,2,4,4,4,2,1,3,2,3,3,5,1,0,0,3,3,8,0,1,5,3,5,1,1,0,0,0,1
107650,4,5,4,2,1,5,5,3,2,5,0,5,4,3,0,4,0,5,5,0,1,5,0,0,12,4,2,0,1,1,1,0,0
107651,2,3,4,2,1,1,0,5,1,4,4,2,4,0,4,4,4,3,2,5,0,8,1,2,18,5,2,0,0,1,1,0,1
107652,3,1,1,3,3,3,0,2,1,2,1,1,3,3,2,1,0,1,2,0,0,9,3,1,13,5,2,0,0,1,0,1,0
107653,1,5,5,3,0,0,5,1,3,1,3,0,3,4,0,4,4,5,1,1,2,5,1,4,28,0,5,1,0,1,1,1,1
107654,1,4,2,2,5,3,1,0,5,4,3,2,1,3,0,3,0,0,1,5,5,1,1,2,29,4,7,0,1,1,0,1,0
107655,0,2,4,5,1,1,2,1,2,5,5,4,1,1,2,1,5,1,4,2,0,9,2,1,2,6,8,0,1,0,1,0,0
107656,1,0,1,5,1,2,1,0,3,1,5,4,1,3,0,4,4,0,1,5,2,6,0,0,14,3,10,0,0,0,0,0,0
107657,4,2,5,2,1,4,0,1,1,2,1,1,2,0,3,5,5,1,3,4,2,4,3,3,29,4,0,0,0,0,0,1,1
107658,5,4,1,4,2,2,0,5,2,0,0,5,2,3,3,3,1,5,1,2,5,10,3,0,21,3,1,1,1,1,1,1,1
107659,3,3,3,4,4,5,0,3,2,0,5,3,1,5,5,5,2,3,0,5,3,7,3,3,23,2,5,1,1,1,1,1,1
107660,3,1,0,0,5,0,5,3,2,5,0,4,2,5,5,3,4,3,3,3,5,0,1,0,29,2,9,0,0,0,1,1,1
107661,3,0,0,3,4,0,0,2,5,1,4,0,0,4,5,5,5,1,1,3,5,10,3,3,19,5,4,0,0,1,1,0,1
107662,2,5,0,4,3,1,5,3,5,0,4,5,5,2,2,2,0,5,1,5,1,0,0,4,21,5,9,0,1,1,1,0,1
107663,2,2,5,0,1,1,1,3,1,1,5,0,4,2,1,0,2,5,4,0,3,9,1,4,19,1,9,0,0,0,1,0,1
107664,3,4,1,2,5,2,3,5,2,2,2,0,5,4,4,3,1,2,1,2,0,0,0,2,18,5,6,0,0,0,1,0,1
107665,4,2,5,4,5,5,1,4,0,1,2,4,1,0,2,2,2,2,3,2,3,7,2,1,29,1,6,1,1,1,0,1,1
107666,2,0,3,5,3,1,5,3,4,4,1,1,3,2,4,0,0,4,5,1,0,0,3,2,16,5,7,1,1,0,0,1,0
107667,3,2,0,5,4,2,0,4,4,3,1,5,4,3,4,3,3,2,2,1,3,0,3,3,5,1,6,0,0,0,1,1,1
107668,2,4,2,3,1,0,4,3,5,3,1,5,2,0,3,0,5,5,3,5,1,2,2,4,20,6,7,0,0,0,0,1,1
107669,1,2,2,0,2,4,5,5,3,5,1,3,5,4,2,3,4,1,0,0,4,2,2,0,28,4,2,0,0,1,1,0,1
107670,1,3,1,0,4,3,2,3,5,5,5,3,1,2,5,2,4,1,0,1,1,7,3,1,18,6,7,0,1,1,1,0,1
107671,0,2,3,4,2,0,2,5,0,1,2,1,1,5,3,1,0,1,4,3,1,1,2,2,8,6,1,1,1,0,0,0,0
107672,2,2,5,4,4,2,0,1,2,5,3,1,3,0,1,3,0,0,4,3,5,5,3,0,21,6,0,0,1,1,0,1,0
107673,4,1,5,1,5,1,5,1,2,4,3,0,2,0,0,2,4,5,1,5,3,10,1,2,20,1,0,0,1,1,1,1,0
107674,4,1,3,0,5,2,5,1,4,0,0,1,3,2,0,1,3,1,0,3,5,0,2,0,19,5,10,1,1,0,0,1,0
107675,5,1,5,0,1,1,2,4,1,1,5,2,5,5,0,0,0,3,1,5,4,10,2,0,20,2,6,1,1,1,1,1,0
107676,0,4,5,5,2,4,4,5,1,1,2,4,1,0,2,4,2,3,1,2,2,3,0,3,30,2,6,1,1,1,0,0,0
107677,4,2,0,4,2,0,4,2,0,4,3,0,4,0,3,0,5,0,2,5,2,2,2,3,18,5,8,1,0,0,0,1,0
107678,4,4,3,5,3,3,2,2,5,3,1,0,1,4,3,5,5,4,2,2,2,4,1,4,26,4,3,1,1,1,1,1,1
107679,2,1,4,0,4,4,0,2,2,4,1,2,0,0,2,5,4,0,5,0,2,2,3,4,26,6,9,0,1,1,0,1,1
107680,1,1,0,4,1,0,0,1,0,0,1,2,4,3,2,0,0,5,4,4,2,6,0,2,4,6,4,0,0,0,0,0,0
107681,2,5,3,5,1,5,5,3,1,3,3,2,3,0,3,2,1,2,0,1,0,2,1,3,7,5,3,0,1,1,1,0,0
107682,4,5,5,3,1,4,4,4,3,3,5,1,3,0,5,2,0,4,0,4,5,2,0,1,26,1,3,1,1,1,1,1,0
107683,5,2,1,4,4,1,0,4,2,4,0,4,2,2,4,3,0,3,5,5,1,5,0,2,18,6,10,0,0,1,1,1,0
107684,3,1,5,3,5,2,4,0,3,2,2,1,2,3,0,5,0,0,3,4,0,0,1,4,7,0,4,1,1,0,0,0,0
107685,3,4,5,0,0,4,5,2,0,0,2,0,4,3,1,0,5,4,1,1,1,0,3,1,23,5,1,0,0,1,0,0,0
107686,3,0,3,2,5,3,3,3,5,5,4,2,3,5,5,5,5,5,3,1,0,0,1,1,9,4,9,0,1,1,1,1,1
107687,0,2,3,1,0,4,2,3,4,2,4,5,0,0,5,3,4,3,1,0,3,0,3,0,13,1,10,0,0,0,0,0,1
107688,3,3,3,0,3,5,5,4,1,5,5,0,3,0,2,2,5,5,2,1,1,0,3,0,7,3,5,1,0,0,0,0,1
107689,0,4,2,3,0,2,5,4,2,2,1,0,0,4,1,1,3,1,2,3,0,2,3,3,16,1,3,1,0,0,1,1,0
107690,5,0,2,5,5,0,2,1,0,1,1,3,1,2,4,4,0,1,2,1,3,9,0,1,13,1,1,0,0,0,0,1,0
107691,5,0,3,0,4,2,2,2,0,2,2,3,5,1,4,0,4,4,4,5,2,6,2,2,15,1,5,1,0,0,1,1,1
107692,3,1,2,1,2,3,5,1,5,0,0,0,5,5,2,1,3,5,2,3,4,0,0,3,12,2,5,0,0,0,0,0,0
107693,2,0,4,4,4,4,5,4,0,3,2,3,5,1,0,5,0,1,0,3,1,0,1,1,5,6,5,0,0,0,0,0,0
107694,4,3,4,1,5,1,3,2,2,5,1,4,0,0,3,4,4,1,5,0,5,3,2,4,28,1,1,1,1,1,1,1,0
107695,3,5,2,0,1,5,3,2,5,1,1,3,5,0,3,2,1,1,1,5,0,0,3,4,5,6,10,0,1,1,1,1,1
107696,4,1,3,1,3,0,4,4,1,0,4,3,1,5,4,5,0,3,4,5,0,3,0,3,17,4,0,0,0,0,0,0,1
107697,3,2,1,0,1,3,1,5,4,0,0,2,1,0,5,2,0,4,2,3,2,7,3,2,23,2,5,0,0,0,0,0,1
107698,1,1,1,5,4,2,5,5,0,1,2,2,3,5,2,1,0,4,1,4,2,8,2,4,11,5,3,1,1,1,0,1,1
107699,0,0,2,2,3,4,1,0,5,2,4,0,2,1,5,0,2,0,3,3,5,5,2,3,18,6,6,0,1,0,0,0,0
107700,1,4,0,5,4,1,4,4,5,1,2,3,2,2,5,1,0,0,4,5,1,8,3,0,18,1,10,0,1,1,1,1,0
107701,3,1,5,4,3,5,4,3,5,4,5,4,5,0,0,1,3,4,2,2,3,6,2,3,26,1,9,1,1,1,1,1,1
107702,2,3,0,2,3,0,1,0,3,2,0,2,3,2,3,0,4,4,2,1,0,7,0,2,17,3,2,0,0,1,0,0,0
107703,3,4,1,5,0,4,4,2,5,2,2,4,1,5,0,5,4,2,3,3,3,2,3,0,12,2,3,0,1,1,1,1,1
107704,1,5,1,1,5,2,5,1,4,0,0,0,5,5,0,2,5,3,0,3,4,7,0,3,30,0,5,1,1,1,1,1,0
107705,5,1,1,1,1,3,2,1,2,3,0,0,4,2,0,5,5,1,1,4,4,10,0,4,22,5,6,0,1,1,1,1,1
107706,2,3,2,4,2,1,3,3,5,1,2,1,1,0,4,1,0,3,0,5,2,6,3,4,7,0,2,0,1,0,0,1,0
107707,5,5,4,3,3,2,3,2,1,4,1,2,0,4,5,5,2,1,2,0,3,10,3,3,8,1,7,1,1,1,1,1,0
107708,2,2,5,2,5,2,0,4,5,0,0,3,0,1,2,2,0,3,3,2,3,10,3,4,24,0,2,1,1,0,1,1,0
107709,2,0,1,3,3,1,3,4,5,3,5,0,1,5,5,1,1,5,3,3,2,7,3,2,13,3,8,1,0,0,1,0,1
107710,3,1,1,5,1,0,4,0,2,4,4,0,0,0,4,3,2,0,0,2,2,0,0,1,3,2,1,0,0,0,0,0,0
107711,1,4,2,1,1,2,3,4,1,4,2,4,5,0,0,1,5,5,4,0,5,5,3,3,22,6,4,1,1,1,1,1,1
107712,1,4,1,5,1,2,2,0,0,1,5,4,0,4,1,5,2,0,4,0,2,5,1,4,12,5,8,0,0,1,0,0,0
107713,2,1,4,5,3,4,3,0,3,4,0,4,5,3,3,1,1,1,4,4,5,2,0,0,6,2,1,0,0,0,0,1,0
107714,4,1,1,4,4,2,3,0,4,4,5,2,4,3,4,5,1,1,0,5,0,7,0,2,14,2,7,1,0,1,0,0,1
107715,0,1,2,0,4,3,5,0,3,3,5,4,0,3,4,4,4,0,1,3,2,2,2,4,27,0,4,0,1,1,0,0,0
107716,2,1,3,0,4,2,2,2,3,3,2,1,2,5,4,2,1,0,2,4,5,6,3,0,29,4,4,1,1,1,1,1,0
107717,4,4,2,0,4,2,1,5,0,4,4,5,0,4,3,2,4,4,0,3,1,3,1,0,18,0,9,0,1,0,1,0,0
107718,4,5,3,4,5,4,0,4,0,2,1,0,1,1,5,4,0,2,3,5,0,10,0,0,5,3,0,1,1,1,0,0,0
107719,2,0,4,2,5,4,5,2,1,0,5,3,1,4,3,0,5,2,5,2,3,9,0,3,14,4,1,1,1,0,0,1,1
107720,0,4,3,5,1,5,1,5,5,5,2,0,4,3,2,3,1,3,5,1,3,8,3,4,15,2,2,1,1,1,1,0,1
107721,0,4,2,0,1,2,2,2,3,1,1,4,1,1,1,4,5,1,2,4,2,3,3,2,17,6,8,0,0,1,1,0,1
107722,2,3,5,2,0,0,4,0,2,2,0,1,4,4,1,4,5,0,0,4,5,6,0,4,10,1,1,1,0,0,0,0,0
107723,4,5,5,1,1,3,1,0,3,3,4,0,4,4,2,5,3,2,4,5,2,9,0,4,9,1,3,1,0,1,0,1,1
107724,0,0,5,5,3,2,1,3,2,1,5,2,5,1,2,4,2,4,3,1,1,2,0,3,2,1,10,0,0,0,1,0,1
107725,5,4,0,0,3,0,3,1,0,2,4,5,3,1,0,2,1,0,4,0,2,3,1,4,4,3,9,0,0,1,0,0,0
107726,4,0,5,2,5,5,3,2,3,3,4,0,2,5,4,4,5,5,2,0,2,9,0,3,4,4,5,1,1,1,0,0,1
107727,0,5,5,5,3,3,1,1,4,4,4,1,4,5,2,1,5,0,3,5,4,4,1,1,8,0,0,1,1,0,1,1,1
107728,2,2,4,5,5,3,3,2,5,0,1,3,4,1,2,0,5,0,2,5,4,3,2,2,13,2,0,1,1,0,0,1,0
107729,1,0,4,5,3,3,4,5,2,4,2,5,1,4,4,0,5,1,1,3,2,5,0,0,28,0,6,1,0,1,1,1,0
107730,5,4,2,3,5,5,1,0,1,1,4,1,1,0,5,4,3,1,1,0,1,7,3,3,24,4,9,1,1,1,0,0,1
107731,3,4,4,0,4,4,2,0,5,5,3,2,3,5,3,1,3,2,4,4,3,0,3,0,7,5,1,1,0,1,0,1,0
107732,1,2,3,0,2,4,1,1,2,5,1,5,5,1,5,1,4,2,0,4,1,3,0,1,29,4,7,0,0,0,1,0,0
107733,1,1,4,2,5,4,5,4,0,4,0,4,3,1,4,1,3,3,5,4,0,9,1,0,18,2,0,0,0,1,0,1,0
107734,3,0,2,2,5,4,2,1,3,5,4,3,5,4,5,4,0,3,4,2,0,6,0,1,16,4,9,0,0,0,1,1,0
107735,0,5,4,3,1,4,5,1,0,0,5,2,3,5,2,2,0,1,4,0,1,6,3,0,22,0,5,1,0,1,0,0,0
107736,1,1,4,0,1,0,5,4,5,2,2,4,3,4,0,5,3,0,4,5,0,4,2,2,30,4,1,1,0,0,1,1,1
107737,0,5,5,4,0,2,1,3,4,0,4,5,2,5,1,4,5,0,5,2,3,0,0,0,19,5,1,0,0,0,0,1,1
107738,3,3,1,2,5,1,5,3,2,2,5,2,3,5,1,3,5,2,0,3,1,5,0,1,3,3,2,0,1,1,1,0,1
107739,4,4,5,0,2,5,0,3,3,3,4,5,0,1,2,1,2,4,2,5,0,0,1,2,12,5,0,0,0,1,0,0,0
107740,2,4,1,5,3,3,2,3,2,3,5,1,3,3,1,5,3,5,3,3,4,4,1,2,2,2,9,1,0,0,1,1,1
107741,0,5,5,2,1,3,0,3,2,0,5,5,2,4,3,1,3,4,2,1,5,1,1,4,11,3,0,0,0,0,1,0,1
107742,2,0,0,1,2,3,0,3,5,0,1,2,3,5,5,4,2,3,2,4,0,8,1,4,13,4,4,0,0,0,1,0,1
107743,5,5,1,2,2,4,3,4,4,5,5,1,5,3,0,0,3,3,5,3,1,8,0,3,24,2,3,1,1,1,1,1,1
107744,1,0,3,5,3,4,3,2,3,1,3,2,2,3,4,4,3,1,0,2,4,6,1,1,11,6,6,0,0,0,0,1,0
107745,0,5,3,4,1,1,3,1,5,2,2,2,4,4,3,4,0,1,2,2,4,8,1,0,7,3,10,0,1,1,0,0,1
107746,0,1,4,0,4,5,2,1,0,3,1,3,4,5,0,0,0,3,2,5,2,5,2,3,10,4,0,0,0,1,0,1,0
107747,4,5,2,4,2,4,4,4,5,0,4,4,1,0,4,4,1,0,1,5,2,10,3,3,20,0,7,1,1,1,1,1,0
107748,0,0,0,3,1,1,2,0,1,1,4,5,5,5,2,0,1,2,0,0,3,5,0,4,27,6,10,0,0,0,1,0,1
107749,3,2,3,5,0,3,3,1,1,3,1,0,3,2,3,3,4,3,4,0,3,0,0,2,13,3,1,0,0,0,0,0,0
107750,5,3,3,5,0,2,2,0,3,1,2,1,4,2,5,5,1,5,2,0,1,5,1,2,18,1,9,0,0,0,0,0,1
107751,3,5,3,4,1,2,1,2,0,4,5,5,0,2,0,2,4,5,0,1,4,1,0,3,30,2,7,1,0,1,0,0,1
107752,2,0,2,3,4,5,3,1,2,3,5,0,1,0,1,4,0,5,0,4,3,8,1,0,12,0,6,0,1,0,0,0,0
107753,1,0,5,2,5,1,4,3,2,5,2,1,5,3,1,1,3,3,1,4,2,6,3,2,10,1,6,0,1,1,1,1,0
107754,0,3,4,5,5,5,1,5,0,3,5,4,3,5,3,3,4,1,2,2,4,5,1,3,2,4,7,1,1,1,1,1,1
107755,0,0,1,5,1,3,2,2,1,4,5,3,0,4,5,2,4,1,1,4,1,3,3,3,17,6,4,1,0,1,0,1,1
107756,5,4,0,5,3,4,5,5,2,1,1,0,3,2,4,0,3,5,2,2,0,5,2,3,2,2,4,0,1,1,0,1,1
107757,0,0,1,5,1,4,1,1,0,4,2,0,5,0,3,5,4,4,1,1,1,10,3,1,8,0,6,0,0,1,0,0,1
107758,0,5,0,3,0,3,2,4,5,5,0,4,0,4,0,0,5,4,0,4,5,1,0,1,5,4,4,0,0,0,1,0,0
107759,4,3,4,5,3,1,1,0,2,4,0,2,1,4,2,0,3,3,5,3,4,2,2,4,5,6,8,1,0,1,0,1,1
107760,2,5,3,4,3,5,2,3,4,4,3,4,2,2,2,4,4,0,3,4,3,2,0,3,9,0,3,1,1,0,1,1,0
107761,2,0,2,1,4,3,2,4,1,2,0,4,2,2,2,4,1,3,1,2,3,1,2,0,13,6,8,0,0,1,1,1,0
107762,4,1,3,0,0,2,5,4,3,3,1,4,0,2,5,1,4,4,3,5,3,8,0,3,2,2,2,1,0,0,0,0,0
107763,3,2,4,5,4,1,0,5,0,3,1,3,1,1,2,4,1,1,2,4,5,8,3,2,21,3,8,1,1,1,1,1,0
107764,5,0,4,2,1,0,2,3,1,1,1,0,3,2,0,2,0,1,3,1,3,9,2,4,7,6,3,0,1,1,0,1,0
107765,2,0,2,5,1,1,5,3,4,1,1,0,3,0,2,4,0,2,3,4,1,4,2,1,19,6,6,1,0,0,0,1,0
107766,4,1,3,1,0,0,0,3,2,3,3,1,0,2,3,4,0,0,4,4,0,3,0,3,3,1,4,0,0,0,0,0,0
107767,5,4,3,2,1,5,3,2,5,3,4,1,4,5,2,3,4,0,0,5,0,3,1,1,9,4,6,1,1,1,1,1,1
107768,2,4,5,4,2,2,0,1,5,4,3,3,2,3,5,1,2,4,1,4,2,2,0,2,27,6,9,1,0,0,1,1,1
107769,1,0,4,3,1,3,3,5,0,3,4,2,5,3,4,2,1,5,3,1,3,4,3,4,19,3,6,0,1,1,0,0,1
107770,5,0,1,4,1,4,4,5,3,3,3,1,5,4,2,3,0,2,3,5,1,8,3,3,18,4,0,0,1,0,1,1,1
107771,1,3,5,1,3,5,3,5,4,3,4,3,3,5,5,1,3,0,2,3,0,0,2,3,17,4,6,0,1,1,1,1,0
107772,0,2,2,3,0,2,3,4,1,3,1,5,0,3,1,0,4,5,4,3,3,10,3,0,14,5,5,1,0,1,0,1,0
107773,3,4,4,2,5,0,4,1,5,2,1,2,0,2,5,4,0,5,2,5,0,3,3,1,2,3,6,0,1,0,0,1,0
107774,5,1,5,5,1,3,3,1,4,0,0,2,1,3,4,2,2,2,2,5,5,7,0,3,12,2,2,1,1,1,1,1,0
107775,0,2,4,2,4,5,3,1,1,4,3,5,2,5,0,3,2,5,2,0,5,6,3,4,29,1,2,1,0,1,1,1,1
107776,5,1,0,0,3,2,0,3,0,2,1,2,2,1,2,4,5,3,3,4,2,4,0,1,27,3,6,0,0,1,0,1,1
107777,4,1,1,4,4,0,0,1,2,4,3,0,4,5,3,2,0,4,1,4,4,6,0,4,24,0,5,1,0,0,0,0,0
107778,5,4,4,5,1,4,0,4,2,5,4,1,3,2,2,1,0,4,3,5,1,5,2,0,12,2,6,0,1,1,1,1,0
107779,2,2,0,5,1,3,3,0,3,2,5,1,1,4,4,0,1,1,1,4,0,2,2,2,12,2,4,1,0,0,0,0,0
107780,1,3,0,0,0,0,2,5,1,0,2,3,5,1,1,3,5,5,1,3,3,9,3,2,13,5,5,0,0,0,1,0,1
107781,3,0,1,5,1,0,2,2,1,0,5,2,5,5,5,3,0,0,3,1,4,5,2,0,14,1,6,0,0,0,0,0,0
107782,0,3,2,2,3,3,2,2,5,3,2,2,3,4,5,3,4,1,3,2,2,1,2,0,4,1,1,0,0,1,0,0,1
107783,5,2,0,5,3,0,5,2,5,5,4,4,1,5,0,0,2,0,5,1,1,7,0,2,9,3,5,1,1,0,1,0,1
107784,3,5,0,3,4,1,2,2,4,5,5,2,5,4,4,4,4,1,1,2,5,0,1,4,26,3,4,1,0,0,1,0,1
107785,2,2,2,5,5,1,2,3,2,5,3,2,4,2,4,5,1,4,3,3,2,4,0,3,11,2,0,1,1,0,1,0,1
107786,3,0,3,2,4,2,3,1,2,0,5,1,0,1,0,2,2,5,0,2,2,9,3,0,10,0,1,1,1,0,0,0,0
107787,4,4,3,3,2,4,4,1,1,0,3,2,1,4,3,0,2,0,2,0,1,4,1,3,2,4,8,1,1,0,0,1,0
107788,3,0,4,4,2,2,4,2,2,5,0,3,1,3,1,5,2,1,4,4,4,6,3,4,21,5,8,1,1,1,1,1,1
107789,5,5,5,0,5,5,5,0,3,4,2,5,3,1,4,3,2,1,3,2,1,0,0,1,20,2,4,0,1,1,0,1,1
107790,5,2,0,4,4,3,3,1,5,5,4,5,5,1,5,2,4,3,5,2,2,7,3,4,4,0,7,1,1,0,1,1,0
107791,5,4,4,0,2,2,5,2,4,5,3,0,0,1,0,1,0,5,3,2,0,5,2,2,18,0,8,1,1,1,1,0,1
107792,3,3,0,4,4,3,3,0,1,4,1,0,0,5,4,0,5,0,4,0,1,1,0,4,11,3,8,0,0,0,0,0,1
107793,4,2,2,0,0,0,3,2,5,2,1,5,4,4,5,1,5,2,0,4,5,8,3,2,12,4,6,1,0,0,1,1,1
107794,1,3,2,1,4,5,3,2,0,4,4,1,2,1,2,0,0,4,3,0,3,7,2,2,6,2,2,0,0,0,0,0,0
107795,0,1,4,2,5,1,2,0,0,3,4,0,0,1,5,1,5,5,5,4,1,4,2,0,28,4,5,0,0,0,0,1,0
107796,2,0,1,1,3,5,1,2,5,5,1,4,2,5,4,5,3,1,0,4,0,6,0,1,23,2,8,0,0,0,1,0,1
107797,5,4,5,0,3,3,2,3,1,5,2,5,0,4,3,4,5,3,0,1,1,4,1,0,2,1,8,1,0,0,1,0,1
107798,0,5,2,0,0,1,3,4,5,1,0,4,5,4,0,0,1,4,3,5,4,3,1,2,23,0,2,0,0,0,0,1,1
107799,3,5,4,1,3,2,3,2,0,5,1,0,5,0,2,4,5,5,4,3,3,0,0,2,14,1,9,0,1,1,1,1,0
107800,1,1,5,2,1,0,0,3,1,4,5,1,2,5,0,4,2,4,5,0,5,7,3,4,23,5,8,1,0,0,1,1,1
107801,2,2,3,0,5,3,4,0,4,4,0,1,4,2,1,1,2,4,3,1,4,2,2,1,28,2,2,0,0,1,0,1,0
107802,0,2,0,0,1,0,4,1,1,2,3,1,5,4,5,5,3,3,5,1,3,10,3,1,8,1,2,0,0,0,1,0,1
107803,4,4,4,3,1,3,3,3,3,2,2,3,0,1,0,0,4,0,2,0,5,10,3,2,11,1,8,1,1,1,1,1,0
107804,4,3,2,1,2,1,2,2,4,5,2,4,3,3,3,5,1,0,4,3,1,10,2,0,19,3,2,0,1,1,1,0,0
107805,4,4,2,4,4,0,3,5,2,0,5,1,1,0,5,1,0,4,0,1,0,6,1,2,15,3,10,1,1,1,1,0,0
107806,4,5,2,5,5,1,3,4,0,3,5,3,1,2,0,2,0,1,4,4,1,0,3,3,4,6,6,1,1,1,1,1,0
107807,1,2,1,0,2,0,2,5,4,5,0,2,3,1,1,2,5,4,1,3,3,8,2,1,2,4,7,0,0,0,1,0,0
107808,3,3,1,5,1,5,5,2,3,4,1,2,0,2,2,1,0,0,3,4,4,1,0,2,7,3,4,1,0,0,0,1,0
107809,0,3,5,4,4,5,0,0,5,0,1,1,5,5,2,5,0,3,5,1,4,8,1,4,12,3,6,0,1,1,1,1,1
107810,2,5,1,4,3,5,2,3,4,1,0,0,2,0,2,0,0,1,2,5,1,6,3,1,29,3,8,0,1,1,1,1,1
107811,3,2,2,2,2,4,2,5,4,3,3,5,5,2,1,3,1,3,0,4,4,6,2,4,11,3,3,1,1,1,1,0,0
107812,4,1,4,0,5,1,0,1,3,1,2,3,0,5,5,2,0,2,3,3,3,6,3,0,16,0,3,0,0,0,0,0,0
107813,0,2,1,5,2,4,0,5,4,5,2,5,4,5,0,5,2,4,0,5,5,8,3,3,24,0,5,1,1,0,1,1,1
107814,4,3,3,3,3,4,5,0,2,5,4,1,2,3,0,2,0,2,2,2,5,10,2,4,20,4,8,1,1,1,1,1,0
107815,2,5,5,0,5,1,4,3,5,5,5,1,4,3,1,5,1,4,1,2,0,5,1,0,15,4,9,1,1,1,1,1,1
107816,5,4,4,0,1,5,2,5,4,2,3,3,3,3,4,2,2,5,2,5,4,6,0,1,4,2,9,0,1,0,1,1,1
107817,3,0,0,1,5,5,1,1,1,1,3,4,3,2,0,4,2,2,4,5,0,9,0,2,27,4,2,0,1,1,0,0,0
107818,3,3,2,2,5,2,2,1,5,3,2,4,3,1,4,3,2,4,3,1,0,8,0,0,7,3,6,0,1,0,1,0,0
107819,4,0,0,2,2,3,4,4,1,0,2,3,2,4,2,2,0,2,1,4,1,4,1,2,27,4,9,1,0,1,0,0,1
107820,4,2,3,2,2,5,1,2,4,4,3,2,2,2,4,4,0,2,5,1,4,7,0,4,28,3,6,0,1,0,1,1,0
107821,0,5,1,5,0,1,0,3,5,5,1,3,5,5,1,1,4,4,1,0,5,1,2,2,24,4,5,1,0,0,0,1,1
107822,3,5,5,5,0,5,2,0,2,1,3,1,5,1,4,0,0,5,1,1,0,4,2,4,4,1,9,0,1,1,1,0,1
107823,0,0,1,4,5,1,3,4,1,1,2,0,3,1,0,4,2,1,3,0,5,0,0,0,21,5,8,0,0,1,0,0,0
107824,2,0,5,3,2,5,3,3,5,1,2,1,0,1,4,1,1,2,0,1,1,3,1,3,17,0,6,1,1,1,0,0,0
107825,4,4,2,5,4,1,1,3,4,4,5,2,0,3,0,4,0,2,5,1,1,5,0,4,19,6,10,1,1,0,1,1,1
107826,5,2,5,1,1,4,5,4,2,1,0,4,5,3,2,4,0,2,0,2,2,7,0,2,26,4,6,1,1,1,0,0,1
107827,1,2,1,3,1,3,3,2,5,4,4,5,1,3,4,4,0,1,2,5,0,4,2,1,21,2,6,0,0,0,0,0,0
107828,2,5,1,3,4,2,4,4,0,5,0,5,4,1,0,5,1,0,4,1,2,7,2,1,27,5,6,0,1,0,0,1,1
107829,3,5,2,1,3,2,5,2,3,2,2,2,4,2,5,4,4,1,4,2,4,0,0,0,18,5,2,0,1,0,0,0,1
107830,2,5,5,5,1,1,3,5,1,0,4,5,4,3,5,5,0,4,5,5,3,3,1,2,9,0,2,1,1,0,0,1,1
107831,1,4,4,1,0,4,3,3,1,5,5,5,1,3,4,5,4,5,3,2,4,0,3,3,18,5,8,1,0,1,1,0,1
107832,1,5,4,0,4,5,4,1,2,2,4,4,3,2,1,5,0,1,4,5,5,3,1,3,4,2,1,0,1,1,0,1,0
107833,2,4,3,1,0,3,4,5,3,3,4,0,2,1,4,0,1,2,4,4,3,3,3,4,14,2,0,0,0,1,1,0,0
107834,3,5,4,4,0,1,5,1,1,5,2,3,1,2,1,4,3,1,2,5,1,1,2,1,9,2,2,0,0,1,0,0,0
107835,5,3,3,2,1,4,4,5,3,5,2,1,4,1,3,5,5,5,1,4,1,4,1,2,29,1,2,1,1,1,1,1,1
107836,3,0,4,1,5,2,0,5,4,5,1,5,4,4,0,5,0,2,3,4,4,1,0,3,19,0,6,1,0,0,0,1,1
107837,2,4,5,5,3,5,2,3,0,2,5,1,3,0,3,1,3,0,4,4,3,7,3,3,2,1,0,1,1,1,0,1,0
107838,3,5,5,0,0,1,3,2,0,4,3,2,5,4,1,5,2,4,0,4,1,0,3,3,20,2,2,0,0,1,1,0,1
107839,4,1,3,0,5,3,2,1,4,2,0,1,3,0,3,5,4,0,3,5,4,9,0,3,11,4,0,1,0,1,0,1,1
107840,2,2,2,5,5,2,0,5,2,3,0,5,4,2,1,3,4,5,2,0,1,7,2,4,20,3,10,0,1,0,1,1,1
107841,2,3,3,1,4,5,1,1,1,2,0,3,4,2,1,2,4,3,5,0,0,3,0,1,6,4,7,0,0,0,0,0,0
107842,1,3,4,0,0,0,1,3,5,5,3,2,5,5,2,4,0,3,4,2,4,5,3,0,11,5,1,0,0,0,1,0,1
107843,5,4,5,2,0,3,0,4,2,4,5,4,3,3,5,0,1,2,4,2,1,5,0,4,18,2,0,1,0,1,1,1,1
107844,5,2,4,4,5,4,4,1,0,5,2,3,0,1,2,1,1,5,4,3,0,9,1,0,16,0,8,1,1,1,0,1,0
107845,1,5,5,4,4,2,2,1,1,1,1,3,5,2,4,3,4,1,2,1,5,2,1,4,13,4,5,1,1,0,1,1,1
107846,2,4,4,0,4,3,4,5,3,5,2,1,5,4,4,5,3,2,3,5,0,1,2,0,11,3,7,1,1,0,1,0,1
107847,1,5,5,1,2,1,5,5,1,1,4,2,4,5,3,2,3,0,1,1,1,4,3,3,23,4,10,1,1,1,1,0,0
107848,5,3,4,3,3,2,5,1,5,3,0,2,5,4,5,4,1,3,4,0,2,10,3,4,27,2,10,1,1,1,1,1,1
107849,0,0,5,3,1,5,5,1,3,1,3,2,1,5,0,3,0,3,2,4,3,3,1,1,9,5,4,1,0,0,1,1,0
107850,1,5,1,3,0,2,2,3,0,4,5,2,5,1,3,5,3,5,2,3,2,4,0,3,2,6,2,0,0,0,1,0,0
107851,1,0,5,2,1,1,1,3,2,4,5,5,0,2,5,5,5,3,4,5,1,9,3,4,26,1,5,1,1,0,1,1,1
107852,3,1,2,5,3,3,0,1,2,4,1,2,3,2,5,1,4,3,0,2,2,8,1,3,11,6,8,1,1,1,0,0,1
107853,1,1,4,0,2,2,3,1,0,1,5,3,3,2,2,2,1,4,4,5,4,2,3,3,16,5,8,1,0,0,0,1,0
107854,3,1,2,4,3,4,0,3,0,4,0,3,5,0,0,2,5,2,3,0,3,2,0,3,24,6,5,0,0,1,0,0,1
107855,4,4,2,5,2,0,1,1,0,0,2,1,3,1,2,3,1,5,0,2,2,1,2,1,8,1,3,0,0,0,0,0,0
107856,4,2,4,4,3,5,1,3,4,4,2,5,3,1,2,0,5,0,5,5,4,3,3,1,30,2,3,0,1,1,1,1,0
107857,0,1,3,2,5,4,1,4,1,2,4,0,1,2,2,1,4,2,5,0,2,2,0,0,3,6,1,0,0,0,0,0,0
107858,0,0,4,2,3,5,2,1,2,1,4,4,2,1,0,5,0,5,5,5,3,1,3,3,12,1,5,1,0,0,0,1,1
107859,0,1,0,2,5,2,1,3,0,5,3,3,2,2,5,4,0,3,5,5,3,0,0,1,3,6,8,0,0,0,0,0,0
107860,5,4,5,0,5,2,3,5,5,4,4,2,5,4,3,4,5,1,5,0,4,3,3,3,11,0,6,1,1,1,1,1,1
107861,3,4,2,1,3,2,5,3,5,0,5,1,3,1,2,3,0,4,0,3,1,2,0,3,13,4,4,1,0,0,0,1,0
107862,3,1,4,3,5,5,3,0,4,2,3,4,1,1,5,4,0,2,3,1,3,4,3,4,23,6,1,1,1,1,1,0,0
107863,4,0,1,3,1,0,4,4,1,4,3,2,0,2,5,2,2,3,3,1,1,3,1,4,24,3,3,1,0,0,0,1,0
107864,3,3,3,2,3,3,0,2,3,1,3,3,5,0,1,2,2,4,5,3,2,3,1,1,26,2,7,1,0,0,1,1,0
107865,1,4,3,2,0,1,0,4,2,2,1,2,3,1,1,2,2,4,1,2,0,1,2,0,4,3,2,0,0,0,0,0,1
107866,3,0,0,0,0,3,1,0,5,0,2,2,2,0,4,0,2,3,3,1,0,9,2,3,17,4,2,0,0,0,0,0,0
107867,4,4,2,5,0,5,5,4,3,0,3,1,1,0,5,1,1,4,1,5,1,2,3,3,10,2,6,1,1,1,1,1,1
107868,0,1,3,5,0,4,1,4,0,1,0,5,1,4,4,5,0,4,2,4,5,9,1,1,25,1,5,1,0,0,0,1,1
107869,3,1,5,1,2,0,5,0,0,4,2,5,3,0,4,4,2,3,1,1,4,8,1,3,5,4,4,0,0,0,1,0,1
107870,2,3,5,1,4,2,4,2,4,3,1,0,3,0,0,2,1,5,3,4,3,1,1,0,27,1,5,0,1,1,1,1,0
107871,0,0,2,3,5,0,4,2,4,1,3,0,3,1,1,0,2,2,0,5,4,5,2,0,24,1,5,0,0,1,0,0,0
107872,1,1,3,0,5,2,1,3,4,1,2,4,3,3,2,1,4,5,3,2,1,4,0,3,11,4,0,1,0,0,1,0,1
107873,2,0,1,0,1,1,0,3,1,4,0,2,5,1,3,3,0,4,3,3,5,5,2,0,18,0,7,0,0,0,0,0,0
107874,2,1,5,5,2,4,1,4,4,3,3,1,1,1,0,5,1,0,4,5,4,3,2,2,10,4,4,0,1,1,0,1,1
107875,1,4,5,1,2,3,5,5,1,5,2,1,3,4,0,2,5,2,0,2,2,6,1,1,30,1,1,1,1,1,1,1,0
107876,3,1,5,3,0,1,2,4,3,5,3,5,4,1,2,1,3,1,2,0,3,10,3,2,5,2,6,1,0,0,1,1,0
107877,2,0,2,5,0,5,2,1,1,3,4,1,2,5,4,2,3,1,2,0,2,3,0,0,26,1,9,1,0,0,0,0,0
107878,2,1,2,4,2,4,1,5,0,0,5,4,2,4,4,1,5,5,5,1,2,6,1,2,5,3,1,0,1,1,0,1,1
107879,4,0,4,1,5,3,2,2,4,5,3,2,3,5,4,2,2,4,1,0,5,3,1,4,29,3,1,1,0,1,0,1,1
107880,0,3,4,0,2,2,2,5,4,0,3,2,4,4,1,2,0,1,5,4,3,9,3,4,17,3,1,0,0,1,1,1,1
107881,2,5,1,4,2,1,4,2,4,4,1,2,2,1,1,1,5,3,1,5,3,3,2,2,29,3,5,0,0,1,1,1,1
107882,0,1,3,2,5,3,4,1,3,1,4,0,0,3,5,2,0,4,4,3,1,4,1,3,5,6,10,0,0,1,0,1,0
107883,5,4,3,5,2,4,2,4,3,4,2,0,0,4,0,3,4,0,4,5,4,3,1,0,2,2,1,1,0,1,1,1,0
107884,1,2,2,3,4,5,2,4,4,4,5,1,0,5,4,5,1,3,0,3,5,6,2,1,23,4,6,1,1,1,1,1,1
107885,4,0,2,0,5,4,2,0,3,4,4,1,5,0,0,4,4,3,3,5,4,10,2,2,24,4,3,1,1,1,1,1,0
107886,1,4,1,1,0,0,1,0,5,1,1,0,0,5,1,5,0,5,1,3,2,1,0,2,15,2,9,0,0,0,0,0,0
107887,1,1,2,4,3,5,0,4,4,3,5,1,3,4,1,3,1,2,0,2,5,3,3,1,26,2,7,0,0,1,1,1,1
107888,3,3,1,4,2,1,1,0,3,1,2,4,1,5,2,1,0,1,5,5,3,1,2,0,27,0,5,0,0,0,0,0,0
107889,4,3,1,4,0,0,0,2,3,5,3,0,3,1,0,0,3,2,4,4,2,6,1,1,19,4,10,0,0,1,1,0,0
107890,1,3,1,1,0,3,0,2,5,0,4,3,4,0,3,1,2,4,4,2,0,6,1,1,21,6,1,0,0,1,0,0,0
107891,1,0,2,1,3,2,1,2,3,5,3,3,0,3,2,2,1,0,3,2,3,7,2,0,4,1,1,0,0,0,0,0,0
107892,5,1,3,1,3,0,5,2,0,0,3,1,2,0,3,2,3,2,1,0,5,6,3,1,12,1,6,0,1,0,0,0,0
107893,1,4,2,4,3,1,1,5,5,1,4,1,2,1,4,3,0,0,3,2,5,8,3,2,19,3,4,1,1,1,1,1,0
107894,1,5,0,0,4,1,4,3,0,4,5,2,4,5,3,2,4,1,3,4,4,9,0,0,8,6,0,0,0,0,1,1,0
107895,4,0,4,4,4,2,0,5,1,5,0,1,3,5,3,1,0,0,3,1,1,0,2,0,16,6,4,0,0,0,0,0,0
107896,0,2,2,1,0,4,2,2,1,4,3,1,4,3,2,4,0,2,0,3,0,7,0,4,12,2,1,0,0,1,0,0,0
107897,5,5,3,2,0,4,3,2,0,2,3,2,3,3,3,3,1,4,2,4,4,8,1,2,29,4,9,1,1,1,1,1,1
107898,5,1,3,1,2,0,3,3,1,1,5,3,1,3,5,0,3,3,4,3,2,2,3,3,15,2,3,1,0,0,0,1,1
107899,5,2,3,2,3,1,4,1,1,3,3,3,3,4,0,3,5,0,2,1,2,0,0,1,18,4,7,1,0,0,1,1,0
107900,1,5,2,4,5,3,1,5,3,2,0,1,5,3,0,0,4,0,2,1,1,5,1,0,24,4,6,1,1,1,0,1,0
107901,0,5,4,1,5,4,4,5,5,1,4,1,2,3,4,4,2,2,5,3,0,5,0,4,29,6,6,1,1,1,1,1,1
107902,2,3,5,3,4,0,2,1,1,3,4,4,4,4,3,1,3,1,2,4,2,0,1,0,11,4,0,0,1,0,1,0,0
107903,2,4,5,0,1,2,2,0,2,2,5,4,3,4,3,3,4,0,2,5,2,3,2,4,2,0,10,1,1,0,1,0,1
107904,5,3,2,1,3,0,1,2,4,5,1,4,0,3,0,0,2,5,0,0,2,7,0,4,6,0,4,0,0,0,0,0,0
107905,3,1,2,4,0,2,5,1,4,0,0,4,0,4,2,5,4,2,2,1,0,1,3,0,21,3,1,0,1,0,0,1,0
107906,5,5,0,3,2,2,4,0,5,4,0,1,3,0,3,0,2,3,0,1,4,1,1,0,19,1,6,0,1,1,0,1,0
107907,4,0,2,3,0,1,2,4,3,4,2,3,1,0,4,3,2,2,5,3,3,2,0,0,24,3,5,0,0,0,1,0,0
107908,4,0,5,1,5,5,4,1,4,4,0,1,2,0,1,3,4,4,5,0,3,4,3,3,13,5,5,1,1,1,1,0,1
107909,0,3,1,1,2,4,5,2,5,4,4,3,2,4,3,0,4,2,3,1,0,4,0,1,27,1,5,1,0,1,1,1,0
107910,0,5,5,2,4,3,1,5,2,5,3,3,2,1,0,5,1,2,4,4,2,0,2,3,13,3,6,1,1,0,1,1,0
107911,0,4,4,0,0,4,1,2,5,1,1,4,4,4,4,2,0,5,3,4,2,3,1,2,19,6,3,0,0,0,0,0,0
107912,3,4,3,5,5,1,4,0,5,2,1,5,2,5,0,4,1,3,1,4,1,7,0,4,12,6,10,1,1,0,1,1,1
107913,1,2,3,1,3,5,1,1,0,5,2,2,0,4,3,2,5,4,1,0,5,5,1,4,15,5,5,0,1,1,0,0,1
107914,5,2,4,4,0,2,0,1,4,0,0,0,2,2,5,1,0,0,0,3,5,7,1,4,16,5,10,1,1,0,0,1,0
107915,0,2,0,0,2,2,3,3,3,4,2,0,5,0,2,1,4,1,4,4,5,5,1,1,17,1,5,0,0,1,1,0,0
107916,5,1,0,3,1,3,1,2,4,4,3,2,2,5,0,0,2,0,3,1,1,1,1,3,15,6,9,1,0,1,1,0,0
107917,4,2,1,1,0,3,3,0,3,3,2,2,4,2,3,2,5,0,1,4,1,2,0,1,25,1,7,0,0,0,1,0,0
107918,0,0,4,1,0,3,0,1,1,0,2,3,2,3,2,3,3,5,5,0,0,1,0,3,28,4,6,0,0,1,0,0,1
107919,0,1,2,2,4,4,2,2,2,3,4,2,1,4,3,3,4,4,0,5,3,7,3,4,8,3,9,1,1,0,1,1,1
107920,2,5,1,0,5,1,1,3,4,2,2,1,3,5,2,1,3,1,2,1,1,3,1,2,9,2,3,0,0,0,0,0,0
107921,2,4,0,0,3,4,3,2,5,0,0,4,2,3,2,2,2,1,0,5,5,5,3,3,10,3,1,1,1,0,0,0,1
107922,1,0,2,4,4,1,1,5,0,4,3,1,4,5,0,3,0,2,3,2,1,10,0,0,11,4,6,0,0,0,0,1,1
107923,3,1,2,2,0,1,1,2,1,4,1,0,4,4,2,1,1,1,2,4,5,1,2,3,23,5,2,0,0,0,1,0,0
107924,0,1,1,3,1,2,5,4,1,3,5,2,0,2,5,4,5,5,5,2,2,9,2,3,11,3,7,0,0,1,1,1,1
107925,0,1,0,3,0,3,5,3,3,0,0,3,0,2,5,1,2,2,3,1,5,6,2,3,24,4,3,0,1,0,0,1,0
107926,4,4,4,3,5,3,1,2,0,2,4,1,0,3,0,5,2,3,2,4,4,5,0,1,28,5,4,1,1,1,0,1,0
107927,5,5,4,3,4,0,3,0,5,3,2,0,4,4,1,1,5,4,2,4,4,7,0,4,5,5,6,1,1,1,1,1,1
107928,1,4,1,5,5,4,2,4,4,3,2,3,2,4,5,1,0,0,4,5,2,8,1,2,2,1,5,1,0,1,1,1,0
107929,5,2,2,3,5,3,1,5,5,3,5,1,2,4,4,5,3,3,4,1,4,7,2,1,14,1,7,1,1,0,1,1,1
107930,2,0,1,2,1,3,0,5,0,1,4,5,2,0,0,0,3,2,2,4,2,0,0,3,3,0,5,0,0,0,0,0,0
107931,2,0,2,1,3,4,5,4,1,4,1,2,0,2,2,0,4,4,5,2,5,9,0,1,28,4,9,0,0,1,0,1,0
107932,0,4,0,4,3,4,0,1,2,0,5,5,3,0,2,1,0,2,0,2,4,1,3,3,27,3,8,0,0,0,1,0,0
107933,2,4,5,2,4,2,2,2,4,5,1,0,0,0,5,1,4,0,5,1,3,5,0,3,20,1,1,1,1,0,0,1,0
107934,2,3,4,3,4,2,1,4,3,2,2,2,3,4,4,3,5,2,5,0,3,8,3,3,8,2,1,1,1,1,1,1,1
107935,3,3,5,4,2,1,4,4,2,4,4,2,0,5,4,5,3,5,2,3,0,8,3,0,13,1,6,1,1,1,0,1,1
107936,0,5,1,1,0,3,0,3,1,0,0,1,1,5,0,0,3,5,5,5,4,9,0,3,19,3,9,0,0,1,1,1,1
107937,1,4,5,1,5,1,3,0,1,4,2,2,5,5,4,3,3,1,2,3,4,6,0,1,24,1,3,0,0,0,0,1,1
107938,2,0,3,0,4,3,2,4,2,5,0,2,3,1,4,1,1,3,0,4,2,1,2,4,13,2,4,1,1,1,0,0,0
107939,0,2,1,0,5,2,3,3,4,5,3,0,5,0,2,4,5,3,2,4,2,4,1,1,11,0,2,0,0,0,1,0,1
107940,0,0,1,3,1,1,1,0,5,2,3,1,2,2,2,1,2,4,3,1,2,8,3,4,7,1,6,0,0,0,1,0,0
107941,3,2,4,3,0,2,0,3,2,2,3,1,4,2,1,1,4,1,2,5,3,9,1,0,10,1,5,0,0,1,1,0,1
107942,5,3,4,1,5,5,1,4,5,5,5,3,2,5,2,0,0,2,4,5,3,0,3,1,27,6,0,1,1,1,1,1,1
107943,3,1,4,1,4,3,3,5,1,3,4,1,3,1,2,0,0,5,5,4,5,4,2,3,18,4,4,1,1,1,0,1,0
107944,0,0,1,4,5,2,3,4,5,5,0,0,3,1,1,5,2,4,5,0,5,3,0,2,16,5,4,0,1,1,0,1,1
107945,5,2,3,0,2,2,5,1,0,1,1,4,0,5,5,2,0,0,3,0,1,9,1,0,16,0,7,1,0,0,0,0,0
107946,3,3,5,4,5,3,5,4,4,2,2,1,3,5,1,5,3,2,4,2,0,8,2,0,18,6,5,1,1,1,1,1,1
107947,4,4,0,5,1,0,4,4,5,1,2,0,0,4,1,5,3,0,1,5,3,7,1,4,29,0,5,1,1,1,1,1,1
107948,1,0,1,2,4,3,0,1,1,2,1,1,3,0,4,3,0,4,4,2,5,5,2,1,2,3,7,0,1,0,0,0,0
107949,3,1,0,2,2,0,4,4,4,5,3,3,0,3,0,3,3,2,3,5,1,0,2,1,24,6,3,0,0,0,0,1,0
107950,0,4,0,3,0,5,4,0,0,5,3,1,4,1,0,5,4,4,4,1,3,8,1,2,18,2,5,0,0,0,1,1,0
107951,3,4,5,0,4,3,4,4,5,3,2,5,3,0,3,4,1,5,2,4,0,7,3,1,20,0,3,1,1,1,1,1,1
107952,1,5,1,3,2,0,3,4,2,0,5,4,2,0,1,1,1,2,2,0,5,3,3,1,5,4,6,1,0,0,0,0,0
107953,5,4,1,2,0,2,4,5,2,2,2,1,5,1,4,5,4,5,4,2,0,3,3,3,26,2,5,0,1,1,1,1,1
107954,0,5,0,2,4,5,3,3,5,2,4,5,5,0,1,5,0,2,0,0,1,7,0,2,28,0,7,0,1,1,1,0,0
107955,3,3,5,0,4,5,3,0,5,4,4,4,1,0,0,0,3,1,1,0,1,0,0,4,25,5,8,1,1,1,1,0,0
107956,0,5,2,5,1,0,4,5,1,1,5,4,5,1,1,4,1,4,5,3,2,8,3,2,15,3,6,0,1,1,1,1,1
107957,4,2,4,2,5,1,0,2,5,3,3,0,2,2,2,0,4,0,2,1,4,6,3,3,12,0,4,1,1,1,0,0,0
107958,2,5,1,0,4,0,3,2,1,4,2,1,2,3,1,1,0,3,5,5,0,2,0,4,29,6,8,0,0,1,1,1,0
107959,5,2,3,4,0,2,0,5,4,3,0,3,5,5,3,3,4,0,3,5,0,5,3,3,21,2,7,0,0,0,1,1,1
107960,3,2,5,5,2,5,5,1,4,5,3,2,5,1,0,4,5,3,0,5,0,2,0,0,12,5,8,1,1,1,1,1,0
107961,2,4,4,3,5,4,5,3,3,1,3,5,5,4,3,1,3,1,3,4,0,3,3,1,27,6,6,1,1,1,1,1,1
107962,0,2,3,0,1,1,0,4,3,3,5,3,2,5,1,3,2,5,4,2,2,0,2,3,15,6,5,0,0,0,1,0,1
107963,3,0,1,5,5,1,5,3,2,2,3,0,3,4,3,0,4,1,4,1,1,9,3,4,29,3,8,1,1,1,0,1,1
107964,2,5,1,1,3,3,2,4,2,2,4,5,5,2,3,2,5,1,0,4,0,4,3,2,2,1,8,0,0,0,0,0,1
107965,0,2,3,1,4,3,4,4,3,2,5,5,0,1,0,1,3,4,3,4,4,7,0,4,16,5,10,1,1,1,0,1,1
107966,3,5,2,4,4,2,3,3,5,3,5,4,5,3,3,5,3,3,4,1,3,0,2,1,2,0,4,1,1,0,0,1,1
107967,1,2,0,1,3,2,0,0,2,3,1,4,5,4,5,4,3,3,0,1,0,9,1,3,22,0,3,0,1,0,1,0,0
107968,1,5,1,0,3,5,5,4,3,3,1,0,2,3,5,2,0,1,1,4,3,5,3,3,21,5,9,0,1,1,1,1,1
107969,0,3,2,4,3,3,3,4,4,5,4,4,0,2,4,2,0,1,5,4,2,1,3,0,15,1,1,0,0,0,0,1,0
107970,2,4,1,1,3,4,2,1,5,3,0,3,2,0,3,5,1,1,5,2,5,3,2,4,2,5,2,0,1,1,0,0,1
107971,1,4,3,5,4,5,3,4,5,3,4,0,0,4,4,5,0,4,1,0,4,4,1,3,23,2,9,1,1,1,1,1,1
107972,0,1,1,0,2,2,5,1,2,5,0,1,4,4,2,4,3,3,4,3,5,10,2,3,29,2,1,0,0,1,1,0,1
107973,2,4,1,5,2,4,3,1,5,1,2,3,2,3,1,3,2,1,3,0,3,9,2,2,24,3,0,1,0,1,0,1,1
107974,1,5,0,4,4,4,3,0,2,1,5,2,2,0,0,2,0,0,4,0,1,9,0,3,30,3,4,0,1,1,0,1,0
107975,0,3,3,1,4,1,5,3,0,0,0,3,3,2,2,3,3,3,3,5,2,2,2,4,14,1,6,1,1,0,0,0,0
107976,2,5,1,3,3,1,4,1,0,1,0,5,3,4,4,4,3,0,1,4,5,6,0,1,8,2,0,0,0,0,0,1,0
107977,0,5,3,5,2,0,0,4,1,0,4,3,0,5,5,0,1,5,0,4,4,0,0,4,2,3,0,0,0,0,0,0,0
107978,5,3,5,0,3,3,4,3,2,1,4,5,2,2,2,0,5,1,1,3,0,9,2,4,25,4,8,1,1,1,1,1,1
107979,2,2,5,4,3,4,5,2,2,3,4,0,0,5,4,2,1,2,1,4,1,0,3,1,30,3,9,1,1,1,0,1,0
107980,5,5,4,2,2,4,4,1,1,4,2,1,3,0,4,3,1,3,3,3,4,10,0,0,26,6,7,1,1,1,0,1,1
107981,5,1,4,5,1,2,0,5,1,3,4,5,1,0,1,1,5,1,2,5,2,2,2,2,4,6,2,0,0,0,0,1,0
107982,5,3,5,1,3,4,3,5,0,5,4,4,2,4,1,0,5,5,0,1,3,6,3,3,5,4,10,1,1,1,1,1,1
107983,3,4,4,4,2,0,0,2,5,5,2,2,1,5,3,3,2,3,5,2,2,9,3,3,4,4,8,1,0,0,1,1,1
107984,2,5,1,5,0,3,4,1,1,1,4,1,4,0,3,1,5,4,1,2,2,3,1,4,25,3,4,0,1,0,0,1,1
107985,4,1,3,2,5,2,5,4,3,1,1,4,1,0,0,0,3,0,2,2,2,3,3,3,19,3,4,1,0,1,1,1,0
107986,0,0,5,0,4,4,0,4,2,2,2,0,3,5,4,2,1,3,5,0,4,9,1,3,27,5,2,0,0,1,1,1,1
107987,5,2,4,2,0,5,0,2,2,5,4,0,3,5,2,5,2,4,3,5,2,7,0,4,27,2,5,1,0,1,1,1,1
107988,1,5,2,3,1,3,5,3,1,5,0,5,4,2,2,0,2,2,2,2,2,2,0,1,12,5,1,0,1,1,0,1,0
107989,0,3,1,3,3,3,4,4,0,1,2,4,0,0,2,2,0,4,0,3,5,0,2,3,29,2,8,0,1,1,0,0,0
107990,1,0,0,2,5,5,4,1,0,0,3,4,4,2,2,5,1,0,2,1,3,3,1,2,22,0,4,1,0,0,0,1,0
107991,1,0,2,5,2,2,1,5,4,4,3,2,3,4,4,0,3,3,5,0,4,2,0,3,29,1,10,1,0,0,0,1,0
107992,0,2,4,3,4,0,3,3,2,5,5,1,4,1,0,5,1,4,5,4,4,7,0,4,9,5,0,1,0,1,1,0,0
107993,4,2,3,3,0,3,4,0,5,5,3,2,4,1,5,4,3,3,2,2,1,4,2,0,17,2,9,0,0,1,1,1,0
107994,0,0,0,5,3,2,0,5,0,5,0,4,3,2,1,0,0,0,4,0,1,0,3,0,18,6,10,0,0,0,0,0,0
107995,5,2,5,5,4,3,1,5,5,1,5,1,4,2,5,2,1,2,1,3,3,7,1,1,26,5,9,1,1,1,1,1,1
107996,2,2,2,2,5,4,1,5,0,4,1,0,1,4,0,0,1,4,2,0,0,1,0,1,18,0,5,1,1,0,1,0,0
107997,4,1,2,1,1,3,3,4,4,4,3,2,2,2,2,2,3,0,3,5,1,1,2,0,11,5,8,1,0,0,1,1,0
107998,2,1,4,4,4,1,1,1,5,2,5,3,2,3,2,5,4,2,4,4,4,6,1,1,5,4,3,0,1,0,1,1,1
107999,0,3,2,3,0,3,2,3,0,0,3,2,2,2,1,5,2,4,2,4,1,3,2,4,28,4,6,0,1,0,0,0,1
108000,1,5,3,2,0,2,1,3,2,3,0,5,3,3,0,0,5,2,1,3,1,1,3,3,28,0,5,1,0,1,0,0,0
